PREFIXO: ;A7-001
NOME DO POSTO: ;POPULINA
MUNICÍPIO: ;POPULINA
CURSO D'ÁGUA: ;GRANDE,R
LATITUDE: ;19°56'00"
LONGITUDE: ;50°32'00"
 
Obs: valores com --- representam dados inexistentes.
 
Dados de chuva (mm)
 
Mês/Ano;1;2;3;4;5;6;7;8;9;10;11;12;13;14;15;16;17;18;19;20;21;22;23;24;25;26;27;28;29;30;31;Chuva máxima;Chuva total
  03/1959;---;---;---;---;---;  1,2;  0,0; 26,5;  0,4;  1,7; 10,4;  3,2; 28,6;  0,1;  7,7;  9,3; 56,0; 18,9;  2,5;  2,8;  7,1;  0,0;  5,9;  0,0;  0,0;  0,0;  0,0;  0,0;9,2;0,0;0,0;---;---
  04/1959;  0,0;  0,0;  0,0;  0,0;  6,2;  0,0;  0,0;  0,0;  0,0;  0,0;  0,0; 10,6;  0,0;  0,0;  0,0;  0,0;  0,0;  0,0;  0,0;  0,0;  0,0; 15,7;  0,0;  0,0; 10,5;  0,0;  0,0;  0,0;0,0;0,0;---;15,7;43,0
  05/1959;  0,0;  0,0;  0,0;  0,0;  0,0;  0,0;  0,0;  0,0;  0,0;  0,0;  0,0;  0,0;  0,0;  0,0;  0,0;  0,0;  0,0; 16,3;  3,6; 17,3;  0,0;  0,0;  0,0;  0,0;  0,0;  0,0;  0,0;  0,0;0,0;0,0;0,0;17,3;37,2
  06/1959;  0,0;  0,0;  0,0;  0,0; 12,4;  0,0;  0,0;  0,0;  0,0;  0,0;  0,0;  0,0;  0,0;  0,0;  0,0;  0,0;  0,0;  0,0;  0,0;  0,0;  0,0;  0,0;  0,0;  0,0;  0,0;  0,0;  0,0;  0,0;0,0;0,0;---;12,4;12,4
  07/1959;  0,0;  0,0;  0,0;  0,0;  0,0;  0,0;  0,0;  0,0;  0,0;  0,0;  0,0;  0,0;  0,0;  0,0;  0,0;  0,0;  0,0;  0,0;  0,0;  0,0;  0,0;  0,0;  0,0;  0,0;  0,0;  0,0;  0,0;  0,0;0,0;0,0;0,0;0,0;0,0
  08/1959;  0,0;  0,0;  0,0;  0,0;  0,0;  0,0;  0,0; 17,6;  0,3;  0,0;  0,0;  2,9;  6,3;  0,0;  0,0;  0,0;  0,0;  0,0;  0,0;  0,0;  0,0;  0,0;  0,0;  0,0;  0,0;  0,0;  0,0;  0,0;0,0;0,0;0,0;17,6;27,1
  09/1959;  0,0;  0,0;  0,0;  0,0;  0,0;  0,0;  0,0;  0,0;  0,0;  0,0;  0,0;  0,0;  0,0;  0,0;  0,0;  0,0;  0,0;  0,0;  0,0;  0,0;  0,0;  0,0;  0,0;  0,0;  0,0; 10,0;  0,0;  0,0;0,0;0,0;---;10,0;10,0
  10/1959;  0,0;  0,0;  0,0;  0,0;  0,0;  0,0;  0,0;  0,0;  0,0;  0,0;  0,0;  5,8; 22,2;  7,4; 10,7;  0,0;  0,0;  0,0;  0,0;  0,0;  4,5; 11,1;  0,0;  0,0;  0,0;  0,0;  0,0; 16,6;0,0;0,0;0,0;22,2;78,3
  11/1959;  0,0;  0,0;  0,0;  0,0;  0,0;  0,0; 28,4;  0,0;  1,5; 41,6;  8,1;  0,0;  0,0;  0,0;  0,0;  0,0;  0,0;  0,0; 17,1;  0,0;  0,0; 17,1;  0,0;  6,4;  7,0;  0,0;  0,0;  0,0;0,0;0,0;---;41,6;127,2
  12/1959;  0,0;  0,0; 29,7;  0,0;  0,0;  8,2; 13,2; 25,2; 23,3;  0,0;  0,0;  0,0;  0,0;  0,0;  0,0;  0,0;  0,0;  0,0; 15,5; 11,2;  1,0;  8,2; 36,0;  0,0;  0,0;  0,0;  0,0;  0,0;0,0;0,0;0,0;36,0;171,5
  01/1960;  0,0;  0,0;  0,0; 10,0; 26,3;  0,0;  6,0; 20,0;  5,0;  8,0;  0,0; 17,6;  0,0; 16,1;  0,0;  0,0;  0,0; 16,0; 40,3;  8,0; 10,2; 14,2; 10,3; 16,0;  4,0;  0,0;  0,0;  0,0;0,0;0,0;7,4;40,3;235,4
  08/1960;---;---;---;---;---;---;---;---;---;---;---;---;---;---;---;---;---;  0,0;  0,0;  0,0;  0,0;  0,0;  0,0;  0,0;  0,0;  0,0;  0,0;  0,0;0,0;0,0;0,0;---;---
  09/1960;  0,8;  0,0;  0,0;  0,0;  0,0;  0,0;  0,0;  0,0;  0,0;  0,0;  0,0;  0,0;  0,0;  0,0;  0,0;  0,0;  0,0;  0,0;  0,0;  0,0;  0,0;  0,0;  0,0;  0,0;  0,0;  0,0;  0,0;  0,0;15,7;0,0;---;15,7;16,5
  10/1960; 15,5; 23,0; 23,0;  0,0;  0,0;  0,0;  7,2;  0,0; 13,4;  0,0;  0,0;  0,0;  0,0;  0,0;  0,0;  0,0;  6,2;  0,0;  0,0;  0,0;  0,0; 14,9;  0,0;  0,0; 18,7;  6,9;  0,0;  0,0;0,0;32,6;4,3;32,6;165,7
  11/1960;  1,5;  0,0;  0,0;  0,0; 10,0; 17,0;  0,0; 10,0; 12,0; 20,7;  0,0;  0,0;  0,0;  7,4;  0,0;  0,0;  0,0;  0,0;  0,0;  0,0;  0,0;  0,0;  0,0;  2,0;  0,0;  8,0; 10,0;  0,0;0,0;0,0;---;20,7;98,6
  12/1960;  0,0;  0,0;  0,0;  0,0;  0,0;  0,0;  0,0;  0,0;  0,0;  0,0; 31,1;  0,0;  0,0;  0,0;  0,0;  0,0; 21,0; 15,5;  0,0;  0,0; 31,8;  6,0;  0,0; 15,0;  0,0;  0,0;  0,0;  0,0;0,0;17,0;10,0;31,8;147,4
  01/1961; 10,0; 41,6; 10,0; 18,5;  0,0; 47,0; 10,8; 20,1;  0,0; 12,5; 39,2;  0,0;  0,0;  0,0;  0,0;  0,0;  0,0;  0,0;  0,0;  0,0; 10,0;  0,0;  0,0;  0,0;  0,0;  0,0;  0,0;  0,0;0,0;20,1;0,0;47,0;239,8
  02/1961;  0,0;  0,0;  0,0; 10,1;  0,0;  0,0; 10,0;  0,0; 19,1;  0,0;  0,0; 12,3;  5,1;  0,0;  5,0;  0,0;  0,0;  0,0; 36,5;  0,0;  0,0;  5,0; 16,0;  0,0;  0,0;  0,0; 10,0;  8,9;---;---;---;36,5;138,0
  03/1961;  0,0;  5,0;  0,0; 28,7; 23,0; 27,0; 28,0;  0,0;  0,0;  0,0;  0,0; 47,5; 18,0; 29,8;  0,0;  0,0; 25,5;  0,0;  0,0;  0,0;  0,0;  0,0;  0,0;  0,0;  0,0;  0,0;  0,0;  0,0;0,0;0,0;0,0;47,5;232,5
  04/1961;  0,0;  0,0;  8,0; 12,0; 56,5;  0,0; 44,1;  0,0;  0,0; 53,0;  0,0;  0,0;  0,0;  0,0;  0,0;  0,0;  0,0;  0,0;  0,0;  0,0;  0,0;  0,0;  0,0;  0,0;  0,0;  0,0;  0,0;  0,0;0,0;0,0;---;56,5;173,6
  05/1961;  3,0;  0,0;  0,0;  0,0; 10,0;  0,0;  0,0;  0,0;  0,0;  8,0;  0,0;  0,0;  0,0;  0,0;  0,0;  0,0;  0,0;  0,0;  0,0;  0,0;  0,0;  0,0;  0,0;  0,0;  0,0;  0,0;  0,0;  0,0;0,0;0,0;0,0;10,0;21,0
  06/1961;  0,0;  0,0;  0,0;  0,0;  0,0;  0,0;  0,0;  0,0;  0,0;  0,0;  0,0;  0,0;  0,0;  0,0;  0,0;  0,0;  0,0;  0,0;  0,0;  0,0;  0,0;  0,0;  0,0;  0,0;  0,0;  0,0;  0,0;  0,0;0,0;0,0;---;0,0;0,0
  07/1961;  0,0;  0,0;  0,0;  0,0;  0,0;  0,0;  0,0;  0,0;  0,0;  0,0;  0,0;  0,0;  0,0;  0,0;  0,0;  0,0;  0,0;  0,0;  0,0;  0,0;  0,0;  0,0;  0,0;  0,0;  0,0;  0,0;  0,0;  0,0;0,0;0,0;0,0;0,0;0,0
  08/1961;  0,0;  0,0;  0,0;  0,0;  0,0;  0,0;  0,0;  0,0;  0,0;  0,0;  0,0;  0,0;  0,0;  0,0;  0,0;  0,0;  0,0;  0,0;  0,0;  0,0;  0,0;  0,0;  0,0;  0,0; 13,5;  0,0;  0,0;  0,0;0,0;0,0;0,0;13,5;13,5
  09/1961;  0,0;  0,0;  0,0;  0,0;  0,0;  0,0;  0,0;  0,0;  0,0;  0,0;  0,0;  0,0;  0,0;  0,0;  0,0;  0,0;  0,0;  0,0;  0,0;  0,0;  0,0;  0,0;  0,0;  0,0;  0,0;  0,0;  0,0;  0,0;9,2;0,0;---;9,2;9,2
  10/1961;  0,0;  0,0;  0,0;  0,0;  0,0;  0,0;  0,0;  0,0;  0,0;  0,5;  0,0;  0,0;  0,0;  0,0;  0,0; 12,2;  0,0;  0,0;  0,0;  0,0;  0,0;  0,0;  0,0;  0,0;  0,0;  0,0;  0,0;  5,8;10,2;5,2;5,3;12,2;39,2
  11/1961; 21,3;  3,2; 10,2;  0,0;  0,0;  0,0;  0,0;  0,0;  0,0;  0,5; 10,0;  8,5; 18,5;  0,0;  0,0;  0,0;  0,0;  0,0; 10,5;  0,0;  0,0;  8,0; 11,2;  0,0;  0,0;  0,0;  0,0;  0,0;0,0;0,0;---;21,3;101,9
  12/1961;  0,0; 10,4;  0,0; 15,2;  0,0;  0,0;  0,0; 25,3;  0,0;  0,0;  0,0; 33,1;  0,0;  0,0;  0,0;  0,0;  0,0;  5,0; 10,1; 15,3;  0,0;  0,0;  0,0; 25,8; 15,3;  0,0;  0,0;  0,0;9,4;0,0;15,5;33,1;180,4
  01/1962; 29,9; 15,2;  0,0;  0,0; 30,4; 15,0;  0,0;  0,0;  0,0; 21,5;  0,0;  0,0;  0,0; 15,2;  0,0;  0,0;  0,0;  0,0;  0,5; 21,3;  0,0;  0,0;  0,0;  0,0; 25,6;  0,0;  0,0;  0,0;0,0;8,1;10,5;30,4;193,2
  02/1962;  0,0;  0,0; 15,8; 31,0;  0,0;  0,0;  0,0;  0,0;  0,0; 15,2;  0,0; 18,6; 19,5;  0,0;  0,0;  0,0; 21,9;  0,0;  0,0; 30,4;  0,0;  0,0;  0,0;  0,0; 30,6;  0,0; 22,0;  0,0;---;---;---;31,0;205,0
  03/1962; 35,8; 33,6;  0,0;  0,0;  0,0; 15,1; 19,3; 21,2; 20,1;  0,0;  0,0;  0,0; 13,4; 33,2;  0,0;  0,0; 22,5;  0,0;  0,0;  8,0; 10,9; 15,5;  0,0;  0,0;  0,0;  0,0;  0,0;  0,0;0,0;0,0;0,0;35,8;248,6
  04/1962;  0,0;  0,0;  0,0;  0,0;  0,0;  0,0;  0,0;  0,0;  0,0;  0,0;  0,0;  0,0;  0,0;  0,0;  0,0;  0,0;  0,0;  0,0;  0,0;  0,0;  0,0;  0,0;  0,0;  0,0;  0,0;  0,0;  0,0; 18,5;19,0;0,0;---;19,0;37,5
  05/1962;  0,0;  0,0;  0,0;  0,0;  0,0;  0,0;  0,0;  0,0;  0,0;  0,0;  0,0;  0,0;  0,0;  0,0; 15,5;  0,0;  0,0;  0,0;  0,0;  0,0;  0,0;  0,0;  0,0;  0,0;  0,0;  0,0;  0,0;  0,0;10,3;0,0;0,0;15,5;25,8
  06/1962;  0,0; 10,5; 15,7;  0,0; 25,0; 35,7;  0,0; 15,7;  0,0;  0,0;  0,0;  0,0;  0,0;  0,0;  0,0;  0,0;  0,0;  0,0;  0,0;  0,0;  0,0;  0,0;  0,0;  0,0;  0,0;  0,0;  0,0;  0,0;0,0;0,0;---;35,7;102,6
  07/1962;  0,0;  0,0;  0,0;  0,0;  0,0;  0,0;  0,0;  0,0;  0,0;  0,0;  0,0;  0,0;  0,0;  0,0;  0,0;  0,0;  0,0;  0,0;  0,0;  0,0;  0,0;  0,0;  0,0;  0,0;  0,0;  0,0;  0,0;  0,0;0,0;0,0;0,0;0,0;0,0
  08/1962;  0,0;  0,0;  0,0;  0,0;  0,0;  0,0;  0,0;  0,0;  0,0;  1,0;  0,0;  0,0;  0,0;  0,0;  0,8;  3,0;  0,0;  0,0;  0,0;  0,0;  0,0;  0,0;  3,0;  0,0;  0,0;  0,0;  0,0;  0,0;0,0;0,3;0,0;3,0;8,1
  09/1962;  0,0;  0,0;  0,0;  0,0;  0,0;  0,0;  3,5;  0,0;  0,0;  0,0;  0,0;  0,0;  0,0;  0,0;  0,0;  0,0;  0,0;  0,0;  0,0;  0,0;  0,0;  0,0;  8,0;  0,0;  0,0;  0,0;  0,0;  0,0;0,0;0,0;---;8,0;11,5
  10/1962; 12,5;  0,0;  0,0;  0,5; 15,5;  0,0; 47,8; 13,6; 14,8; 51,3;  0,0;  0,0;  0,0;  0,0;  0,0;  0,0; 12,0;  0,0;  0,0;  0,0;  0,0;  0,0; 68,8;  1,5;  8,5;  0,0;  0,0; 18,5;17,6;0,3;0,0;68,8;283,2
  11/1962;  0,0;  0,0;  0,0;  0,0;  0,0;  0,0;  4,0;  0,0;  0,0;  0,0;  0,0;  0,0;  0,0;  0,0;  0,0;  0,0;  0,0;  0,0; 18,5; 14,4;  0,0;  0,0;  0,0;  0,0;  0,0;  0,1; 21,6;  0,0;0,0;2,0;---;21,6;60,6
  12/1962; 36,4; 30,1;  2,5; 35,5; 26,8;  0,0;  0,0;  0,0;  0,0;  0,0; 20,7; 35,5;  0,0;  0,0;  0,0;  0,0;  0,0; 20,5; 21,6; 45,7; 33,5; 43,5;  0,0;  0,0;  0,0; 20,5; 30,3; 34,1;30,8;40,0;35,5;45,7;543,5
  01/1963; 35,6;  0,0;  0,0; 20,0; 40,6; 20,0;  0,0; 15,0; 17,0;  0,0; 75,8;  0,0; 40,5;  0,0; 45,8; 45,5; 12,1;  0,0;  0,0;  0,0;  7,5;  0,0;  0,0; 25,6;  0,0; 35,5;  0,0;  0,0;0,0;20,5;0,0;75,8;457,0
  08/1965;---;---;---;---;---;---;---;---;---;---;---;---;---;---;---;---;---;  0,0;  0,0;  0,0;  0,0;  0,0;  0,0;  0,0;  0,0;  0,0;  0,0;  0,0;0,0;0,0;0,0;---;---
  09/1965;  0,0;  0,0;  0,0;  0,0;  0,0;  0,0;  0,0;  0,0;  0,0;  0,0;  0,0;  0,0;  0,0;  0,0;  0,0;  0,0;  0,0;  0,0;  0,0;  0,0;  0,0;  0,0;  0,0;  0,0;  0,0;  0,0; 24,0; 12,0;12,0;14,0;---;24,0;62,0
  10/1965; 12,5;  0,0;  0,0;  0,0;  0,0; 10,0;  0,0; 20,0; 23,0; 24,0;  0,0;  0,0;  0,0;  0,0;  0,0;  0,0;  0,0; 72,0;  0,0;  0,0;  0,0; 20,0;  0,0;  0,0;  0,0; 15,4;  0,0;  0,0;28,2;11,7;0,0;72,0;236,8
  11/1965;  0,0;  0,0;  0,0;  0,0;  0,0;  0,0;  0,0;  0,0;  0,0; 12,2; 11,0;  0,0; 24,5;  0,0;  0,0; 63,8;  0,0;  0,0; 62,3;  0,0;  0,0; 10,2;  0,0;  0,0;  0,0;  0,0;  0,0;  0,0;0,0;0,0;---;63,8;184,0
  12/1965; 19,2;  0,0;  0,0; 13,9; 21,5;  0,0; 11,7; 39,7;  9,2;  0,0; 28,2; 22,0;  0,0;  0,0;  0,0; 62,0;  0,0;  0,0;  0,0;  0,0;  0,0;  0,0;  0,0; 16,3;  0,0;  0,0; 24,0; 10,4;0,0;24,6;25,9;62,0;328,6
  01/1966;  0,0;  8,0;  0,0;  0,0;  0,0; 44,5; 11,5; 15,0; 17,0; 19,0;  0,0;  0,0;  0,0;  0,0;  0,0;  0,0;  0,0;  0,0;  0,0; 34,0;  0,0;  0,0;  0,0;  0,0;  0,0; 13,0;  0,0;  0,0;0,0;0,0;15,5;44,5;177,5
  02/1966;  0,0;  0,0;  0,0; 10,0; 40,0; 30,0; 50,0; 50,0;  5,0;  9,3; 10,0; 20,0;  0,0;  0,0;  0,0;  0,0;  0,0;  0,0;  0,0;  0,0;  0,0; 34,0;  0,0;  0,0;  0,0;  0,0;  0,0;  0,0;---;---;---;50,0;258,3
  03/1966;  0,0;  0,0;  0,0;  0,0;  0,0; 42,6; 10,0; 23,7;  0,0;  0,0;  0,0;  0,0;  0,0;  0,0;  0,0;  0,0;  0,0;  0,0;  0,0;  0,0;  0,0;  0,0;  0,0;  0,0; 26,0; 26,4;  0,0; 16,0;0,0;0,0;0,0;42,6;144,7
  04/1966;  0,0;  0,0;  0,0;  0,0;  0,0;  0,0;  0,0;  0,0;  0,0;  0,0;  0,0;  0,0;  0,0;  0,0;  0,0;  0,0;  0,0;  0,0;  0,0;  0,0;  0,0;  0,0;  0,0;  0,0;  0,0; 22,1;  0,0;  0,0;0,0;0,0;---;22,1;22,1
  05/1966;  0,0;  0,0;  0,0;  0,0;  0,0;  0,0;  0,0;  0,0;  0,0;  0,0;  0,0;  0,0; 18,1;  0,0;  0,0;  0,0;  0,0;  0,0;  0,0;  0,0;  0,0; 42,4;  0,0;  0,0;  0,0;  0,0;  0,0;  0,0;0,0;0,0;0,0;42,4;60,5
  06/1966;  0,0;  0,0;  0,0;  0,0;  0,0;  0,0;  0,0;  0,0;  0,0;  0,0;  0,0;  0,0;  0,0;  0,0;  0,0;  0,0;  0,0;  0,0;  0,0;  0,0;  0,0;  0,0;  0,0;  0,0;  0,0;  0,0;  0,0;  0,0;0,0;0,0;---;0,0;0,0
  07/1966;  0,0;  0,0;  0,0;  0,0;  0,0;  0,0;  0,0;  0,0;  0,0;  0,0;  0,0;  0,0;  0,0;  0,0;  0,0;  0,0;  0,0;  0,0;  0,0;  0,0;  0,0;  0,0;  0,0;  0,0;  0,0;  0,0;  0,0;  0,0;0,0;0,0;0,0;0,0;0,0
  08/1966; 12,5;  0,0;  0,0;  0,0;  0,0;  0,0;  0,0;  0,0;  0,0;  0,0;  0,0;  0,0;  0,0;  0,0;  0,0;  0,0;  0,0;  0,0;  0,0;  0,0;  0,0;  0,0;  0,0;  0,0;  0,0;  0,0;  0,0;  0,0;0,0;30,5;0,0;30,5;43,0
  09/1966;  0,0; 16,2;  0,0;  0,0;  0,0;  0,0;  0,0;  0,0;  0,0;  0,0;  0,0;  0,0;  0,0;  0,0;  0,0;  0,0;  0,0;  0,0;  0,0;  0,0; 18,3;  0,0;  0,0;  0,0;  0,0;  0,0;  0,0;  0,0;0,0;0,0;---;18,3;34,5
  10/1966;  0,0;  0,0;  0,0;  0,0;  0,0;  0,0;  0,0;  0,0; 49,8;  0,0;  3,3;  0,0;  0,0;  0,0;  0,0;  0,0;  0,0;  0,0;  3,8;  0,0;  0,0;  0,0; 34,2;  0,0;  0,0;  0,0; 17,7; 10,0;0,0;0,0;8,0;49,8;126,8
  11/1966;  0,0;  0,0;  0,0;  0,0;  0,0; 30,6;  1,7;  2,2;  0,0;  0,0; 60,5;  0,0; 21,7;  0,0;  0,0; 63,6;  0,0;  0,0;  0,0;  0,0;  0,0;  0,0;  0,0;  0,0;  0,0;  0,0; 12,3;  3,0;0,0;0,0;---;63,6;195,6
  12/1966;  0,0;  0,0;  0,0;  0,0;  0,0;  0,0;  2,5;  0,0;  0,0;  0,0;  0,0;  0,0;  0,0;  0,0; 26,0; 10,2;  0,0;  0,0; 29,0;  9,7; 35,0; 79,2;  0,0;  0,0;  0,0;  0,0;  0,0;  0,0;0,0;0,0;0,0;79,2;191,6
  01/1967;  0,0;  0,0;  0,0;  0,0;  0,0;  0,0;  0,0;  0,0;  0,0; 32,0;  0,0; 36,2; 16,4; 24,5; 36,7; 60,0;  0,0;  0,0;  0,0;  0,0;  0,0;  0,0;  0,0;  0,0;122,2;  0,0; 13,0;  0,0;0,0;0,0;0,0;122,2;341,0
  02/1967;  0,0;  0,0;  0,0;  0,0;  0,0; 67,5;  0,0;  0,0;  0,0;  0,0;  0,0;  0,0;  0,0;  0,0;  0,0;  0,0;  0,0;  0,0; 47,5;  0,0;  5,6;  0,0;  0,0; 37,7;  0,0;  0,0;  0,0;  0,0;---;---;---;67,5;158,3
  03/1967;  0,0;  0,0;  0,0;  0,0;  0,0;  0,0;  0,0; 84,2;  0,0;  0,0;  0,0;  0,0;  0,0; 57,0;  0,0;  0,0;  0,0;  0,0;  0,0;  0,0;  0,0;  0,0;  0,0;  0,0;  0,0;  0,0;  0,0;  0,0;0,0;0,0;0,0;84,2;141,2
  04/1967;  0,0;  0,0;  0,0;  0,0;  0,0;  0,0;  0,0;  0,0;  0,0; 53,0;  0,0;  0,0;  0,0;  0,0;  0,0;  0,0;  0,0;  0,0;  0,0;  0,0;  0,0;  0,0; 19,0;  0,0;  0,0;  1,5;  0,0;  0,0;0,0;23,1;---;53,0;96,6
  05/1967;  0,0;  0,0;  0,0;  0,0;  0,0;  0,0;  0,0;  0,0;  0,0;  0,0;  0,0;  0,0;  0,0;  0,0;  0,0;  0,0;  0,0;  0,0;  0,0;  0,0;  0,0;  0,0;  0,0;  0,0;  0,0;  0,0;  0,0;  0,0;0,0;0,0;0,0;0,0;0,0
  06/1967;  0,0;  0,0;  0,0;  0,0;  0,0;  0,0; 16,0; 25,3;  0,0;  8,0;  0,0;  0,0;  0,0;  0,0;  0,0;  0,0;  0,0;  0,0;  0,0;  0,0;  0,0;  0,0;  0,0;  0,0;  0,0;  0,0;  0,0;  0,0;0,0;0,0;---;25,3;49,3
  07/1967;  0,0;  0,0;  0,0;  0,0;  0,0;  0,0;  0,0;  0,0;  0,0;  0,0;  0,0;  0,0;  0,0;  0,0;  0,0;  0,0;  0,0;  0,0;  0,0;  0,0;  0,0;  0,0;  0,0;  0,0;  0,0;  0,0;  0,0;  0,0;0,0;0,0;0,0;0,0;0,0
  08/1967;  0,0;  0,0;  0,0;  0,0;  0,0;  0,0;  0,0;  0,0;  0,0;  0,0;  0,0;  0,0;  0,0;  0,0;  0,0;  0,0;  0,0;  0,0;  0,0;  0,0;  0,0;  0,0;  0,0;  0,0;  0,0;  0,0;  0,0;  0,0;0,0;0,0;0,0;0,0;0,0
  09/1967;  0,0;  0,0;  0,0;  0,0;  0,0;  0,0;  0,0;  0,0;  0,0;  0,0;  0,0; 10,5;  5,5; 29,5;  0,0;  0,0; 19,4;  0,0;  0,0;  0,0; 10,0;  0,0;  0,0;  0,0;  0,0;  0,0;  0,0;  0,0;0,0;12,2;---;29,5;87,1
  10/1967;  0,0;  0,0;  0,0;  0,0;  0,0;  0,0;  0,0;  0,0;  0,0;  0,0;  0,0;  0,0; 78,6;  0,0;  0,0;  0,0;  0,0;  0,0;  0,0;  0,0;  0,0;  0,0;  0,0;  0,0; 54,5; 40,4;  0,0;  0,0;0,0;0,0;0,0;78,6;173,5
  11/1967;  0,0;  0,0;  0,0;  0,0;  0,0;  0,0;  0,0;  0,0;  0,0;  0,0;  0,0;  0,0;  0,0;  0,0;  7,5; 39,2; 50,9;  0,0;  0,0;  0,0;  0,0;  0,0;  0,0;  0,0;  0,0;  0,0; 43,3;  0,0;0,0;0,0;---;50,9;140,9
  12/1967;  0,0;  0,0;  0,0;  0,0;  0,0;  0,0;  0,0; 10,0;  0,0;  0,0;  0,0;  0,0;  0,0;  0,0;  0,0;  0,0; 30,0;  0,0;  5,0; 10,0; 20,3; 23,5;  0,0;  0,0; 18,0; 15,0; 17,0; 12,0;16,0;10,5;0,0;30,0;187,3
  01/1968;  0,0;  0,0; 20,0;  0,0;  0,0;  0,0;  0,0;  0,0;  0,0; 49,3; 38,5; 44,5;  0,0; 17,5;  0,0;  0,0;  0,0;  0,0;  0,0;  0,0;  0,0; 14,7;  0,0;  0,0; 31,5;  0,0;  0,0;  0,0;0,0;0,0;0,0;49,3;216,0
  02/1968;  0,0;  0,0;  0,0;  0,0;  0,0;  0,0;  0,0;  0,0;  0,0;  0,0;  0,0; 43,8;  0,0;  0,0;  0,0; 10,0; 10,0; 10,0;  0,3;  0,0;  0,0;  0,0;  0,0; 37,1;  0,0;  0,0;  0,0;  0,0;0,0;---;---;43,8;111,2
  03/1968;  0,0;  0,0;  0,0;  0,0;  0,0;  0,0;  0,0;  0,0;  0,0;  0,0;  0,0;  0,0;  0,0;  0,0;  0,0;  0,0;  0,0;  0,0;  0,0;  0,0;  0,0;  0,0;  0,0;  0,0;  0,0;  0,0;  0,0;  0,0;0,0;0,0;0,0;0,0;0,0
  04/1968;  0,0;  0,0;  0,0;  0,0;  0,0;  0,0;  0,0;  0,0;  0,0;  0,0;  0,0;  0,0;  0,0;  0,0;  0,0;  0,0;  0,0;  0,0;  0,0;  0,0;  0,0;  0,0;  0,0;  0,0;  0,0;  0,0;  0,0; 50,3;0,0;0,0;---;50,3;50,3
  05/1968;  0,0;  0,0;  0,0;  0,0;  0,0;  0,0;  0,0;  0,0;  0,0;  0,0;  0,0;  0,0;  0,0;  0,0;  0,0;  0,0;  0,0;  0,0;  0,0;  0,0;  0,0;  0,0;  0,0;  0,0;  0,0;  0,0;  0,0;  0,0;0,0;0,0;0,0;0,0;0,0
  06/1968;  0,0;  0,0;  0,0;  0,0;  0,0;  0,0;  0,0;  0,0;  0,0;  0,0;  0,0;  0,0;  0,0;  0,0;  0,0;  0,0;  0,0;  0,0;  0,0;  0,0;  0,0; 10,0;  0,0;  0,0;  0,0;  0,0;  0,0;  0,0;0,0;0,0;---;10,0;10,0
  07/1968;  0,0;  0,0;  0,0;  0,0;  0,0;  0,0;  0,0;  0,0;  0,0;  0,0;  0,0;  0,0;  0,0;  0,0;  0,0;  0,0;  0,0;  0,0;  0,0;  0,0;  0,0;  0,0;  0,0;  0,0;  0,0;  0,0;  0,0;  0,0;0,0;0,0;0,0;0,0;0,0
  08/1968;  0,0;  0,0;  0,0;  0,0;  0,0;  0,0;  0,0; 20,8; 15,6;  0,0;  0,0;  0,0;  0,0;  0,0;  0,0;  0,0;  0,0;  0,0;  0,0;  0,0;  0,0;  0,0;  0,0;  0,0;  0,0;  0,0;  0,0;  0,0;0,0;0,0;0,0;20,8;36,4
  09/1968;  8,2;  0,0;  0,0;  0,0;  0,0;  0,0;  0,0;  0,0;  0,0;  0,0;  0,0;  0,0;  0,0;  0,0;  0,0;  0,0;  0,0;  0,0; 10,2;  8,0;  0,0;  0,0;  0,0;  0,0;  0,0;  0,0;  0,0;  0,0;0,0;0,0;---;10,2;26,4
  10/1968;  0,0;  0,0;  0,0;  0,0;  0,0;  0,0;  0,0;  0,0;  0,0;  0,0;  0,0;  0,0;  0,0;  0,0;  0,0;  0,0; 40,5; 44,0;  0,0;  0,0;  0,0;  0,0; 17,7; 54,0; 21,9;  0,0;  0,0;  0,0;0,0;0,0;0,0;54,0;178,1
  11/1968;  0,0;  0,0;  0,0;  0,0;  0,0;  0,0;  0,0;  0,0;  0,0;  0,0;  0,0;  0,0;  0,0;  0,0;  0,0;  0,0;  0,0;  0,0;  0,0;  0,0;  0,0;  0,0;  0,0;  0,0;  0,0;  0,0;  0,0; 30,0;25,0;25,0;---;30,0;80,0
  12/1968; 25,0; 25,0; 25,0; 25,0; 25,0;  0,0;  0,0;  0,0;  0,0;  0,0; 35,0;  0,0;  0,0;  0,0;  0,0;  0,0;  0,0;  0,0; 30,0; 15,0; 20,0; 35,5;  0,0;  0,0;  0,0;  0,0; 40,8;  0,0;0,0;0,0;0,0;40,8;301,3
  01/1969;  0,0;  0,0;  0,0;  0,0;  0,0;  0,0;  0,0;  0,0;  0,0;  0,0; 26,0;  0,0;  0,0;  0,0;  0,0;  0,0;  0,0;  0,0; 13,0; 30,0;  0,0;  0,0; 38,0;  0,0;  0,0;  0,0;  0,0;  0,0;0,0;0,0;0,0;38,0;107,0
  02/1969;  0,0;  0,0;  0,0;  0,0;  0,0;  0,0;  0,0;  0,0;  0,0;  0,0; 30,0; 35,0; 40,0; 21,0;  0,0;  0,0;  0,0;  0,0;  0,0;  0,0;  0,0;  0,0;  0,0;  0,0;  0,0;  0,0;  0,0;  0,0;---;---;---;40,0;126,0
  03/1969;  0,0;  0,0;  0,0;  0,0;  0,0;  0,0;  0,0;  0,0;  0,0;  0,0;  0,0;  0,0;  0,0;  0,0; 38,0;  0,0;  0,0;  0,0;  0,0;  0,0;  0,0;  0,0;  0,0;  0,0;  0,0;  0,0;  0,0;  0,0;0,0;0,0;0,0;38,0;38,0
  04/1969;  0,0;  0,0;  0,0;  0,0;  0,0;  0,0; 25,7; 27,0;  0,0;  0,0;  0,0;  0,0;  0,0;  0,0;  0,0;  0,0;  0,0;  0,0;  0,0;  0,0;  0,0;  0,0;  0,0;  0,0;  0,0;  0,0;  0,0;  0,0;0,0;0,0;---;27,0;52,7
  05/1969;  0,0;  0,0;  0,0;  0,0;  0,0;  0,0;  0,0;  0,0;  0,0;  0,0;  0,0;  0,0;  0,0;  0,0;  0,0;  0,0;  0,0;  0,0;  0,0;  0,0;  0,0;  0,0;  0,0;  0,0;  0,0;  0,0;  0,0;  0,0;0,0;0,0;0,0;0,0;0,0
  06/1969;  0,0;  0,0; 19,5;  0,0;  0,0;  0,0;  0,0;  0,0;  0,0;  0,0;  0,0;  0,0;  0,0;  0,0;  0,0;  0,0;  0,0;  0,0;  0,0;  0,0;  0,8;  0,0;  0,0;  0,0;  0,0;  0,0;  0,0;  0,0;0,0;0,0;---;19,5;20,3
  07/1969;  0,0;  0,0;  0,0;  0,0;  0,0;  0,0;  0,0;  0,0;  0,0;  0,0;  0,0;  0,0;  0,0;  0,0;  0,0;  0,0;  0,0;  0,0;  0,0;  0,0;  0,0;  0,0;  0,0;  0,0;  0,0;  0,0;  0,0;  0,0;0,0;0,0;0,0;0,0;0,0
  08/1969;  0,0;  0,0;  0,0;  0,0;  0,0;  0,0;  0,0;  0,0;  0,0;  0,0;  0,0;  0,0;  0,0;  0,0;  0,0;  0,0;  0,0;  0,0;  0,0;  0,0;  0,0;  0,0;  0,0;  0,0;  0,0;  0,0;  0,0;  0,0;0,0;0,0;0,0;0,0;0,0
  09/1969;  0,0;  0,0;  0,0;  0,0; 23,5;  0,0;  0,0;  0,0;  0,0;  0,0;  0,0;  0,0;  0,0;  0,0;  0,0;  0,0;  0,0;  0,0;  0,0;  0,0;  0,0;  0,0;  0,0;  0,0;  0,0;  0,0;  0,0;  0,0;0,0;36,6;---;36,6;60,1
  10/1969; 20,0;  0,0; 27,5;  0,0;  0,0;  0,0;  0,0;  0,0;  0,0;  0,0;  0,0;  0,0;  0,0;  0,0;  0,0; 14,0;  0,0;  0,0;  0,0;  0,0; 20,3;  0,0;  0,0;  0,0;  0,0;  0,0;  0,0;  0,0;0,0;0,0;0,0;27,5;81,8
  11/1969; 44,0;  0,0;  0,0;  0,0;  0,0;  0,0;  0,0;  0,0; 26,0; 18,0;  0,0;  0,0; 81,5;  0,0; 10,0; 14,0; 10,0;  0,0; 14,0;  0,0;  0,0; 28,0;  0,0;  0,0;  0,0;  0,0;  0,0;  0,0;0,0;0,0;---;81,5;245,5
  12/1969; 26,0;  0,0;  0,0;  0,0; 50,0;  0,0;  0,0;  0,0;  0,0; 37,0;  7,2; 17,0;  0,0;  0,0;  0,0;  0,0;  0,0;  0,0;  0,0;  0,0;  0,0;  0,0;  0,0;  0,0;  0,0;  0,0;  0,0;  0,0;0,0;0,0;0,0;50,0;137,2
  01/1970;  0,0; 28,0;  0,0;  0,0;  0,0;  0,0;  0,0;  0,0; 25,0;  3,5;  0,0;  0,0;  0,0;  0,0;  0,0; 21,0; 40,0;  0,0; 10,0;  5,0;  0,0;  0,0;  0,0;  0,0;  0,0;  0,0;  0,0;  0,0;0,0;0,0;0,0;40,0;132,5
  02/1970;  6,0;  0,0;  0,0;  0,0;  0,0;  2,0;  0,0;  0,0; 32,0;  0,0;  9,0;  0,0;  0,0; 32,0;  0,0; 39,5;  0,0;  0,0;  0,0;  0,0;  6,0;  5,0;  0,0;  8,5;  3,5;  3,0; 10,0; 10,0;---;---;---;39,5;166,5
  03/1970;  0,0;  5,0;  7,5;  9,0; 11,5;  0,0;  0,0;  0,0; 18,5;  0,0; 24,0;  0,0; 18,0;  0,0;  0,0;  0,0;  0,0;  0,0;  9,0;  0,0;  0,0;  0,0;  0,0;  5,8;  0,0;  0,0;  0,0;  0,0;0,0;0,0;0,0;24,0;108,3
  04/1970;  0,0;  2,5; 34,2;  0,0;  0,0;  0,0;  0,0;  0,0;  0,0; 12,5;  0,0;  0,0;  0,0;  0,0;  0,0;  0,0;  0,0;  0,0; 23,6;  0,0;  0,0;  0,0;  0,0;  0,0;  0,0;  0,0;  0,0;  0,0;0,0;0,0;---;34,2;72,8
  05/1970;  0,0;  0,0;  0,0;  0,0;  0,0;  0,0; 53,7;  0,0;  0,0;  0,0;  0,0;  0,0;  0,0;  0,0;  0,0;  0,0;  0,0;  0,0;  0,0;  0,0; 11,0;  0,0;  0,0;  0,0;  0,0;  0,0;  0,0;  1,5;0,0;0,0;0,0;53,7;66,2
  06/1970;  0,0;  0,0;  0,0;  0,0;  0,0;  0,0;  0,0;  0,0;  0,0;  0,0;  0,0;  0,0;  0,0;  0,0;  0,0;  0,0;  0,0;  0,0;  0,0;  0,0;  0,0;  0,0; 21,8;  0,0;  0,0;  0,0;  0,0;  0,0;17,1;0,0;---;21,8;38,9
  07/1970;  0,0;  0,0;  0,0;  0,0;  0,0;  0,0;  0,0;  0,0;  0,0;  0,0;  0,0; 14,5;  0,0;  0,0;  0,0;  0,0;  0,0;  0,0;  0,0;  0,0;  0,0;  0,0;  0,0;  0,0;  0,0;  0,0;  0,0;  0,0;0,0;0,0;0,0;14,5;14,5
  08/1970;  0,0;  0,0;  0,0;  0,0;  0,0;  0,0;  0,0;  0,0;  0,0;  0,0;  0,0;  0,0;  0,0;  0,0;  0,0;  0,0;  0,0;  0,0;  0,0;  0,0;  0,0;  0,0;  0,0;  0,0;  0,0;  0,0;  0,0;  0,0;0,0;5,5;0,0;5,5;5,5
  09/1970;  0,0;  0,0;  0,0;  0,0;  0,0;  0,0;  0,0;  5,0;  0,0;  7,6;  0,0;  0,0;  1,0;  0,0;  0,0;  0,0;  0,0;  0,0;  0,0;  4,0;  0,0;  0,0;  0,0;  0,0;  0,0;  0,0;  0,0;  0,0;0,0;0,0;---;7,6;17,6
  10/1970; 25,2; 10,8; 14,7;  5,4;  0,0;  0,0;  0,0;  0,0;  0,0;  0,0;  0,0;  0,0;  0,0;  0,0;  0,0;  0,0; 25,3;  0,0;  0,0;  0,0; 17,5;  0,0;  0,0;  0,0;  0,0;  0,0;  0,0; 26,2;0,0;0,0;0,0;26,2;125,1
  11/1970;  0,0;  0,0;  0,0;  0,0;  0,0; 11,3;  0,0; 11,5;  0,0;  0,0;  0,0;  0,0;  0,0;  0,0;  0,0;  0,0;  0,0;  0,0;  0,0;  0,0;  0,0;  0,0;  0,0;  0,0;  0,0;  0,0; 30,5;  4,3;2,0;35,0;---;35,0;94,6
  12/1970;  0,0;  0,0;  0,0;  0,0;  0,0;  0,0;  0,0;  0,0; 18,0; 25,5;  0,0;  0,0; 10,0;  0,0;  0,0;  0,0;  0,0;  0,0;  0,0;  0,0; 11,0; 13,8; 21,3;  0,0;  0,0;  0,0;  0,0;  0,0;0,0;22,3;0,0;25,5;121,9
  01/1971;  0,0; 22,6; 20,5;  6,9; 20,0;  3,0;  0,0; 20,5;  2,0;  0,0;  0,0;  0,0; 12,2; 36,5;  0,0;  0,0;  0,0;  0,0;  0,0;  0,0;  0,0;  0,0;  0,0;  0,0;  0,0;  0,0;  0,0;  0,0;0,0;0,0;0,0;36,5;144,2
  02/1971;  0,0;  0,0;  0,0;  0,0;  0,0;  0,0;  0,0;  0,0;  0,0; 15,3; 18,2;  0,0;  5,2;  8,3; 37,5;  5,2;  0,0;  0,0; 41,5;  3,0;  0,0;  0,0;  0,0;  8,4;  0,0; 38,2;  6,5;  0,0;---;---;---;41,5;187,3
  03/1971;  2,8;  0,0;  0,0;  0,0; 35,5;  0,0;  0,0;  0,0;  0,0;  3,5; 35,0;  5,0;  0,0;  0,0;  0,0;  0,0;  0,0; 10,0;  0,0;  0,0;  0,0;  0,0; 13,0;  0,0;  0,0;  0,0;  0,0;  3,5;0,0;0,0;0,0;35,5;108,3
  04/1971;  0,0;  0,0;  0,0;  0,0;  0,0;  0,0;  0,0;  0,0;  0,0;  0,0;  0,0;  0,0;  0,0;  0,0;  2,0; 27,4;  0,0;  0,0;  0,0; 16,2; 17,8;  6,0;  0,0;  0,0;  0,0;  0,0;  0,0;  0,0;0,0;0,0;---;27,4;69,4
  05/1971;  0,0; 21,2;  0,0;  8,2;  2,0;  0,0;  0,0;  0,0;  0,0;  0,0;  0,0;  0,0;  0,0;  0,0;  0,0;  0,0;  0,0;  0,0;  0,0;  0,0;  0,0;  0,0;  0,0;  0,0;  2,0;  3,0; 28,2;  0,0;0,0;0,0;0,0;28,2;64,6
  06/1971;  0,0;  0,0;  0,0;  0,0;  0,0;  0,0;  0,0;  1,0;  0,0;  0,0; 30,3; 23,5;  0,0;  0,0;  2,0;  0,0;  0,0; 62,0;  0,0;  0,0;  0,0;  0,0;  0,0;  0,0;  0,0;  0,0;  0,0;  0,0;0,0;0,0;---;62,0;118,8
  07/1971;  0,0;  0,0;  0,0; 52,3;  0,0;  0,0;  0,0;  0,0;  0,0;  0,0;  0,0;  0,0;  0,0;  0,0;  0,0;  0,0;  0,0;  0,0;  0,0;  0,0;  0,0;  0,0;  0,0;  0,0;  0,0;  0,0;  0,0;  0,0;0,0;5,3;0,0;52,3;57,6
  08/1971;  0,0;  0,0;  0,0;  0,0;  0,0;  0,0;  0,0;  0,0;  0,0;  0,0;  0,0;  0,0;  0,0;  0,0;  0,0;  0,0;  0,0;  0,0;  0,0;  0,0;  0,0;  0,0;  0,0;  0,0;  0,0;  0,0;  0,0;  0,0;0,0;0,0;0,0;0,0;0,0
  09/1971;  0,0;  0,0;  0,0;  0,0;  0,0;  0,0;  2,0;  0,0;  0,0;  0,0;  0,0; 12,0;  0,0;  0,0;  0,0;  0,0;  0,0;  0,0;  0,0;  0,0;  0,0;  0,0;  0,0;  0,0;  2,0;  0,0;  7,3;  0,0;0,0;13,0;---;13,0;36,3
  10/1971;  0,0;  0,0;  0,0;  0,0;  0,0;  0,0;  2,2;  0,0;  0,0;  0,0;  0,0;  0,0;  0,0;  0,0;  0,0;  3,0;  0,0;  0,0;  0,0;  0,0;  0,0;  0,0;  0,0;  8,2;  0,0;  0,0;  0,0;  0,0;0,0;0,0;70,2;70,2;83,6
  11/1971; 39,0;  2,0;  0,0;  0,0;  0,0;  0,0;  0,0;  0,0;  0,0;  0,0;  5,0;  0,0;  3,1;  0,0;  0,0;  0,0;  2,2; 20,5;  0,0;  0,0;  0,0;  0,0;  0,0;  0,0;  0,0;  0,0; 12,2;  0,0;0,0;50,0;---;50,0;134,0
  12/1971;  6,0;  0,0; 44,0;  7,0;  0,0;  0,0;  9,5; 10,5;  5,0;  0,0; 27,2; 29,3; 22,0; 40,2;  0,0;  0,0;  0,0;  0,0;  8,0; 10,0;  0,0;  8,2;  2,5;  0,0;  7,2; 10,1;  2,5;  1,5;0,0;0,0;0,0;44,0;250,7
  01/1972;  0,0; 12,5;  0,0;  0,0;  0,0;  0,0;  0,0; 28,2;  4,3;  0,0;  0,0;  0,0;  0,0;  3,5;  0,0;  0,0;  0,0;  0,0;  0,0;  0,0;  0,0; 26,3;  0,0;  0,0;  0,0;  0,0;  0,0; 18,2;34,1;0,0;0,0;34,1;127,1
  02/1972;  0,0;  3,1; 58,2; 44,5;  0,0; 10,0;  2,5; 10,0;  0,0;  0,0; 16,7; 15,2;  5,0; 12,1; 20,3;  5,1;  0,0;  0,0; 11,5; 15,3; 27,2;  0,0;  0,0;  0,0; 50,0;  8,0;  0,0;  0,0;0,0;---;---;58,2;314,7
  03/1972;  0,0;  0,0;  0,0; 11,3; 12,5;  0,0;  0,0;  0,0;  0,0;  0,0;  0,0;  3,0;  0,0;  0,0;  0,0;  0,0;  0,0;  0,0;  7,3;  0,0;  3,2;  0,0;  0,0;  0,0;  0,0;  3,6;  0,0; 30,2;0,0;13,2;0,0;30,2;84,3
  04/1972;  0,0;  0,0;  0,0; 13,1;  0,0;  0,0;  0,0;  0,0;  0,0;  0,0;  0,0;  0,0;  0,0;  0,0;  0,0;  0,0;  0,0;  0,0;  0,0;  0,0;  0,0;  0,0;  0,0;  0,0;  0,0;  0,0;  1,2;  1,1;0,0;0,0;---;13,1;15,4
  05/1972;  0,0;  0,0;  0,0;  0,0;  0,0;  0,0;  0,0;  0,0;  0,0;  0,0;  0,0;  0,0;  0,0;  0,0;  0,0;  0,0;  0,0;  0,0;  0,0;  0,0;  0,0;  0,0; 26,2; 17,5; 40,2;  0,0;  0,0;  0,0;0,0;0,0;0,0;40,2;83,9
  06/1972;  0,0;  0,0;  0,0;  0,0;  0,0;  0,0;  0,0;  0,0;  0,0;  0,0;  0,0;  0,0;  0,0;  0,0;  0,0;  0,0;  0,0;  0,0;  0,0;  0,0;  0,0;  0,0;  0,0;  0,0;  0,0;  0,0;  0,0;  0,0;0,0;0,0;---;0,0;0,0
  07/1972;  0,0;  0,0;  0,0;  0,0;  0,0;  0,0;  0,0; 25,2;  0,0; 13,5;  0,0;  0,0; 12,3;  8,5; 15,1; 10,1;  0,0;  0,0;  0,0;  0,0;  0,0;  0,0;  0,0;  0,0;  0,0;  0,0;  0,2;  0,0;0,0;0,0;0,0;25,2;84,9
  08/1972;  0,0;  0,0;  0,0;  0,0;  9,3;  0,0;  0,0;  0,0;  0,0;  0,0;  0,0;  5,3;  0,0;  0,0;  0,0;  0,0;  0,0;  0,0;  0,0;  0,0;  0,0;  0,0;  0,0;  0,0;  0,0;  0,0;  0,0;  0,0;0,0;0,0;0,0;9,3;14,6
  09/1972;  1,5;  0,0;  0,0;  0,0; 20,1;  0,0;  0,0;  0,0;  0,0;  0,0; 25,2;  5,3;  3,5;  2,3;  0,0;  0,0;  0,0;  0,0;  0,0;  0,0;  0,0;  0,0;  0,0; 10,5; 18,3;  0,0;  0,0;  0,0;10,6;20,2;---;25,2;117,5
  10/1972; 42,3; 55,0;  0,0; 23,8; 24,0;  0,0;  0,0;  0,0;  0,0; 36,1; 70,2;  0,0;  0,0;  0,0;  6,1;  0,0;  0,0;  0,0;  0,0;  0,0;  0,0; 10,1;  0,0;  0,0;  0,0;  0,0;  0,0;  0,0;0,0;0,0;19,5;70,2;287,1
  11/1972;  0,0; 35,3;  0,0;  0,0; 17,2;  0,0;  7,0;  1,9; 24,5; 17,1;  0,0;  0,0;  0,0;  2,0;  3,0;  2,5;  0,0;  0,0; 14,9;  0,0;  0,0;  0,0;  0,0;  0,0; 10,2; 15,1;  5,5;  0,0;0,0;0,0;---;35,3;156,2
  12/1972;  6,1;  0,0;  0,0;  7,2;  0,0;  0,0;  0,0;  0,0;  9,8;  0,0;  0,0;  0,0;  0,0;  0,0;  0,0;  0,0;  0,0;  0,0;  0,0;  0,0;  7,0; 32,6; 15,1; 22,0; 13,4; 25,1;  0,0;  2,0;10,8;0,0;18,2;32,6;169,3
  01/1973;  9,5;  1,5;  0,0;  0,0;  0,0;  0,0;  0,0;  0,0;  0,0;  0,0;  0,0; 23,8;  0,0;  3,5;  0,0;  3,0;  3,5;  0,0;  0,0;  0,0;  4,0;  3,5; 27,3;  0,0;  0,0; 65,5;  0,0;  0,0;0,0;0,0;0,0;65,5;145,1
  02/1973;  0,0; 37,3;  0,0; 12,7; 33,5;  0,0;  8,5;  0,0;  0,0;  0,0;  0,0;  0,0;  0,0; 11,0;  2,0; 17,5;  7,0;  6,0;  0,0;  0,0;  2,0;  0,0;  0,0;  0,0;  0,0;  0,0;  0,0;  0,0;---;---;---;37,3;137,5
  03/1973;  7,0;  0,0;  0,0;  0,0;  4,5;  0,0;  0,0;  2,0;  1,5;  0,0;  7,2;  0,0;  0,0;  0,0;  0,0;  0,0; 12,0;  0,0;  0,0; 21,0;  0,0;  2,5;  1,9;  2,0;  0,0;  0,0;  7,0;  0,0;31,3;3,5;0,0;31,3;103,4
  04/1973;  0,0;  0,0;  6,2;  0,0;  0,0;  0,0;  0,0;  0,0;  0,0;  1,5;  0,0; 54,0;  6,5;  0,0;  0,0;  0,0;  0,0; 10,0;  0,0;  0,0;  4,0;  0,0;  0,0;  0,0;  0,0;  0,0;  0,0;  0,0;0,0;0,0;---;54,0;82,2
  05/1973;  0,0;  0,0; 46,2; 30,8;  0,0;  0,0;  0,0;  0,0;  0,0;  2,5;  5,5;  1,0;  0,0;  0,0;  0,0;  0,0;  0,0;  0,0;  0,0;  0,0;  0,0; 30,2;  0,0;  0,0; 30,1;  0,0;  0,0;  0,0;0,0;0,0;0,0;46,2;146,3
  06/1973;  0,0;  0,0;  0,0;  0,0;  0,0;  0,0;  0,0;  0,0;  0,0;  3,6;  0,0;  0,0;  0,0;  0,0;  0,0;  0,0;  0,0;  0,0;  5,9;  0,0;  0,0;  0,0;  0,0;  0,0;  0,0;  0,0;  9,8;  0,5;0,0;0,0;---;9,8;19,8
  07/1973;  0,0;  0,0;  2,0;  0,0;  0,0;  0,0;  0,0;  0,0;  0,0;  0,0;  0,0;  0,0;  0,0;  0,0;  0,0;  0,0;  0,0;  0,0;  0,0;  0,0;  0,0;  2,5;  0,0;  0,0;  0,0;  0,0;  0,0;  0,0;0,0;0,0;0,0;2,5;4,5
  08/1973;  0,0;  1,7;  0,0;  0,0;  0,0;  0,0;  0,0;  0,0;  0,0;  0,0;  0,0;  0,0;  0,0;  0,0;  0,0;  0,0;  0,0;  0,0;  0,0;  0,0;  0,0;  0,0;  0,0;  0,0;  0,0;  0,3;  0,2;  0,1;0,0;0,0;0,0;1,7;2,3
  09/1973;  0,0;  0,0;  0,0;  0,0;  0,0;  0,0;  0,0;  0,0;  0,0;  0,0;  0,0;  0,0;  0,0;  0,0;  0,0;  0,0;  0,0;  0,0;  0,0;  0,0;  0,0;  0,0;  0,0;  0,0;  0,0;  3,5;  0,0;  0,0;0,0;0,0;---;3,5;3,5
  10/1973;  0,0;  0,0;  0,0;  0,0;  0,0;  0,0; 30,0;  1,5;  6,6;  0,0;  0,4; 10,3; 12,1;  0,0;  0,0;  0,0;  0,0;  0,0;  6,8;  0,0;  0,0;  0,0;  0,0;  0,0;  0,3; 22,2;  0,0;  0,0;0,0;0,0;0,2;30,0;90,4
  11/1973;  0,0; 21,2;  0,0;  0,0;  0,0;  0,0;  0,0;  0,0;  0,0;  0,0;  0,0;  0,0; 23,2;  8,2;  0,0;  0,0;  3,5; 22,7;  2,2;  0,0;  0,0;  0,0;  0,0;  0,0;  6,6;  0,0;  0,0;  6,5;0,0;0,0;---;23,2;94,1
  12/1973;  0,0;  0,0;  0,0; 11,6;  0,9;  1,7;  8,6;  1,5;  0,0;  0,0;  0,0;  3,5; 10,8;  3,6;  0,0;  5,9;  6,3;  0,0;  0,0;  0,0;  7,1;  9,7;  8,6; 60,7;  5,4; 32,3;  0,0;  2,7;2,1;24,6;2,8;60,7;210,4
  01/1974;  0,0; 56,4;  3,7;  0,0;  0,2;  0,0;  2,4; 10,4;  9,8;  1,5; 10,6;  9,5;  0,0;  6,5;  0,0; 18,5; 30,7;  2,0;  2,1;  0,0; 30,0; 12,0; 10,5;  3,7;  1,5;  0,0;  0,0;  0,1;9,8;0,0;10,8;56,4;242,7
  02/1974; 10,4;  9,6;  6,2;  0,0;  0,0;  0,4;  0,0;  1,7;  0,0;  0,0;  0,5;  0,0;  0,0; 35,5;  0,0;  0,0;  0,0;  0,0;  0,0;  0,0;  0,0;  0,0; 27,4;  0,0;  0,0;  0,0;  0,0;  0,0;---;---;---;35,5;91,7
  03/1974;  0,0;  0,0;  6,6;  0,0; 18,6; 16,4; 71,7;  7,9;  0,3; 20,8;  5,9;  8,2;  1,7;  0,0;  2,9; 20,5; 12,8; 53,2; 38,1; 22,4;  3,2;  2,5;  0,0; 42,6;  0,0;  0,0;  0,0;  0,0;0,0;0,0;0,0;71,7;356,3
  04/1974;  0,0;  0,0;  0,0;  0,0;  0,0;  0,0;  0,0;  7,6; 50,9;  0,0;  0,0;  8,7;  0,0;  0,0;  0,0;  0,0;  0,0;  0,0;  0,0;  0,0;  0,0;  0,0;  0,0;  5,6;  9,8;  4,3;  0,0;  0,0;0,0;0,0;---;50,9;86,9
  05/1974;  0,0;  0,0;  0,0;  0,0;  0,0;  0,0;  0,0;  0,0;  0,0;  0,0;  0,0;  0,0; 13,4;  0,0;  0,0;  0,0;  0,0;  0,0;  0,0;  0,0;  0,0;  0,0;  0,0;  0,0;  0,0;  0,0;  5,8;  0,0;0,0;0,0;0,0;13,4;19,2
  06/1974;  0,0;  0,0;  0,0;  7,8; 16,3;  0,0;  0,0;  0,0;  0,0;  0,0;  0,0;  0,0;  4,6;  0,0;  0,0;  0,0;  0,0;  0,0;  0,0;  0,0;  0,0; 33,7;  0,0;  0,0;  0,0;  0,0;  8,8;  0,0;0,0;0,0;---;33,7;71,2
  07/1974;  0,0;  0,0;  0,0;  0,0;  0,0;  0,0;  0,0;  0,0;  0,0;  0,0;  0,0;  0,0;  0,0;  0,0;  0,0;  0,0;  0,0;  0,0;  0,0;  0,0;  0,0;  0,0;  0,0;  0,0;  0,0;  0,0;  0,0;  0,0;0,0;0,0;0,0;0,0;0,0
  08/1974;  0,0;  0,0;  0,0;  0,0;  0,0;  0,0;  0,0;  0,0;  0,0;  0,0;  0,0;  0,0;  2,3;  0,0;  2,7;  0,0;  0,0;  0,0;  0,0;  0,0;  0,0;  0,0;  0,0;  0,0;  0,0;  0,0;  0,0;  0,0;0,0;0,0;0,0;2,7;5,0
  09/1974;  0,0;  0,0;  0,0;  0,0;  0,0;  0,0;  0,0;  0,0;  0,0;  0,0;  0,0;  0,0;  0,0;  0,0;  0,0;  0,0;  0,0;  0,0;  0,0;  0,0;  0,0;  0,0;  0,0;  0,0;  0,0;  0,0; 16,5;  0,0;30,4;0,0;---;30,4;46,9
  10/1974;  0,0;  0,0;  0,0;  0,0; 19,5;  0,0;  0,0;  0,0;  0,0;  2,5;  0,0;  0,0;  0,0;  0,0;  0,0;  0,0; 41,5;  0,0;  5,3;  0,0;  0,0;  0,0;  6,0; 38,6; 13,7;  0,0;  0,6;  0,0;0,0;14,3;0,0;41,5;142,0
  11/1974;  0,0;  0,0;  0,0;  0,0;  0,0; 41,6;  3,5;  0,0;  0,0;  0,0;  0,0;  0,0; 23,8;  0,0;  0,0;  0,0;  0,0;  0,0;  0,0;  0,0;  9,4;  0,0;  0,0;  0,0;  0,0;  0,0;  0,0;  0,0;0,0;11,2;---;41,6;89,5
  12/1974;  2,3;  0,0;  0,0;  0,0;  0,0;  2,1;  4,9;  0,0;  0,0; 14,1;  0,0;  3,7;  0,0; 10,5;  4,3; 30,3;  4,9; 12,6;  3,5; 12,3;  0,0;  3,6; 14,4; 30,7;  3,4;  0,0; 20,3;  8,2;2,8;8,7;51,0;51,0;248,6
  01/1975;  1,7;  0,0;  0,0;  0,0;  0,0;  0,5;  0,0;  0,0;  0,0;  0,0;  1,7;  0,5;  8,4;  9,3;  0,0;  0,0;  0,0;  0,0;  0,3;  0,0;  0,0;  0,0;  0,0; 25,9;  0,0; 11,8;  0,0;  2,4;0,0;0,0;8,3;25,9;70,8
  02/1975;  1,6;  0,0;  8,9;  0,2; 10,5; 39,4; 30,6;  0,0; 11,6;  0,0;  0,0;  0,0;  0,0;  0,0;  0,0;  0,0; 14,1;  0,0;  0,0; 32,4;  0,4;  0,0;  5,4;  0,0;  0,0;  0,0;  0,0;  0,0;---;---;---;39,4;155,1
  03/1975;  2,6;  0,0;  0,0;  0,0;  0,0;  0,0;  0,0;  0,9;  0,6;  0,0;  0,0;  0,0;  0,0;  0,0;  0,0;  1,8; 36,3;  0,0;  0,0;  0,0;  0,0;  0,0;  0,0;  7,7;  0,0;  5,4;  0,0;  0,0;0,0;2,9;0,0;36,3;58,2
  04/1975;  8,2; 17,6;  0,0;  0,0;  0,0;  0,0;  0,0;  0,0; 43,1;  0,0; 77,2;  0,0;  0,0;  0,0;  0,0;  0,0;  0,0;  0,0;  0,0;  0,0;  0,0;  0,0;  0,0;  0,0;  0,0;  0,0;  0,0;  0,0;0,0;0,0;---;77,2;146,1
  05/1975;  3,8;  0,0;  0,0;  0,0;  0,0;  0,0;  0,0;  0,0;  0,0;  0,0;  0,0;  0,0;  0,0;  0,0;  0,0;  0,0;  0,0;  0,0;  0,0;  0,0;  0,0;  0,0;  0,0;  0,0;  0,0;  0,0;  0,0;  0,0;0,0;0,0;0,0;3,8;3,8
  06/1975;  0,0;  0,0;  0,0;  0,0;  0,0;  0,0;  0,0;  0,0;  0,0;  0,0;  0,0;  0,0;  0,0;  0,0;  0,0;  0,0;  0,0;  0,0;  0,0;  0,0;  0,0;  0,0;  0,0;  0,6;  0,0;  0,0;  0,0;  0,0;0,0;1,2;---;1,2;1,8
  07/1975;  0,0;  0,0;  0,0; 26,1;  0,0;  1,8;  0,0;  0,0;  0,0;  0,0;  0,0;  0,0;  0,0;  0,0;  0,0;  0,0;  0,8;  1,6;  0,0;  0,0;  0,0;  0,0;  0,0;  0,0;  0,0;  0,0;  0,0;  0,0;0,0;0,0;0,0;26,1;30,3
  08/1975;  0,0;  0,0;  0,0;  0,0;  0,0;  0,0;  0,0;  0,0;  0,0;  0,0;  0,0;  0,0;  0,0;  0,0;  0,0;  0,0;  0,0;  0,0;  0,0;  0,0;  0,0;  0,0;  0,0;  0,0;  0,0;  0,0;  0,0;  0,0;0,0;0,0;0,0;0,0;0,0
  09/1975;  0,0;  0,0;  0,0;  0,0;  0,0;  0,0;  0,0;  0,0;  0,0;  0,0;  0,0;  0,0;  0,0;  0,0;  0,0;  0,0;  0,0;  0,0;  0,0;  0,0;  0,0;  0,0;  0,0;  0,5;  0,0;  0,0;  0,6;  0,0;0,0;5,6;---;5,6;6,7
  10/1975;  0,0;  0,0;  3,9;  0,0;  0,0;  0,0;  0,0;  0,3;  1,1;  0,0;  0,0;  3,7;  0,0;  1,1;  0,0;  0,0; 10,9; 19,6; 11,7;  0,0;  0,0;  0,0;  0,0;  0,0;  0,0;  0,0;  0,0;  0,0;0,0;0,0;13,3;19,6;65,6
  11/1975; 16,2;  0,0;  0,0;  0,0;  0,0;  0,0; 13,2;  0,0;  0,0;  0,0; 16,8;  3,6;  0,0;  0,0;  0,0;  0,0;  3,2;  0,0;  0,0;  0,0;  0,0;  3,5; 40,3;  4,2;  1,3;  0,0;  2,4;  0,0;0,0;1,1;---;40,3;105,8
  12/1975;  5,1;  3,4;  0,0;  0,0; 11,2;  0,0;  0,0;  0,0;  0,0;  0,0;  0,0;  0,0;  0,0;  3,1; 18,3;  0,0;  0,0;  0,0;  0,0;  0,0;  3,1; 39,3;  0,0; 28,2; 36,0;  3,2;  0,0;  0,0;9,4;3,8;0,0;39,3;164,1
  01/1976; 12,1;  3,7;  0,0;  7,2;  2,8; 18,6;  9,2;  9,9; 27,1;  0,0;  0,0; 10,3;  3,1;  0,0;  0,0;  6,8;  0,0;  0,0;  2,1;  1,8; 14,2;  0,0;  1,4;  0,0;  0,0;  0,0; 21,7; 39,5;0,9;9,8;1,4;39,5;203,6
  02/1976;  1,4; 17,2; 28,1; 18,8;  0,0;  9,9;  2,4; 49,8;  0,0;  0,0;  0,0;  0,0;  0,0; 17,4;  9,6;  0,0;  0,0;  4,8;  0,0;  7,2; 19,5;  4,6; 15,1; 29,2;  0,0;  8,6;  0,0;  0,0;2,5;---;---;49,8;246,1
  03/1976;  0,0;  1,7; 27,8;  0,0;  0,0;  0,0;  0,0;  0,0;  2,8;  0,0;  0,0;  0,0;  0,0;  3,8;  0,0; 18,5; 16,6;  0,0;  0,0;  9,1; 15,7;  0,0;  0,0; 96,1;  0,0;  7,1; 65,6;  0,0;0,0;0,0;0,0;96,1;264,8
  04/1976;  0,0;  0,0;  0,0;  0,0;  0,0;  0,0;  0,0;  0,0; 15,3;  1,2;  0,0;  0,0;  0,0;  0,0;  0,0;  0,0;  0,0;  0,0;  5,4;  0,0;  0,0;  0,0;  0,0;  0,0;  0,0;  0,0;  0,0;  0,0;1,7;0,0;---;15,3;23,6
  05/1976;  0,0;  0,0;  0,0;  0,0;  0,0;  0,0;  0,0;  0,0;  0,0;  0,0;  0,0;  0,0;  0,0;  0,0;  0,0;  3,4;  2,3;  0,0;  0,0; 45,1;  2,6;  0,0;  0,0;  0,0;  0,0;  0,0;  0,0; 12,6;21,2;0,0;0,0;45,1;87,2
  06/1976;  0,0;  0,0;  0,0;  0,0;  0,0;  9,2;  0,0;  0,0;  0,0;  0,0;  0,0;  0,0;  0,0;  0,0;  0,0;  0,0;  0,0;  0,0;  0,0;  0,0;  0,0;  0,0;  0,0;  0,0;  0,0;  0,0;  0,0;  0,0;0,0;0,0;---;9,2;9,2
  07/1976;  0,0;  0,0;  0,0;  0,0;  0,0;  0,0;  0,0;  0,0;  0,0; 14,6;  0,0;  0,0;  0,0;  0,0;  0,0;  0,0;  0,0;  0,0;  0,0;  0,0;  0,0;  0,0;  0,0;  0,0;  0,0;  0,0;  0,0;  0,0;0,0;0,0;0,0;14,6;14,6
  08/1976;  0,0;  0,0;  0,0;  0,0;  0,0;  3,6;  0,0;  0,0;  0,0;  0,0;  3,6;  7,2;  0,0;  8,7;  0,0;  0,0; 19,2;  0,0;  0,0;  0,0;  0,0;  0,0;  0,0;  0,0;  0,0;  0,0;  0,0;  0,0;0,0;0,0;0,0;19,2;42,3
  09/1976;  0,0;  0,0;  0,0;  0,0;  0,0;  0,0;  0,0;  0,0;  0,0;  0,0;  0,0;  0,0;  0,0; 17,7; 96,1;  0,0;  0,0;  0,0;  0,0;  0,0;  6,8;  0,0;  0,0;  0,0; 39,1;  8,7; 12,6;  0,0;0,0;0,0;---;96,1;181,0
  10/1976;  0,0;  0,0;  0,0;  0,0;  0,0; 36,2;  2,6;  0,0; 85,1;  0,0;  0,0;  0,0;  0,0;  0,0;  0,0; 17,1; 36,3;  0,0;  0,0;  0,0;  0,0;  0,0;  0,0;  0,0;  0,0; 56,2;  0,0;  0,0;0,0;0,0;15,2;85,1;248,7
  11/1976;  0,0;  0,0;  0,0;  0,0;  9,6; 21,2;  0,0;  0,0;  0,0;  0,0;  0,0;  0,0; 32,1;  0,0;  0,0; 39,8;  0,0;  0,0; 64,1; 13,2;  8,7;  0,0;  0,0;  0,0;  0,0;  0,0;  6,7;  0,0;4,2;0,0;---;64,1;199,6
  12/1976;  7,1; 63,2;  0,0;  0,0;  2,6;  0,0;  0,0;  0,0;  0,0; 11,3;  6,7;  4,2;  0,0;  7,8;  6,1;  3,9;  0,0; 28,1;  0,0;  0,0;  7,1;  0,0;  0,0;  0,0;  0,7;  0,0;  0,0; 11,2;7,8;0,0;0,0;63,2;167,8
  01/1977;  0,0;  0,0;  6,2;  0,0; 10,1;  0,0;  0,0; 31,2; 46,8;  0,0;  0,0;  0,0;  0,0;  0,9;  0,0;  0,0;  1,2;  6,1;  2,7; 43,2;  0,0; 10,5;  0,0; 67,2; 31,5; 16,1;  5,6;  1,7;0,0;3,2;2,6;67,2;286,8
  02/1977;  6,7;  8,2;  0,0;  3,4; 21,2;  6,8;  0,0;  0,0;  0,0;  0,0;  0,0;  0,9;  0,0;  0,0;  0,0;  0,0;  0,0;  0,0;  0,0;  0,0;  0,0;  0,0;  9,1;  0,0;  0,0;  0,0;  0,0;  0,0;---;---;---;21,2;56,3
  03/1977;  0,0;  0,0;  0,0;  0,0; 37,1;  0,0;  0,0;  0,0; 17,1; 11,3;  0,0;  0,0;  0,0; 21,5;  7,1;  0,0;  1,3;  1,6;  0,0;  0,0;  3,2; 36,2; 18,2;  0,0;  0,0;  0,0;  1,5;  0,0;26,7;0,0;17,2;37,1;200,0
  04/1977; 27,2;  0,0;  0,0;  2,5;  0,0;  0,0;  0,0;  0,0;  0,0; 43,1;  0,0;  0,0;  0,0;  0,0;  0,0;  0,0;  0,0;  0,0;  0,0; 69,3;  0,0;  0,0;  0,0;  0,0;  0,0;  0,0;  0,0;  0,0;0,0;0,0;---;69,3;142,1
  05/1977;  0,0;  0,0;  0,0;  0,0;  0,0;  0,0;  0,0;  0,0;  3,7;  0,0;  0,0;  0,0;  0,0;  0,0;  0,0;  0,0;  0,0;  0,0;  0,0;  0,0;  0,0;  0,0;  0,0;  0,0;  0,0;  0,0;  0,0;  0,0;0,0;0,0;0,0;3,7;3,7
  06/1977;  5,3;  0,0;  3,4;  6,1;  0,0;  0,0;  0,0;  0,0;  0,0;  0,0;  0,0;  0,0;  0,0;  0,0;  2,9;  0,0;  0,0;  0,0;  0,0;  0,0;  0,0; 12,9;  1,4;  0,0;  1,3;  0,0;  0,0;  0,0;0,0;0,0;---;12,9;33,3
  07/1977;  0,0;  0,0;  0,0;  0,0;  0,0;  0,0;  0,0;  0,0;  0,0;  0,0;  0,0;  0,0;  0,0;  0,0;  0,0;  0,0;  0,0;  0,0;  4,3;  0,0;  0,0;  0,0;  0,0;  0,0;  0,0;  0,0;  0,0;  0,0;0,0;0,0;0,0;4,3;4,3
  08/1977;  0,0;  0,0;  0,0;  0,0;  0,0;  0,0;  0,0;  0,0;  0,0;  0,0;  0,0;  0,0;  0,0;  0,0;  0,0;  0,0;  0,0;  0,0;  0,0;  0,0;  0,0;  0,0;  0,0;  0,0;  0,0;  0,0;  0,0;  0,0;0,0;3,2;6,1;6,1;9,3
  09/1977; 45,2; 37,1;  3,2;  0,0;  0,0;  0,0;  4,9;  4,2;  0,0;  0,0;  0,0;  0,0;  0,0;  0,0;  0,0;  0,0;  0,0;  0,0;  2,9;  0,0;  0,0;  0,0;  0,0;  3,9;  0,0;  0,0;  0,0;  0,0;0,0;0,0;---;45,2;101,4
  10/1977;  2,1; 12,9;  0,0; 45,8;  0,0;  0,0;  0,0;  0,0;  0,0;  0,0;  0,0;  0,0;  0,0;  0,0;  0,0;  0,0; 36,5;  0,0;  0,0;  0,0;  0,0;  0,0;  0,0;  5,7;  0,0;  0,0; 14,6; 49,4;0,0;0,0;2,6;49,4;169,6
  11/1977;  0,0; 36,2;  0,0;  0,0; 27,1;  0,0;  0,0;  0,0;  0,0;  0,0;  3,8;  0,0;  4,3; 36,2;  2,1; 16,7; 50,6; 25,1;  7,0;  0,6;  5,4;  0,5; 15,8;  0,0; 16,2;  0,0; 26,3; 27,2;0,7;0,0;---;50,6;301,8
  12/1977; 35,6; 19,0;  5,1;  1,8; 12,7; 67,2; 38,0; 27,1;  8,6; 16,2;  0,0;  0,0;  0,0; 27,2;  0,0;  0,0;  0,0;  0,0; 20,6; 17,1;  9,2; 11,8; 23,5;105,6;  0,0;  0,0;  0,0;  0,0;0,0;0,0;0,0;105,6;446,3
  01/1978;  0,8; 67,2; 26,0; 13,1; 37,8; 18,1;  8,9; 11,2;  0,8; 21,3;  7,1; 20,8; 47,1; 26,2; 47,3; 14,5; 26,5; 15,2;  0,0;  0,0;  0,0; 27,2;  0,0;  0,6;  0,0;  0,0;  0,0;  0,0;0,0;0,0;0,0;67,2;437,7
  02/1978;  0,0;  0,0;  0,0;  0,0;  0,0;  0,0; 41,2;  0,0;  0,0;  0,0;  0,0;  1,4;  0,0;  0,0;  0,0;  0,0; 16,7;  0,0;  0,0;  0,0; 39,2;  0,0;  6,2;  0,0;  0,0;  5,8;  0,0;  0,5;---;---;---;41,2;111,0
  03/1978;  5,3; 27,2; 40,0; 16,1;  4,2;  0,0;  0,0;  0,0; 87,3; 45,7;  6,1;  0,0;  7,2;  0,0;  0,0;  0,0;  0,0;  0,0;  0,0;  0,0;  0,0;  0,0;  0,0;  0,0;  0,0;  0,0;  0,0;  0,0;0,0;12,6;7,2;87,3;258,9
  04/1978; 46,4;  0,0; 11,2; 17,6;  0,0;  0,0;  0,0;  0,0;  0,0;  0,0;  0,0;  0,0;  0,0;  0,0;  0,0;  0,0;  0,0;  0,0;  0,0;  0,0;  0,2;  0,0;  0,4;  0,0;  0,0;  0,0;  0,0;  0,0;0,0;0,0;---;46,4;75,8
  05/1978;  0,0;  0,0;  0,0;  0,0;  0,0;  0,0;  0,0;  0,0;  0,0;  0,0;  0,0;  0,0;  0,0;  0,0;  0,0;  0,0; 36,8;  9,6;  0,0;  0,0;  0,0;  4,5; 25,3;  0,0;  0,0;  0,0;  0,0; 11,9;0,0;23,8;10,2;36,8;122,1
  06/1978;  0,0;  0,0;  0,0;  0,0;  0,0;  0,0;  0,0;  0,0; 23,0;  0,0;  0,0;  0,0;  0,0;  0,0;  0,0;  0,0;  0,0;  0,0;  0,0;  0,0;  0,0;  0,0;  0,0;  0,0;  0,0;  0,0;  0,0;  0,0;0,0;0,0;---;23,0;23,0
  07/1978;  0,0;  0,0;  0,0;  0,0;  0,0;  0,0;  0,0;  0,0;  0,0;  0,0;  0,0;  0,0;  0,0;  0,0;  0,4;  0,8; 16,7;  4,3;  0,3; 16,7;  4,8;  0,4;  0,0;  0,3; 17,2;  0,0;  0,0;  0,0;0,0;0,0;0,0;17,2;61,9
  08/1978;  0,0;  0,0;  0,0;  0,0;  0,0;  0,0;  0,0;  0,0;  0,0;  0,0;  0,0;  0,0;  0,0;  0,0;  0,0;  0,0;  0,0;  0,0;  0,0;  0,0;  0,0;  0,0;  0,0;  0,0;  0,0;  0,0;  0,0;  0,0;0,0;0,0;0,0;0,0;0,0
  09/1978;  0,0;  0,0;  6,8;  0,0;  0,4;  3,7;  0,0; 26,2;  0,0;  0,0;  0,0;  0,0;  0,0;  0,0; 24,6;  0,0; 15,2;  0,0;  0,0;  0,0;  0,0;  0,0;  0,0;  0,0;  0,0;  0,0;  0,0;  0,0;0,0;0,0;---;26,2;76,9
  10/1978;  0,0;  0,0;  0,0;  0,0;  0,0;  0,0;  0,0;  0,0;  0,0;  0,0; 14,6;  0,0;  0,0;  0,0;  0,0;  0,0;  1,7;  0,0; 15,7;  0,0;  0,0;  0,0;  0,0;  0,0;  0,0;  0,0;  0,3;  7,8;0,9;0,0;0,0;15,7;41,0
  11/1978; 35,2;  0,0;  1,2; 26,3; 18,7;  0,2;  0,0;  0,0;  0,0;  1,3; 30,8; 18,1; 15,3;  0,0;  0,0;  0,0;  0,0;  0,0;  0,0;  0,0;  0,0;  0,0;  0,0; 20,5;  0,0;  0,0;  0,0; 12,8;10,3;0,0;---;35,2;190,7
  12/1978;  0,0;  0,0;  0,0;  0,0;  0,0;  5,6;  0,0; 37,2; 57,8;  1,5; 15,9;  0,6; 10,2;  0,0;  0,5;  0,0;  0,0;  0,0;  0,0;  0,0;  0,0;  0,0;  0,0;  0,0;  0,0;  8,6; 26,2; 35,4;0,0;0,0;0,0;57,8;199,5
  01/1979;  0,0;  0,2;  2,6; 37,0;  5,3; 17,0;  0,2;  3,7;  0,0;  0,0;  0,0;  1,7;  4,0;  3,7;  0,0;  0,0;  0,0;  0,0;  0,0;  0,0;  3,9;  6,4;  0,0;  0,0; 17,2;  8,3;  0,0;  0,8;10,4;9,4;0,0;37,0;131,8
  02/1979;  0,0;  0,0;  0,0;  0,0;  0,0;  0,0;  0,0;  0,6;  1,4;  5,4; 26,7;  9,8;  8,4; 19,0; 15,5;  0,9;  0,3;  0,0;  0,0;  0,0;  0,0;  0,0; 16,9;  8,3;  0,0;  0,0;  0,5;  0,0;---;---;---;26,7;113,7
  03/1979;  0,0;  0,7;  0,0;  0,0;  0,0;  0,0;  0,0;  0,0;  0,0;  0,0;  0,0; 12,3; 76,1; 15,4; 26,2;  0,0;  0,0;  0,0;  0,0;  4,1;  0,0;  0,0;  0,0;  0,0;  0,0;  0,0;  0,0;  0,0;0,0;0,0;0,0;76,1;134,8
  04/1979;  0,0;  0,0; 44,9;  9,8; 15,6;  0,0;  0,0;  0,0;  0,0;  0,0;  0,0;  0,0;  0,0;  0,0;  0,0;  0,0;  0,0;  0,0;  0,0;  0,0;  0,0;  0,0;  0,0;  0,0;  0,0;  0,0;  0,0;  0,0;0,0;0,0;---;44,9;70,3
  05/1979;  0,0;  0,0;  0,0;  0,0;  9,2;  0,0;  2,1;  0,3; 10,2;  0,0;  0,0;  0,0;  0,0;  0,0;  0,0;  0,0;  0,0;  0,0;  0,0;  0,0;  0,0;  0,0;  0,0;  0,0;  0,0;  0,0;  0,0;  0,0;0,3;0,0;0,0;10,2;22,1
  06/1979;  0,0;  0,0;  0,0;  0,0;  0,0;  0,0;  0,0;  0,0;  0,0;  0,0;  0,0;  0,0;  0,0;  0,0;  0,0;  0,0;  0,0;  0,0;  0,0;  0,0;  0,0;  0,0;  0,0;  0,0;  0,0;  0,0;  0,0;  0,0;0,0;0,0;---;0,0;0,0
  07/1979;  0,0;  0,0;  0,0;  0,3;  0,0;  0,0;  0,0;  0,0;  0,0;  0,0;  0,0;  0,0;  0,0;  0,0;  0,0;  0,0;  0,0;  0,0;  0,0;  8,6;  9,1;  9,9; 10,4; 18,3;  6,5;  8,6;  0,0;  0,0;0,0;0,0;0,0;18,3;71,7
  08/1979;  0,0;  0,0;  0,0;  0,0;  0,0;  0,0;  0,0;  0,0;  0,0;  0,0;  0,0;  0,0;  0,0;  0,0;  0,0;  0,0;  0,0;  0,5; 32,6;  0,0;  0,0;  0,0;  0,0;  0,0;  0,0;  0,0;  6,4;  0,0;0,0;0,0;0,0;32,6;39,5
  09/1979;  0,0;  0,2;  0,0;  0,0;  0,0;  0,0;  0,0;  0,0;  0,6; 22,3; 10,8; 16,2;  0,0;  0,0;  0,0;  2,1;  0,3;  0,0;  0,0;  0,0;  0,0;  0,0;  0,0;  9,1;  0,0;  0,0;  0,0;  0,0;0,0;0,0;---;22,3;61,6
  10/1979;  0,0;  0,0;  0,0;  0,0;  0,0;  0,0;  0,0;  0,3;  0,0;  0,0;  0,0;  0,0;  0,0;  1,6; 75,8;  0,0;  0,0;  0,0;  0,0;  0,0;  0,0;  0,0;  0,0;  0,0;  0,0;  0,0;  8,4;  0,0;4,7;0,0;0,3;75,8;91,1
  11/1979;  5,5;  0,0; 56,7;  7,8;  2,6;  0,0;  0,0;  0,3; 11,2; 45,3;  0,2;  0,0;  0,0;  0,0;  0,0;  0,0;  0,0;  0,0; 39,2;  0,0;  0,0;  0,0;  9,0;  7,1; 31,9; 33,2;  0,0;  0,0;0,0;0,0;---;56,7;250,0
  12/1979;  0,0;  0,5;  0,2;  1,2;  3,7;  0,0;  0,0;  0,0;  0,0;  0,0;  0,0;  0,0; 22,6; 16,2;  1,3;  5,7;  0,2;  0,0;  0,0; 56,2;  0,0;162,2;  0,3; 16,2; 42,4;  8,2;  6,4;  1,3;28,5;0,2;38,9;162,2;412,4
  01/1980;  0,7;  0,0;  0,0;  0,0;  0,0;  0,0;  6,9;  6,2;  0,0; 46,2;  0,0;  0,0;  0,0;  1,9;  0,0;  0,0;---;101,5; 26,2;  0,0; 10,4;  0,0;  0,0;  0,0; 50,2;  0,0;  0,0;  0,0;7,9;0,9;35,7;---;---
  02/1980;  0,0;  4,9; 23,2;  0,0;  0,0;  0,0;  0,0;  0,0;  0,0;  2,4; 28,2; 17,6; 10,2;  0,8;  3,7;  0,9;  0,0;  0,2;  0,1;  0,0;  0,0;  0,0;  0,0;  0,8; 56,2; 10,5;  0,8; 20,7;28,2;---;---;56,2;209,4
  03/1980;  0,0;  0,0;  0,0;  0,0;  0,0;  6,2;  0,0;  0,0;  0,0;  0,0;  1,7;  0,0;  0,0; 17,8;119,6; 20,5; 38,6;  1,2;  0,0;  0,0;  0,0;  0,0;  0,0;  0,0;  0,0;  0,0;  0,0;  0,0;0,0;0,0;0,0;119,6;205,6
  04/1980; 43,2; 10,1; 11,4; 16,7; 24,1;  0,0;  0,0;  0,0;  0,0;  0,0;  0,3; 18,6;  0,2;  0,8; 24,1;  2,3;  0,0;  0,0;  0,0;  0,0;  0,0;  0,0;  0,0;  0,0;  0,0;  0,0;  0,0;  0,0;0,0;0,0;---;43,2;151,8
  05/1980;  0,0;  0,0;  0,0;  0,0;  0,0;  0,0;  0,0;  0,0;  0,0;  0,0;  0,0;  0,5;  0,0;  0,0;  0,0;  0,0;  0,0;  0,0;  0,0;  0,0;  0,0;---;  0,0;  0,0;  0,0;  0,0;  0,0;  0,0;0,0;0,0;0,0;---;---
  06/1980;  0,0;  0,0;  0,0;  0,0;  0,0;  0,0;  0,0;  0,0;  0,0;  0,0;  0,0;  0,0;  0,0;  0,0;  0,0;  0,0;  0,0;  0,0;  0,0;  0,0;  0,0;  0,0;  0,0;  0,0;  3,9; 28,4;  0,0;  0,0;0,0;0,0;---;28,4;32,3
  07/1980;  0,0;  0,0;  0,2;  0,0;  0,0;  0,0;  0,0;  0,0;  0,0;  0,0;  0,0;  0,0;  0,0;  0,0;  0,0;  0,0;  0,0;  0,0;  0,0;  0,0;  0,0;  0,0;  0,0;  0,0;  0,0;  0,0;  0,0;  0,9;0,0;0,0;0,0;0,9;1,1
  08/1980;  0,0;  0,0;  0,0;  0,0;  0,0;  0,0;  0,6;  0,0;  0,0;  0,0;  0,0;  0,0;  0,0;  0,0;  0,0;  0,0;  0,0;  0,0;  0,0;  0,0;  0,0;  0,0; 13,2;  0,0;  0,0;  0,9;  0,0;  0,0;0,0;0,0;0,0;13,2;14,7
  09/1980;  0,0;  0,0;  0,0;  0,0;  0,0;  0,0;  0,0;  0,0;  0,0; 14,2;  0,0;  0,3;  0,0;  0,0;  0,0;  5,2;  0,0;  0,2;  6,9;  1,6;  1,9;  0,5;  0,0;  0,0;  0,0;  0,0;  0,0; 34,1;0,0;0,0;---;34,1;64,9
  10/1980;  0,0;  0,0;  0,0;  0,0;  0,0;  0,0;  0,0;  0,0;  8,7;  0,0; 12,2; 18,1;  0,0;  0,0;  0,0;  0,0;  0,0;  0,0;  0,0;  0,0;  0,0;  0,0;  0,0;  0,0;  0,0;  6,5;  0,0;  0,0;0,0;0,0;12,1;18,1;57,6
  11/1980;  0,0;  0,0;  0,0; 36,4; 17,9;  0,0; 26,1;  4,6;  8,5;  0,4; 15,9;  0,0;  0,0;  0,0;  0,0;  0,0;  0,0;  0,0;  0,0;  2,7;  0,0;  0,0; 74,9; 20,8;  0,0;  0,0;  0,0;  0,0;0,0;0,0;---;74,9;208,2
  12/1980;  6,1; 10,0;  0,0;  0,0;  0,0;  1,2;  0,0;  6,2; 15,7; 45,3;  0,0;  0,0; 35,2; 49,4;  0,0;  0,0;  0,0;  0,0;  0,0; 12,7;  0,5;  0,0;  0,9;  0,0;  9,6;  0,4; 29,6; 42,3;---;0,0;0,0;---;---
  01/1981;  0,0;  0,3;  0,0;  1,1;  0,0;  0,0;  0,8;  3,2;  0,0;  0,0; 27,3;  9,1;  8,7; 24,6; 17,8;  0,0;  0,0;  9,1;  0,0;  0,0;  2,1; 27,1;  0,8;  0,0;  0,7;  4,2;  0,0;  5,7;0,0;0,0;0,2;27,3;142,8
  02/1981;  6,8;  0,0;  0,0;  0,3;  9,7;  0,0;  9,0; 25,9;  0,0; 16,0;  0,0;  1,9;  0,0;  0,4; 11,9;  0,0;  0,0;  0,0;  0,0;  0,0;  2,3;  0,0;  0,0;  0,0;  0,0;  0,4; 14,9;  0,3;---;---;---;25,9;99,8
  03/1981;  6,4;  0,0;  0,0;  0,0;  5,6;  0,0;  0,0;  0,0;  0,4;  0,3;  0,0;  9,5;  0,0;  0,0;  0,0; 63,4;  4,9; 35,6; 46,4;  0,0;  0,0;  0,0;  0,0;  2,9;  0,0;  6,2;  0,5;  9,6;23,4;0,0;0,0;63,4;215,1
  04/1981;  0,0;  0,0;  0,0;  0,0;  0,0;---;  0,0;  0,0;  0,0;  0,0;  0,0;  0,0;  0,0;  0,0;  0,0;  8,7;  0,0;  0,0;  0,0;  0,0;  0,0;  0,0;  0,2; 40,6;  0,0;  0,0;  0,0; 15,2;0,0;0,0;---;---;---
  05/1981;  0,0;  0,0;  0,0;  0,0;  0,0;  0,0;  0,0;  0,0;  0,0;  0,0;  0,0;  0,0;  0,0;  0,0;  0,0;  0,0;  0,0;  0,0;  0,0;  0,0;  0,0;  0,0;  0,0;  0,0;  0,0;  0,2;  0,0;  0,0;0,0;0,0;0,0;0,2;0,2
  06/1981;  0,0;  0,0;  0,2;  2,8;  0,0;  0,0; 56,7;  0,0;  0,0;  0,0;  0,0;  0,0;  0,0;  0,0;  0,0;  8,9; 23,2;  0,6;  0,0;  0,0;  0,0;  0,0;  0,0;  0,0;  0,0;  0,0;  0,0;  0,0;0,0;0,0;---;56,7;92,4
  07/1981;  0,0;  0,0;  0,0;  0,0;  0,0;  0,0;  0,0;  0,0;  0,0;  0,0;  0,0;  0,0;  0,0;  0,0;  0,0;  0,0;  0,0;  0,0;  0,0;  0,0;  0,0;  0,0;  0,0;  0,0;  0,0;  0,0;  0,0;  0,0;0,0;0,0;---;---;---
  08/1981;  0,0;  0,0;  0,0;  0,0;  0,0;  0,0;  0,0;  0,0;  0,0;  0,0;  0,0;  0,0;  0,0;  0,0;  0,0;  0,0;  0,0;  0,7;  0,0;  0,0;  0,0;  0,0;  0,0;  0,0;  0,0;  0,0;  0,0;  0,0;0,0;0,0;0,0;0,7;0,7
  09/1981;  0,0;  0,0;  0,0;  1,2;  0,0;  0,0;  0,0;  0,0;  0,0;  0,0;  0,0;  0,0;  0,0;  0,0;  0,0;  0,0;  0,0;  0,0;  0,0;  0,0;  0,0;  0,0;  0,0;  0,0;  0,0;  0,0;  0,0;  0,0;1,0;0,0;---;1,2;2,2
  10/1981;  0,0;  0,0;  0,0;  0,0;  6,7;  4,1;  9,2;  3,8;  0,0;  0,0;  0,0;  7,1; 37,4;  0,0;  0,0;  8,1;  0,0;  0,0;  0,0; 18,2;  0,0;  0,0;  0,0;  0,0;  0,0;  0,0; 18,7; 67,4;0,4;0,0;0,0;67,4;181,1
  11/1981;  0,0;  0,0;  6,7;  0,0;  0,0;  0,0;  0,7;  0,0;  0,0; 20,6; 13,9; 27,3;  0,0;  9,6;  0,0;  0,0;  0,0;  0,3; 76,8;  6,7;  0,0;  0,0;  0,0;  0,0;  0,0;  0,0;  0,0;  0,0;9,2;38,7;---;76,8;210,5
  12/1981;  2,6; 17,4;  0,0;  0,0;  8,7;  0,0; 20,5; 13,2;  1,6; 17,4; 18,1; 20,3;  0,0;  0,0;  0,0;  0,2; 16,1; 20,4;  6,8;  0,0;  0,0; 37,4;  0,7; 32,4;  0,0;  0,0;  2,6; 15,3;0,0;0,0;11,6;37,4;263,3
  01/1982;  0,0;  0,0; 26,3;  0,0;  0,1;  0,0;  0,0; 32,6;  0,2;  0,4;  0,6; 30,7;  0,8;  0,0;  0,0;  0,0;  0,0;  0,0;  0,0;  0,0;  9,7;  0,0; 14,5; 26,9;  0,8;  0,0;  3,4;  9,7;53,8;1,0;19,2;53,8;230,7
  02/1982;  4,3;  3,7; 11,3;  0,0;  0,0; 12,4; 18,7;  0,0;  0,3;  0,1;  0,0;  0,0;  0,0;  0,0;  0,0;  0,0; 17,9;  0,0;  0,0;  0,0;  0,0;  0,0;  0,0;  8,7; 11,4; 15,7;  0,0;  6,8;---;---;---;18,7;111,3
  03/1982;  0,0; 37,1;  2,1;  0,0;  0,0;  0,4;  5,6;  0,9;  4,5; 30,4;  2,3; 30,6;  7,8; 36,4; 28,7;  0,0;  5,1;  0,3;  0,0;  1,4;  0,0;  3,9; 16,4;  3,6;  0,2;  0,0;  0,0;  0,0;0,0;0,0;0,0;37,1;217,7
  04/1982;  0,0;  0,0;  0,0;  0,0;  0,0;  6,4;  0,0;  0,0;  0,0;  0,0;  0,0;  0,0;  0,3; 26,4; 12,5;  0,0;  0,0;  0,0;  0,0;  0,0;  0,0;  0,0;  0,0;  0,0;  0,0;  0,0;  0,0;  0,0;0,0;0,0;---;26,4;45,6
  05/1982;  0,0;  0,0;  0,0;  0,0;  0,0;  0,0;  0,0;  0,0;  0,0;  0,0;  0,0;  0,0;  0,0;  0,0;  0,0;  0,0;  0,4;  0,0; 17,2;  0,0;  0,0;  0,0;  0,0; 26,8; 28,7;  0,5;  0,0;  0,0;0,0;0,0;0,0;28,7;73,6
  06/1982;  0,0;  0,0;  0,0;  0,0; 26,4;  0,0;  0,0;  0,0;  0,0;  0,0;  0,0;  0,0;  6,9;  0,0;  0,0;  1,4;  0,0;  0,0;  0,0;  0,0;  0,0;  0,0;  0,1;  0,0;  0,0;  0,4;  0,0;  0,0;0,2;0,0;---;26,4;35,4
  07/1982;  0,0;  0,0;  0,0;  0,0;  0,0;  0,0;  0,0;  0,0;  0,0;  0,0;  0,0;  0,0;  0,0;  5,6;  0,0;  0,0;  2,7;  0,0;  1,9;  0,0;  0,0;  0,0;  0,0;  0,0;  0,0;  0,0;  0,0;  0,0;0,0;0,0;0,0;5,6;10,2
  08/1982;  0,0;  0,0;  0,0;  0,0;  4,2;  0,0;  0,0;  0,0;  1,2;  1,9;  0,0;  0,0;  0,0;  0,0;  0,0;  0,0;  0,0;  0,0;  0,0;  0,0;  0,0;  0,0;  0,0;  0,0;  0,0;  0,0;  0,0;  0,0;0,0;2,3;0,0;4,2;9,6
  09/1982;  0,3;  0,0;  0,0;  9,2;  0,0; 13,3;  0,0;  0,0;  0,0;  0,0;  0,0;  0,0;  0,0;  0,0;  0,0;  0,0;  0,0;  0,0;  6,1;  0,0;  0,0;  0,0;  0,0;  0,0;  0,2;  0,0;  0,4; 12,2;0,0;0,0;---;13,3;41,7
  10/1982;  0,0;  0,0;  0,0;  0,0;  0,0;  1,6;  1,9; 17,2; 19,7;  0,0; 59,1; 18,5; 22,3;  0,0;  0,0;  0,0;  0,0;  0,0; 22,7;  0,0; 13,6;  0,0;  0,0;  0,0;  0,0;  0,0;  0,0;  0,0;0,9;0,0;0,0;59,1;177,5
  11/1982;  0,0;  0,0;  0,0;  0,0; 12,1;  8,6;  0,3;  0,0;  0,0; 15,7; 12,0; 91,9;  0,0;  0,0;  0,0; 12,3; 21,2;  0,0;  0,0;  0,0;  1,2;  0,8; 10,3;  6,8;  0,0;  0,0;  0,0;  0,3;4,5;0,0;---;91,9;198,0
  12/1982; 43,5;  0,3;  0,0;  0,0;  0,9;  6,7; 28,9;  0,7;  0,0;  0,0;  0,5;  0,9; 12,5;  0,7;  0,0;  0,2;  9,6; 14,7;  0,0;  0,0;  2,9;  3,6;  8,9; 67,2;  0,0;  0,0;  0,0;  0,2;20,5;28,6;0,4;67,2;252,4
  01/1983;  0,0;  0,0;  8,5;  9,8;  0,0; 33,6; 10,5; 12,1;  0,0;  0,0;  0,0;  0,3; 12,1; 23,7; 16,2; 19,7; 53,2; 20,4; 18,5; 14,5;  3,8;  0,0;  0,0;  0,0;  0,0;  0,2;  0,0; 14,6;0,3;0,8;8,9;53,2;281,7
  02/1983; 10,4; 39,7;  0,5;  0,0;  0,0;  0,0;  0,0; 18,5;  4,6;  3,2;  0,0;  1,4;  0,2;  1,8;  9,7;  0,0;  0,0;  0,0;  0,2;  9,7;  0,0;  1,6;  9,4;  0,0;  0,0;  0,0;  0,0;  0,0;---;---;---;39,7;110,9
  03/1983;  0,0; 15,6;  0,0;  0,0; 43,5;  0,5; 41,9; 87,2;  3,6;  0,0;  0,0;  0,0;  0,9;  0,0;  1,5;  0,0;  0,0;  0,0;  4,5;  0,0;  0,0;  0,0;  0,0;  0,0;  0,0;  0,4;  0,2;  0,0;0,0;0,0;0,0;87,2;199,8
  04/1983;  0,0;  0,0;  0,0;  0,0;  0,1;  9,2;  2,3;  0,0;  0,0;  0,0; 20,3; 12,4;  0,0;  0,0;  0,0;  5,1;  0,0;  0,0;  0,0;  5,7;  0,0;  0,9;  0,0;  0,3; 24,5; 28,9;  0,0;  0,0;0,0;2,6;---;28,9;112,3
  05/1983;  0,6;  0,0;  0,0;  0,0;  0,0;  0,0;  0,0;  0,0;  0,0;  0,0;  0,0;  0,0;  0,0;  0,5;  0,0;  0,0;  0,0;  0,0;  2,7;  0,0; 19,2;  0,0; 25,3; 18,7;  0,2;  0,0;  0,0;  0,0;0,3;0,0;10,2;25,3;77,7
  06/1983;  1,6;  2,1;  0,0;  0,0;  0,0;  0,0;  6,8;  0,0;  0,0;  8,7;  0,0;  0,0;  0,0;  0,1;  0,0;  0,3;  0,0;  0,0;  0,0;  0,0;  0,0;  0,0;  0,0;  0,0;  0,0;  0,0;  0,0;  0,0;0,0;0,0;---;8,7;19,6
  07/1983;  0,0;  0,0;  0,0;  0,0;  0,0;  0,0;  0,0;  0,0;  0,0;  0,0;  0,0;  0,0;  0,0;  0,0;  0,0;  0,0;  0,0;  0,6; 54,2; 15,6;  0,4;  0,0;  0,0;  0,0;  0,0;  0,0;  0,0;  0,0;0,0;0,0;0,0;54,2;70,8
  08/1983;  0,0;  0,0;  0,0;  0,0;  0,0;  0,0;  0,0;  0,0;  0,0;  0,0;  0,0;  0,0;  0,0;  0,0;  0,0;  0,0;  0,0;  0,0;  0,0;  0,0;  0,0;  0,0;  0,0;  0,0;  0,0;  0,0;  0,0;  0,0;0,0;0,0;0,0;0,0;0,0
  09/1983;  0,0;  0,0;  0,0;  0,0;  0,0; 20,3;  0,8;  0,3; 34,8;  0,1;  0,0;  0,0;  9,1;  0,0;  0,0;  0,0;  0,0;  0,2; 17,9;  3,0;  0,0;  0,0;  0,0;  0,0;  4,2;  7,4;  0,0;  0,0;0,0;0,0;---;34,8;98,1
  10/1983;  0,0;  0,0;  0,0;  7,1;  0,0;  0,2;  2,6;  0,2;  0,0;  0,0;  0,4; 27,2; 18,5;  2,7;  1,8;  0,5;  1,6;  2,4;  0,8;  0,0;  1,8;  3,5; 40,2; 17,6;  0,0; 14,2;  0,0;  0,3;0,0;0,0;0,0;40,2;143,6
  11/1983;  8,2;  0,0;  7,8;  0,0;  0,0;  0,0;  0,0;  0,0;  0,0;  0,0;  4,3; 12,5;  0,3; 11,2;  7,6;  1,2;  0,0;  0,0;  0,2; 13,7; 38,9; 10,3;  0,4;  0,0;  0,0;  0,0;  0,0;  0,0;0,0;3,3;---;38,9;119,9
  12/1983; 35,8;  2,6;  0,9;  0,0;  0,0;  0,0;  0,0;  0,2;  5,6;  1,2; 18,9; 12,3;  3,6; 21,7;  0,5;  0,0;  0,6;  0,2;  0,0; 11,3;  5,7; 24,6; 21,2; 36,7; 54,2;  0,8;  5,1;  0,0;9,8;0,3;2,1;54,2;275,9
  01/1984;  0,0;  0,0;  0,0;  0,0;  0,0;  0,0;  0,0;  0,5;  3,6;  5,2;  0,2;  0,0;  0,9; 10,5;  0,1;  0,0;  2,6;  0,0;  0,0;  9,6;  0,0;  0,1; 12,6; 15,2;  0,3;  6,0; 65,1; 23,9;14,6;0,0;3,4;65,1;174,4
  02/1984;  0,0;  0,0;  3,7;  0,5;  0,0;  0,0;  9,5;  2,9;  2,1;  0,0;  0,2; 42,4;  7,2;  0,4; 18,1;  0,2;  0,0;  0,0;  0,8; 46,8;  0,0;  0,0;  1,2; 15,6;  0,1;  0,0;  2,4;  0,0;0,0;---;---;46,8;154,1
  03/1984;  0,0; 13,4;  0,0;  0,0;  0,2; 27,6;  5,1;  0,0; 12,3;  0,0;  0,0;  0,0;  0,0;  0,0;  0,0;  0,0;  0,0;  0,0;  0,0;  0,0;  2,3; 23,1; 12,4;  0,0;  0,0;  0,0;  0,1;  0,0;0,2;0,0;7,2;27,6;103,9
  04/1984;  0,0;  0,0; 11,2;  0,4;  1,5;  0,0;---;  0,2; 11,7; 19,2;  0,0;  0,0;  0,0;  0,0;  0,0;  0,0; 14,6;  0,0;  0,0;  0,0;  0,0;  9,2;  0,0;  2,3;  3,5;  0,0;  0,0;  0,0;31,9;0,0;---;---;---
  05/1984;  4,6; 13,2;  0,6;  0,0;  0,0;  0,0;  0,0;  0,0;  0,0;  0,0;  0,0;  0,0;  0,0;  8,1;  0,0;  0,0;  0,0;  6,2;  0,0;  0,0;  0,0;  0,0;  0,0;  0,0;  0,0;  0,0;  0,0;  0,0;0,0;0,0;0,0;13,2;32,7
  06/1984;  0,0;  0,0;  0,0;  0,0;  0,0;  0,0;  0,0;  0,2;  0,0;  0,0;  0,0;  0,0;  0,0;  0,0;  0,0;  0,0;  0,0;  0,0;  0,0;  0,0;  0,0;  0,0;  0,0;  0,0;  0,0;  0,0;  0,0;  0,0;0,0;0,0;---;0,2;0,2
  07/1984;  0,0;  0,0;  0,0;  0,0;  0,0;  0,0;  0,0;  0,0;  0,0;  0,0;  0,0;  0,0;  0,0;  0,0;  0,0;  0,0;  0,0;  0,0;  0,0;  0,0;  0,0;  0,0;  0,0;  0,0;  0,0;  0,0;  0,0;  0,0;2,4;0,0;0,0;2,4;2,4
  08/1984;  0,0;  0,2; 12,5;  0,0;  0,0;  0,0;  0,0;  0,0;  0,0;  0,0;  0,0;  0,0;  0,0;  0,0;  0,0;  0,0;  0,0;  0,0;  0,0;  0,2;  4,6;  8,9; 12,0;  0,0;  2,6;  1,8;  0,0;  0,0;0,0;0,0;1,1;12,5;43,9
  09/1984;  0,0;  0,0;  0,0;  0,0;  0,0;  0,0;  0,0;  6,7; 15,7;  0,0;  0,0;  0,0;  0,0;  0,0;  0,0;  0,0; 14,5;  0,0;  0,0;  0,0;  7,1;  0,0;  0,0;  0,0;  0,0;  6,7; 10,4;  0,3;0,0;0,0;---;15,7;61,4
  10/1984;  0,0;  0,0;  0,0;  0,0;  0,0;  0,0;  0,0;  0,0;  0,0; 12,3;  0,0;  0,0;  0,0;  0,0;  0,0;  1,2;  0,0; 17,2;  0,0;  0,2;  0,0;  0,0;  0,0; 20,6;  0,3;  0,0;  0,0;  0,0;0,0;0,0;0,0;20,6;51,8
  11/1984;  0,0;  0,0;  0,0;  0,0;  0,0;  0,0;  0,0;  0,0;  0,0;  3,4;  0,0; 23,8;  0,0;  0,0;  0,0;  0,0;  3,9; 19,4;  0,0;  0,0; 46,3; 19,6;  0,0;  0,0;  0,0;  0,0;  0,0; 24,1;25,7;2,9;---;46,3;169,1
  12/1984;  0,0; 36,5;  0,0;  0,0;  0,0; 42,4;  0,0;  0,2; 15,6;  0,0;  0,0;  0,0;  8,6;  5,2; 26,6;  9,3; 22,4;  4,2;  0,0;  0,0;  0,0;  0,0;  0,0;  0,0;  0,0; 14,6;  0,9;  2,1;17,8;0,2;0,0;42,4;206,6
  01/1985; 49,5;  0,0;  0,0;  0,0;  0,0;  0,0;  0,0; 18,5;  7,9;  0,0;  0,0;  0,0;  0,0;  5,7;  1,6;  9,4;  6,2; 18,0;  0,0;  0,0;  1,8; 29,1; 35,0;  6,5; 11,7;  0,0;  0,2;  0,0;0,0;0,0;0,0;49,5;201,1
  02/1985;  1,2;  0,0;  0,1;  1,7; 19,1;  0,0;  0,0;  0,0; 25,4;  0,3;  3,4;  0,2;  0,1;  0,0;  0,0;  0,0;  0,0; 10,7;  0,0;  0,2;  4,6; 22,4;  1,4; 49,8; 19,7;  3,2; 31,7; 16,8;---;---;---;49,8;212,0
  03/1985; 29,1; 45,8; 21,2; 13,4; 15,7; 13,9; 19,2;  5,6;  0,1;  1,6;  0,9;  5,6;  0,2;  0,1; 20,7; 19,5; 28,1;  0,8;  0,0;  0,0;  0,6;  0,0;  0,0;  0,0;  0,0;  0,0;  0,0;  7,6;2,3;29,1;7,6;45,8;288,7
  04/1985; 19,2;  0,3;  0,0;  0,4; 47,4; 15,2;  3,1;  0,0;  0,0;  1,6; 35,6;  0,3;  0,0;  9,9;  0,2;  0,0;  0,0; 51,3;  0,0;  0,0;  0,0;  0,0;  0,0;  0,0;  0,0;  0,0;  0,0;  0,3;13,2;0,0;---;51,3;198,0
  05/1985; 19,6;  0,3;  0,0;  0,0;  0,0;  0,0;  0,0;  0,0;  0,0;  0,7;  0,0;  0,0;  0,0;  0,0;  0,0;  0,0;  0,0;  0,0;  0,0;  0,0;  0,0; 39,9;  0,0;  0,0;  0,0;  0,0;  0,0;  0,0;0,0;0,0;0,0;39,9;60,5
  06/1985;  0,0;  0,0;  0,0; 18,1;  0,0;  0,0;  0,0;  0,0;  0,0;  0,0;  0,0;  0,0;  0,0;  0,0;  0,0;  0,0;  0,0;  0,0;  0,0;  0,0;  0,0;  0,0;  0,0;  0,0;  0,0;  0,0;  0,0;  0,0;0,0;0,0;---;18,1;18,1
  07/1985;  0,0;  0,0;  0,0;  0,0;  0,0;  6,4;  1,3;  0,0;  0,0;  0,0;  0,0;  0,0;  0,0;  0,0;  0,0;  0,0;  0,0;  0,0;  0,0;  0,0;  0,0;  0,0;  0,0;  0,0;  0,0;  0,0;  0,0;  0,0;0,0;0,0;0,0;6,4;7,7
  08/1985;  0,0;  0,0;  0,0;  0,0;  0,0;  0,0;  0,0;  0,0;  0,0;  0,0;  0,0;  0,0;  0,0;  0,0;  0,0;  0,0;  0,0;  0,0;  0,0;  0,0;  0,0;  0,0;  0,0;  0,0;  0,0;  0,0;  0,0;  0,0;0,0;0,0;0,0;0,0;0,0
  09/1985;  0,1;  0,6;  0,0;  0,0;  0,0;  0,0;  0,0;  0,0;  0,0;  0,0;  0,0;  0,0;  0,0;  0,0;  0,0;  0,0;  0,0;  0,0;  0,0;  0,0;  0,0;  0,0;  0,0;  0,2;  0,0;  0,0;  0,0;  0,0;0,0;0,1;---;0,6;1,0
  10/1985;  0,0;  0,0;  0,0;  0,0;  0,0;  0,0;  0,0;  0,8;  0,0;  3,1;  0,0;  0,0;  0,0;  0,0;  0,0;  0,0;  1,2;  0,0;  0,0;  0,0;  0,7;  0,0;  0,0;  0,0;  0,0;  0,0;  0,2;  0,0;19,7;0,0;0,0;19,7;25,7
  11/1985; 21,4;  0,8;  1,3; 43,2;  0,8;  0,0;  0,0;  0,0;  0,0;  0,0;  0,0;  6,3;  0,0;  0,0;  0,0;  0,0;  0,0;  0,0;  0,0;  9,7;  0,0;  0,0;  0,0;  0,0; 26,3;  2,8;  6,3;  0,0;0,0;0,0;---;43,2;118,9
  12/1985;  0,0;  0,0;  0,0;  5,4;  0,0;  0,0;  0,0;  0,0;  0,0;  0,0;  0,0;  0,0;  0,0;  0,0; 17,1;  9,1;  0,0;  0,0;  0,0;  0,0;  0,0; 19,3;  8,4;  7,1;  0,2;  0,0; 46,5;  0,0;0,0;0,3;0,0;46,5;113,4
  01/1986;  0,0;  3,5;  0,0;  0,0;  3,9;  6,6;  0,2; 11,1;  3,7;  0,6; 41,7; 34,2; 20,4;  0,4; 40,7;  0,0;  0,0;  0,0;  0,0;  0,0;  0,0;  3,3;  0,0;  0,0;  0,0;  0,0;  0,0;  0,0;6,1;0,0;1,3;41,7;177,7
  02/1986;  0,0;  0,0;  4,9;  0,0;  1,1;  0,0;  0,1;  0,0;  0,0;  5,8;  0,0; 29,8;  0,0;  6,3;  7,2;  5,8;  9,6;  7,1;  0,3;  0,0;  0,0;  0,0;  0,0;  0,0;  0,0;  0,0;  0,0;  0,0;---;---;---;29,8;78,0
  03/1986; 20,8;  0,0; 15,3; 28,1; 12,3; 35,4;  0,4;  0,2;  0,0; 17,9;  0,2;  0,0;  0,0;  0,0;  0,0;  0,0;  0,0;  0,0;  0,0;  0,0;  0,0; 27,8; 29,5;  0,0;  7,1;  0,0;  0,0;  0,0;0,0;28,6;0,0;35,4;223,6
  04/1986;  0,0;  0,0;  0,0;  0,0;  0,0;  0,0;  0,0;  0,0;  0,0;  0,0;  0,0;  0,0;  0,0;  0,0; 22,3;  0,0;  0,0;  0,0;  0,0; 16,7;  0,0; 11,3;  0,0;  0,0;  0,0;  0,0;  0,0;  0,0;0,0;0,0;---;22,3;50,3
  05/1986;  0,0;  0,0;  0,0;  0,0;  0,0;  0,0;  0,0;  0,0;  0,3; 17,2;  0,0;  0,0; 25,1;  7,2;  0,0;  0,0;  0,0;  0,8;  7,6;  0,4;  3,2;  0,0;  0,0;  0,8;  0,0;  0,0;  0,0;  0,0;0,0;0,0;6,7;25,1;69,3
  06/1986;  0,0;  0,0;  0,0;  0,0;  0,0;  0,0;  0,0;  0,0;  0,0;  0,0;  0,0;  0,0;  0,0;  0,0;  0,0;  0,0;  0,0;  0,0;  0,0;  0,0;  0,0;  0,0;  0,0;  0,0;  0,0;  0,0;  0,0;  0,0;0,0;0,0;---;0,0;0,0
  07/1986;  0,0;  0,0;  0,0;  4,0;  0,0;  0,0;  0,0;  0,0;  0,0;  0,0;  0,0;  0,0;  0,0;  0,0;  0,0;  0,0;  0,0;  0,0;  0,0;  0,0;  0,0;  0,0;  6,1;  0,0;  0,0;  0,0;  0,0;  0,0;0,0;0,0;12,4;12,4;22,5
  08/1986;  0,0;  0,0;  0,0;  0,0;  0,0;  0,0;  0,0;  0,0;  0,0;  0,0;  0,0;  0,0;  0,0; 14,7;  2,2;  7,1;  4,4;  0,0;  0,0;  0,0;  0,0;  1,9; 15,8; 17,6;  0,0;  0,0;  0,0;  0,0;0,0;0,0;0,0;17,6;63,7
  09/1986;  0,0;  0,0;  0,6;  0,0;  0,8;  0,0; 10,8;  0,0;  0,0;  0,0;  0,0;  0,0;  0,0;  0,0;  0,0;  0,0;  0,0;  0,0;  0,0;  0,0;  0,0;  0,0;  0,0;  0,0;  1,7;  2,1;  0,0;  0,0;0,1;0,3;---;10,8;16,4
  10/1986;  0,0;  0,0;  0,0;  0,0;  0,0;  0,0;  0,0;  0,0;  0,0;  4,7;  2,1;  0,0;  0,0;  0,0;  0,0;  0,0;  0,0;  0,0; 18,9;  0,3;  9,6;  3,4;  5,1;  0,0;  0,0;  0,0;  0,0;  0,0;0,0;0,0;0,0;18,9;44,1
  11/1986;  0,0;  0,0;  0,0;  0,0;  0,0; 10,9;  0,0;  0,0;  0,0;  9,9;  0,0;  0,7;  0,0;  0,0;  0,0;  0,0;  0,0;  0,0;  7,1;  0,0;  0,0;  0,0;  0,0;  0,0;  0,0;  3,2;  0,0;  0,0;48,6;27,1;---;48,6;107,5
  12/1986; 26,2; 36,1; 13,3;  6,4;  0,0;  0,0;  0,0;  0,0;  2,5;  8,7;  0,0;  0,0;  0,0;  0,0; 15,8;  0,0;  1,4; 21,9;  0,0;  0,0;  1,8;  0,0;  3,2;  2,3;  0,0;  0,0; 18,5;  0,2;11,3;6,5;0,0;36,1;176,1
  01/1987;  0,0;  0,0;  8,1;  0,2;  4,8;  0,0;  0,0;  0,0;  0,0;  0,2; 45,7; 15,3; 17,2;  0,0;  0,0;  0,0;  0,0;  0,0;  0,4; 17,6;  0,0;  0,0; 16,2;  0,3;  7,1; 64,5; 59,7; 61,2;48,6;40,8;0,6;64,5;408,5
  02/1987;  0,2;  8,4;  0,0;  0,2;  0,0;  0,4; 16,5;  0,3;  0,0;  0,0;  0,1; 22,5;  0,0; 24,5;  0,0;  0,0;  4,2;  1,1;  0,0;  0,0;  0,0;  0,0;  0,0;  0,0;  0,0;  0,0;  0,0;  0,4;---;---;---;24,5;78,8
  03/1987;  0,0;  0,7;  9,8;  0,0;  0,0;  0,2; 29,1; 35,6; 42,3; 29,5;  0,4;  0,2;  0,0;  0,0;  0,0;  0,0;  0,0;  0,0;  0,0;  0,0;  0,0;  0,0;  0,0;  0,0;  0,0;  0,0;  0,0;  0,0;0,0;0,0;0,2;42,3;148,0
  04/1987;  4,8;  0,3; 13,7; 12,5;  0,5;  0,0;  0,0;  0,0;  0,0;  0,0;  0,0;  0,0;  0,0;  0,0;  0,0;  0,0;  0,0;  0,0;  0,0;  0,0;  0,0;  0,0;  0,0;  0,0;  0,0;  0,0;  0,0;  0,0;5,6;0,8;---;13,7;38,2
  05/1987;  0,0;  0,0;  0,0;  0,0;  0,0;  0,0;  0,0; 29,6;  0,0;  0,0;  0,0;  0,0;  0,0;  0,0;  0,0;  2,3;  0,0;  0,0;  0,0;  0,0;  0,0; 12,4;  0,0;  0,0;  0,0;  0,0;  0,0;  0,0;0,0;0,0;0,0;29,6;44,3
  06/1987;  0,0;  0,0;  0,0;  0,0;  0,0;  0,0;  0,0;  0,0;  0,0;  0,0;  0,0;  0,0;  0,0;  0,0;  0,0;  0,0;  0,0;  0,0;  0,1;  0,0;  0,0;  0,2;  0,8;  0,0;  0,0;  0,0;  0,0;  0,0;0,0;0,0;---;0,8;1,1
  07/1987;  0,0;  0,0;  0,0;  0,0;  0,0;  0,0;  0,0;  9,6;  0,0;  0,0;  0,0;  0,0;  0,0;  0,0;  0,0;  0,0;  0,0;  0,0;  0,0;  0,0;  0,0;  0,0;  0,0;  0,0;  0,0;  0,0;  0,0;  0,0;0,0;0,0;0,0;9,6;9,6
  08/1987;  0,0;  0,0;  0,0;  0,0;  0,0;  0,0;  7,3;  0,0;  0,0;  0,0;  0,0;  0,0;  0,0;  0,0;  0,0;  0,0;  0,0;  0,0;  0,0;  0,0;  0,0;  0,0;  0,0;  0,0;  0,0;  0,0;  0,0;  0,0;0,0;0,0;0,0;7,3;7,3
  09/1987;  0,0;  0,0;  0,0;  0,0;  0,0;  0,0;  0,0;  3,2;  0,0;  0,0;  0,0;  4,8;  0,0;  0,0;  0,0;  0,0;  0,0;  0,0;  1,4;  0,0;  3,6;  1,8; 14,6; 32,1;  0,0;  0,0;  6,0;  0,0;0,0;0,0;---;32,1;67,5
  10/1987;  0,0; 29,0;  0,0;  0,0;  0,0; 23,7;  0,0;  0,0;  0,0;  0,0;  0,0;  0,0;  0,0;  0,0;  0,0;  0,0;  0,0;  0,0;  0,8;  0,0;  0,0;  0,0;  0,0;  8,8; 23,4;  0,0;  0,0;  0,0;0,0;0,0;6,5;29,0;92,2
  11/1987;  0,0; 32,5;  0,0;  0,0;  0,0; 12,0; 28,6; 47,3;  0,0;  0,0;  0,0;  0,0;  0,0; 12,5;  9,8; 27,3;  0,0;  0,0;  0,0;  0,0; 24,3; 19,2;  0,0;  0,0;  0,0;  9,1;  7,2;  0,0;0,0;0,0;---;47,3;229,8
  12/1987;  0,0;  0,0;  0,0; 23,5; 12,4; 32,2;  0,0;  2,6;  0,0;  0,0;  0,0;  0,0;  0,0;  0,0; 29,7;  0,0; 17,3; 11,5;  0,0;  0,0;  0,0;  0,0;  0,0;  0,0;  0,0; 23,9; 15,7;  0,0;36,8;0,0;0,0;36,8;205,6
  01/1988;  0,0;  0,0;  0,0;  0,0;  0,0; 47,5; 32,4; 25,0; 13,2;  0,0;  0,0;  0,0;  0,0;  0,0; 25,2;  0,0;  0,0;  6,2;  0,4; 27,5; 18,0;  0,0;  0,3;  0,0;  0,0;  0,0;  0,0;  0,0;0,2;12,3;0,0;47,5;208,2
  02/1988;  0,0;  0,0;  0,0;  0,2;  0,0; 80,2; 76,9; 18,7; 36,3; 29,2;  8,2;  0,0;  0,2;  0,0;  0,0;  0,0;  0,0;  1,2;  0,6; 14,2;  0,2;  0,0;  1,7;  0,5;  3,7; 28,6;  0,7;  0,0;0,0;---;---;80,2;301,3
  03/1988;  0,2;  8,1; 27,3;  1,6;  0,2;  0,7; 35,4; 15,6;  0,2;  0,6;  5,5;  0,2;  0,0;  0,0;  0,2; 14,5; 26,0; 12,7; 37,1;  0,3;  0,0;  0,0;  0,0;  0,0;  0,0;  0,0;  0,0;  0,2;0,0;0,3;1,3;37,1;188,2
  04/1988;  5,6;  0,3;  0,0;  0,0;  0,0;  0,0;  0,0;  0,0; 53,7;  0,2; 25,2;  0,0;  4,5;  9,8;  0,0; 52,3;  0,0;  0,0; 28,1;  0,0;  0,7;  0,0;  0,0;  0,0;  0,0;  0,0;  0,0;  0,0;0,0;0,0;---;53,7;180,4
  05/1988;  0,0;  0,0;  0,0;  0,0;  0,0;  0,0;  0,0;  0,0;  0,0;  0,0;  0,0;  0,0;  0,0;  0,0;  0,0;  0,0;  0,0;  0,0;  0,0;  0,0;  0,0;  0,0;  0,0;  0,0;  0,0;  5,2;  0,0;  0,0;0,0;0,0;6,3;6,3;11,5
  06/1988;  0,0;  0,0;  0,0;  2,6;  0,0;  0,0;  0,0;  0,0;  0,0;  0,0;  0,0;  0,0;  0,0;  0,0;  0,0;  0,0;  0,0;  0,0;  0,0;  0,0;  0,0;  0,0;  0,0;  0,0;  0,0;  0,0;  0,0;  0,0;0,0;0,0;---;2,6;2,6
  07/1988;  0,0;  0,0;  0,0;  0,0;  0,0;  0,0;  0,0;  0,0;  0,0;  0,0;  0,0;  0,0;  0,0;  0,0;  0,0;  0,0;  0,0;  0,0;  0,0;  0,0;  0,0;  0,0;  0,0;  0,0;  0,0;  0,0;  0,0;  0,0;0,0;0,0;0,0;0,0;0,0
  08/1988;  0,0;  0,0;  0,0;  0,0;  0,0;  0,0;  0,0;  0,0;  0,0;  0,0;  0,0;  0,0;  0,0;  0,0;  0,0;  0,0;  0,0;  0,0;  0,0;  0,0;  0,0;  0,0;  0,0;  0,0;  0,0;  0,0;  0,0;  0,0;0,0;0,0;0,0;0,0;0,0
  09/1988;  0,0;  0,0;  0,0;  0,0;  0,0;  0,0;  0,0;  0,0;  0,0;  0,0;  0,0;  0,0;  0,0;  0,0;  0,0;  0,0;  0,0;  0,0;  0,0;  0,0;  0,0;  0,0;  0,0;  0,0;  0,0;  0,0;  0,0;  0,0;0,0;0,1;---;0,1;0,1
  10/1988;  0,0;  0,0;  0,0;  2,3;  0,0;  0,0; 16,0;  0,0;  0,0;  0,2;  0,0;  2,2;  0,0;  0,0;  0,0;  0,0;  0,0;  0,0;  0,2; 18,1; 15,4;  0,2;  8,1; 35,2;  0,0;  8,1; 27,5;  0,0;0,1;1,2;0,5;35,2;135,3
  11/1988;  0,1;  0,0;  0,0;  0,0;  0,0;  0,0;  0,0;  0,0;  0,0;  0,0;  0,0;  0,0;  0,0;  0,0;  0,0;  0,0;  0,0;  0,0;  0,0;  0,0;  7,8;  0,0;  6,2;  0,0;  0,0;  0,0;  0,0;  0,0;0,0;0,0;---;7,8;14,1
  12/1988; 10,4;  0,0;  0,0;  0,0;  0,0;  0,0;  0,0;  0,0;  0,0;  0,0;  0,0;  0,0;  0,0;  0,0;  0,0; 18,3;  0,0;  0,0;  0,0;  0,0;  0,0;  0,3;  0,5; 40,1; 21,3; 23,7;  0,2;  0,1;22,3;6,1;0,3;40,1;143,6
  01/1989;  6,2; 12,7;  8,1; 15,3;  4,1;  5,6; 11,2;  8,6; 37,8; 15,9; 23,1;  0,8;  4,9; 22,1; 13,6; 12,9;  0,8;  4,7; 12,1;  0,0;  5,8;  1,3;  0,2;  0,8; 12,1;  0,0; 10,3; 12,1;19,8;4,1;0,0;37,8;287,0
  02/1989;  0,0;  0,0;  7,8;  0,3; 12,7;  0,1; 15,4; 10,7;  9,8; 18,3; 42,9;  0,8;  8,2; 10,7;  0,8; 12,3; 29,9;  0,0;  0,0;  0,0;  0,0;  0,0;  0,0;  2,4;  0,0;  0,0;  0,0;  0,0;---;---;---;42,9;183,1
  03/1989;  0,0;  0,0;  0,0;  0,0;  0,0;  0,0;  0,0;  0,0;  0,0;  0,0;  0,0;  0,0;  0,0;  0,0;  5,1; 32,3; 24,1;  7,6; 10,8; 25,1;  1,2;  0,4;  3,1;  0,2;  0,0;  0,0;  0,0;  0,0;0,0;0,0;0,0;32,3;109,9
  04/1989;  0,0;  0,0;  0,2;  2,8;  0,0;  0,0;  0,0; 20,3;  0,0;  0,2; 12,5;  0,8; 12,4; 10,2;  0,0;  0,0;  0,0;  0,0;  0,3;  6,1;  0,2;  0,0;  0,0;  0,0;  0,0;  0,0;  0,0;  0,0;0,0;0,0;---;20,3;66,0
  05/1989;  0,0;  0,7;  9,1; 12,6;  8,7;  0,2;  0,0;  0,0;  0,0;  0,0;  0,0;  0,0;  0,0;  0,0;  0,0;  0,0;  0,0;  0,0;  0,0;  0,0;  0,0;  0,0;  0,0;  0,0;  0,0;  0,0;  0,0;  0,0;0,0;0,0;0,0;12,6;31,3
  06/1989;  0,0;  0,0;  0,0;  0,0;  0,0;  0,0;  0,2;  0,0; 20,2;  0,0;  0,0;  0,0;  0,0;  0,1;  0,0;  1,8;  0,0;  0,0;  0,0;  0,0;  0,0;  0,0;  0,0;  0,0;  6,1;  0,0;  0,0;  0,0;7,6;0,0;---;20,2;36,0
  07/1989;  0,0;  0,0;  0,0;  0,0;  0,0;  0,0;  0,0;  0,0;  0,0;  0,0;  0,0;  0,0;  0,0;  0,0;  0,0;  0,0;  0,0;  0,0;  0,0;  0,0;  0,0;  0,0;  0,0;  0,0;  0,0;  0,0;  0,0;  0,0;0,4;10,3;12,7;12,7;23,4
  08/1989;  0,0;  0,0;  6,0;  0,0;  0,0;  0,0;  0,0;  0,0;  0,0;  0,0;  0,0;  0,0;  0,0;  0,0;  0,0;  0,0;  0,0;  0,0;  0,0;  0,0;  0,0;  0,0;  1,8;  0,0;  0,0;  0,7;  0,0; 16,2;0,0;0,0;4,6;16,2;29,3
  09/1989;  0,3; 13,3;  0,2;  0,8;  1,2;  0,0;  4,3;  9,5;  0,0;  0,0;  0,0;  0,2;  6,5; 26,3;  0,0;  0,0;  0,0;  0,0;  0,0;  0,0;  0,0;  0,0;  0,0;  0,2;  0,0;  0,0;  0,0;  0,0;0,0;0,0;---;26,3;62,8
  10/1989;  0,0;  0,0;  0,0; 11,2;  0,0;  0,0;  0,0;  0,0;  0,0;  0,0;  0,0;  0,0;  0,0;  0,0;  0,0;  0,0;  0,0;  0,0;  0,0;  0,0;  0,0;  0,0;  0,0;  0,0;  0,0; 12,1;  9,8;  0,0;0,0;0,0;0,0;12,1;33,1
  11/1989;  0,0;  0,0;  0,0;  0,0; 16,2;  0,1;  0,0;  0,0;  0,2; 31,0;  0,0;  0,2; 10,1;  0,0;  0,0;  0,1;  0,0;  0,3;  7,1;  8,6;  0,0;  0,0;  0,0;  0,0;  0,0;  0,0;  0,0;  0,0;0,0;0,0;---;31,0;73,9
  12/1989;  5,1;  0,0;  0,0;  0,0;  0,0;  0,0;  0,0;  0,2; 53,5; 34,7;  5,1; 14,7;  5,1; 18,3;  0,0;  0,0;  0,0;  0,2;  1,2; 44,3;  1,2;  0,2;  0,0;  0,0;  0,0; 69,2; 14,1; 21,4;11,2;9,3;9,2;69,2;318,2
  01/1990; 14,1; 29,0;  0,1; 22,9;  0,5;  2,1; 12,6; 21,4;  0,9;  6,3; 38,2;  0,1;  5,1;  0,0;  0,1;  0,0;  0,0;  0,1;  0,0;  0,0;  0,2;  0,0;  0,0;  0,0; 10,3;  0,0;  0,0;  0,0;2,3;6,1;6,7;38,2;179,1
  02/1990;  0,0;  0,0;  0,0;  0,0;  0,0;  0,0;  5,9;  0,0;  0,0;  0,0;  0,0;  0,0;  8,5;  0,6;  0,0;  0,0;  0,0;  0,0;  0,0;  0,0;  0,0;  0,0; 24,6;  0,0;  0,0;  0,0;  0,0;  0,0;---;---;---;24,6;39,6
  03/1990;  0,0;  0,0;  0,0;  0,0;  0,0;  0,0;  0,0;  0,0; 32,2;  0,2;  0,0;  0,0;  0,0;  0,0;  0,0;  0,1; 11,2;  0,2;  0,4;  8,5; 11,2;  5,6; 20,2;  0,3;  0,0;  0,0;  0,0;  0,2;12,1;0,0;0,0;32,2;102,4
  04/1990;  0,0;  0,0;  0,0;  0,0;  0,0;  0,0;  0,0;  0,0;  0,0;  0,0;  0,0;  0,0;  0,0;  0,0;  0,0;  0,0; 44,2; 15,3; 53,1;  0,0;  0,0;  0,0;  0,0;  0,0;  0,0;  0,0;  0,0;  0,0;0,0;0,0;---;53,1;112,6
  05/1990;  0,0;  0,0;  9,1;  0,0;  0,0;  0,0;  0,0;  0,0;  0,0;  0,1;  8,2; 21,3;  0,0;  0,0;  0,0;  0,0;  0,0;  0,0;  0,0;  0,0;  0,0;  0,0;  0,0;  0,0;  0,0;  0,0;  0,0;  0,0;0,0;0,0;0,0;21,3;38,7
  06/1990;  0,0;  0,0;  0,0;  0,0;  0,0;  0,0;  0,0;  0,0;  0,0;  0,0;  0,0;  0,0;  0,0;  0,0;  4,2;  0,0;  0,0;  0,0;  0,0; 12,1;  4,3;  0,0;  0,0;  0,0;  0,0;  0,0;  0,0;  0,0;0,0;0,0;---;12,1;20,6
  07/1990;  0,0;  0,0;  0,0;  0,0;  0,0;  0,0;  0,0;  0,0;  0,0;  0,1;  8,2;  0,0;  0,0;  0,0;  0,0;  0,0;  0,0;  0,0;  0,0;  0,0;  0,0;  0,0;  0,0;  0,0;  0,0;  0,0;  0,0;  0,6;0,0;0,0;0,0;8,2;8,9
  08/1990;  0,0;  0,0;  0,0;  0,0;  0,0;  0,0;  0,0;  0,0;  0,0;  0,0;  0,0;  0,0;  0,0;  0,0;  0,0;  0,0; 17,2; 12,5;  0,0;  0,0;  0,0;  0,0;  0,0;  0,0;  0,0;  0,0;  0,2; 18,6;2,5;0,2;16,1;18,6;67,3
  09/1990;  0,1;  7,2;  0,0;  0,0;  0,0;  0,0;  0,0;  0,0;  0,0;  0,0;  0,0;  0,0;  0,1;  2,7;  0,1;  0,0;  0,0;  0,0;  0,0;  0,0;  0,0;  0,0;  0,1; 11,7;  0,2;  0,0;  0,0;  0,1;15,4;14,7;---;15,4;52,4
  10/1990; 23,4;  0,2;  0,0;  0,0;  0,0;  0,0;  0,0;  0,0;  0,0;  0,0;  0,0;  0,3; 14,7;  0,0;  0,0;  0,0;  0,0;  0,4;  9,9;  0,4;  0,0;  0,0;  0,0;  0,0;  0,0;  0,0;  0,0; 24,3;0,1;3,3;0,0;24,3;77,0
  11/1990;  0,0;  0,0;  0,0;  0,1; 21,6;  0,8;  0,0; 27,1;  0,0;  0,0;  0,0;  0,0;  0,0;  0,0;  0,0;  0,0;  6,1;  0,0;  0,0;  0,0;  0,1;  0,2;  0,0; 19,2;  7,4;  0,0;  0,0;  0,0;0,0;0,0;---;27,1;82,6
  12/1990;  0,0;  0,0;  0,0;  0,0;  0,0;  0,7;  0,2;  0,0;  0,1; 12,1; 27,2;  5,4;  0,0;  9,8;  0,0;  0,0;  0,0;  0,0;  0,0;  0,0;  0,1;  0,0;  0,0;  0,0;  0,1;  0,7;  0,0;  0,0;0,0;0,0;0,0;27,2;56,4
  01/1991;  0,0;  0,0;  0,1; 23,8;  6,2;  0,0;  0,0;  0,6; 52,3;  0,0;  0,0; 17,2;  0,3; 13,2; 39,1;  2,3;  0,0;  0,0;  0,0;  0,1; 13,8; 36,4;  0,8;  0,5;  8,2; 17,1; 89,7; 76,5;6,1;3,2;18,6;89,7;426,1
  02/1991; 25,5;  7,1;  0,6; 12,1;  0,7; 12,3; 15,4;  8,6;  0,0;  0,0;  5,2;  0,6;  0,0;  0,0;  0,0;  0,0;  0,0;  0,0;  0,0;  0,0;  0,0;  0,0;  0,0;  0,0;  0,0;  0,0;  0,0;  0,0;---;---;---;25,5;88,1
  03/1991;  0,0;  0,0;  0,0;  0,0;  4,2; 18,4;  0,0;  0,0;  0,0;  0,2; 10,2;  0,0; 22,3;  8,1;  0,0;  0,0;  0,0;  0,0;  0,0;  0,0;  0,0; 41,1;  0,1;  0,0;  0,2; 21,1; 45,2; 25,5;7,2;0,0;0,0;45,2;203,8
  04/1991;  0,0;  0,0;  0,0;  0,0;  0,0;  0,3;  0,0; 27,2;  0,2;  0,0;  0,0;  0,0;  0,0;  0,0;  0,1; 29,4;  0,0;  0,0; 21,2;  0,0;  0,7;  0,0;  0,1; 32,6;  0,0;  0,0;  0,0;  0,0;0,0;0,0;---;32,6;111,8
  05/1991;  0,0;  0,0;  0,0;  0,0;  0,0;  0,0;  0,0; 13,2;  0,2;  0,0;  0,0;  0,0;  0,0;  0,0;  0,0;  0,0;  0,0;  0,0;  0,0;  0,0;  0,0;  0,0;  0,0;  0,0;  0,0;  0,0;  0,0;  0,0;0,0;0,0;0,0;13,2;13,4
  06/1991;  0,0;  0,0;  0,0;  0,0;  0,0;  0,0;  0,0;  0,0;  0,0;  0,0;  0,0;  0,0;  0,0;  0,0;  0,0;  0,0;  0,0;  0,0;  0,0;  0,3;  0,2;  0,0;  0,1;  0,4;  0,0;  0,0;  0,0;  0,0;0,0;0,0;---;0,4;1,0
  07/1991;  0,0;  0,0;  0,0;  0,0;  0,0;  0,0;  0,0;  0,0;  0,0;  0,0;  0,0;  0,0;  0,0;  0,0;  0,0;  0,0;  0,0;  0,0;  0,0;  0,0;  0,0;  0,0;  0,0;  0,0;  0,0;  0,0;  0,0;  0,0;0,0;0,0;0,0;0,0;0,0
  08/1991;  0,0;  0,0;  0,0;  0,0;  0,0;  0,0;  0,0;  0,0;  0,0;  0,0;  0,0;  0,0;  0,0;  0,0;  0,0;  0,0;  0,0;  0,0;  0,0;  0,0;  0,0;  0,0;  0,0;  0,0;  0,0;  0,0;  0,0;  0,0;0,0;0,0;0,0;0,0;0,0
  09/1991;  0,0;  0,0;  0,0;  0,0;  0,0;  0,0;  0,0;  0,0;  0,0;  0,0;  0,0;  0,0;  0,0;  0,0;  0,0;  0,0;  0,0;  0,0; 19,1;  0,0;  0,0;  0,0;  0,0;  0,0;  0,0;  0,0;  0,0;  0,1;0,0;3,2;---;19,1;22,4
  10/1991;  9,2;  1,7;  0,0;  0,0;  0,0;  0,0;  5,2;  0,0;  0,0;  8,5;  0,0;  0,0;  0,0;  0,0;  0,0;  0,0;  0,0; 49,7;  0,0;  0,0;  0,0;  0,0;  0,0;  0,0;  0,8;  0,3;  0,0;  0,0;0,0;0,0;0,0;49,7;75,4
  11/1991;  0,0;  9,7;  0,0;  0,0;  0,0;  0,0;  0,0;  0,0;  0,0;  0,0;  0,0;  0,0;  0,0; 34,1;  0,2;  0,0;  0,0;  0,0;  0,0;  0,0;  0,0;  0,0;  0,0;  0,0;  0,0;  0,0;  0,1;  0,0;29,2;8,6;---;34,1;81,9
  12/1991;  7,1;  0,0;  0,0;  0,0;  0,0;  0,3; 21,5;  7,2; 18,5;  0,2; 17,1; 13,4;  7,2;  0,0;  0,0;  0,0;  0,0;  0,2;  0,0;  0,0;  0,0;  0,0;  0,0;  0,0;  0,0;  0,0;  0,0; 10,1;0,0;0,0;0,0;21,5;102,8
  01/1992;  5,2; 19,1; 24,3;  0,0;  0,0;  0,0;  0,0;  0,0;  0,0;  0,0;  0,0;  0,0;  0,0;  0,5; 45,1;  4,3; 73,4;  8,3;  7,6;  9,2;  0,0;  0,0;  0,0;  0,0;  0,0;  0,0;  0,0;  0,0;0,0;4,2;0,0;73,4;201,2
  02/1992; 35,1;  0,2; 12,7; 39,1;  0,3;  0,0;  0,0;  0,0;  0,0;  0,0;  0,0;  0,0;  1,3;  0,2;  4,2;  0,5;  0,0;  0,0;  0,0;  0,0;  0,0;  0,0;  0,0;  0,0;  0,2;  0,1;  2,3;  0,0;0,0;---;---;39,1;96,2
  03/1992;  0,0;  0,0;  0,0;  0,1;  0,2;  2,1;  0,0;  0,8;  0,0; 27,7;  0,0;  0,0;  0,0;  0,0;  0,2; 18,3;  0,3;  0,0;  0,0;  0,1;  0,0;  0,0;  5,3;  0,2;  0,1;  4,8;  0,0;  0,0;0,4;18,3;5,2;27,7;84,1
  04/1992;  0,0;  0,0;  0,0;  0,0;  0,0;  0,0;  0,1; 12,5;  0,0;  0,0;  0,0;  0,1;  0,0; 17,5;  0,0;  0,0;  0,0;  0,0;  0,0;  0,0; 12,6;  4,2;  0,0;  0,2; 37,2;  0,0;  0,0;  0,0;0,0;0,0;---;37,2;84,4
  05/1992;  0,0; 25,1;  0,1;  0,0;  0,0;  0,0;  0,0;  0,0;  0,0;  0,0;  0,0;  0,0;  0,0;  6,4;  0,0;  0,0;  0,0;  0,0;  0,0;  0,0;  0,0;  0,0; 27,8;  0,0;  0,0;  0,0;  0,0;  0,0;0,0;0,0;0,0;27,8;59,4
  06/1992;  0,0;  0,0;  0,0;  0,0;  0,0;  0,0;  0,0;  0,0;  0,0;  0,0;  0,0;  0,0;  0,0;  0,0;  0,0;  0,0;  0,0;  0,0;  0,0;  0,0;  0,0;  0,0;  0,0;  0,0;  0,0;  0,0;  0,0;  0,0;0,0;0,0;---;0,0;0,0
  07/1992;  0,0;  0,0;  0,0;  0,0;  0,0;  0,0;  2,1;  3,8;  0,0;  0,0;  0,0;  0,0;  5,8;  0,0;  0,0;  0,0;  0,0;  0,0;  0,0;  0,0;  0,0;  0,0;  0,0;  0,0;  0,0;  0,0;  0,0;  0,0;0,0;0,0;0,0;5,8;11,7
  08/1992;  0,0;  0,0;  0,0;  0,0;  0,0;  0,0;  0,0;  0,0;  0,0;  0,0;  0,0;  0,0;  0,0;  0,0;  0,0;  0,0;  0,5;  0,2;  0,0;  0,4;  0,0;  0,0;  0,0;  0,0;  0,0;  0,0;  0,0;  0,0;0,0;0,1;8,1;8,1;9,3
  09/1992;  5,1;  0,3; 12,8;  2,3; 10,8;  5,2;  8,6;  0,2;  0,0;  0,0;  0,0;  0,0;  0,0;  0,0;  0,0;  0,0;  0,1; 35,2; 23,5;  0,2;  0,0;  0,3;  0,0;  0,0;  0,0; 24,5;  0,0;  0,0;0,0;0,0;---;35,2;129,1
  10/1992;  0,0;  0,0;  0,0;  0,0;  0,0;  0,0;  0,0;  0,0;  0,2; 18,6;  5,7;  0,0;  0,2;  4,6;  0,0;  0,2; 56,3;  0,0;  0,0;  0,0;  0,0;  0,0;  5,2;  0,0;  0,0;  5,6; 11,0; 21,2;18,9;22,4;12,6;56,3;182,7
  11/1992; 17,2;  8,1;  0,3;  0,0;  0,0;  0,0;  0,0;  0,0;  0,0;  0,0;  0,0;  0,2;  5,1;  0,0;  0,0;  0,0;  1,2;  0,3;  0,0;  0,0;  0,0;  0,5;  0,8; 12,3; 75,2; 18,6; 32,4; 18,6;0,8;0,0;---;75,2;191,6
  12/1992;  0,0;  0,0;  0,0; 12,7;  0,0;  0,0;  0,0;  0,0;  0,0;  0,0; 24,6;  0,0;  0,0;  0,0;  0,0;  0,0;  0,0; 43,6;  6,2; 48,3;  0,0;  0,0;  0,0;  0,0;  0,0;  0,0; 15,2;  0,0;0,0;0,0;0,0;48,3;150,6
  01/1993;  0,0;  0,0;  0,0;  0,0;  0,0;  0,0;  0,0;  0,2;  5,6; 43,2; 30,1;  0,3;  0,0;  0,0;  0,1;  0,0;  0,0; 48,3;  8,7;  0,0;  0,0;  0,0; 12,6;  0,8; 32,5;  7,8;  3,8;  9,2;0,2;0,0;0,0;48,3;203,4
  02/1993; 18,7;  0,2;  4,5;  0,0;  0,0;  0,3; 40,2; 21,3; 12,2;  0,6;  0,4;  0,0;  0,0;  5,1; 28,7; 45,3;  7,6;  0,8; 26,7; 31,1;  0,0;  0,0;  0,2;  0,0;  0,0;  0,0;  0,0;  0,0;---;---;---;45,3;243,9
  03/1993;  0,0;  0,2;  0,0;  0,0;  0,1; 32,3;  0,0;  0,0;  0,1;  0,0;  0,0;  0,0;  0,0;  0,0;  0,4;  0,0;  0,5;  1,8;  0,2; 32,6; 19,1; 17,2;  8,1;  2,1;  0,5;  0,0;  0,0;  0,3;28,2;10,1;32,3;32,6;186,1
  04/1993; 21,3;  0,2;  0,0;  0,3;  0,0;  2,3;  0,0;  0,1; 31,4;  0,2;  0,0;  0,0; 13,1;  0,0;  0,0;  0,0;  0,0;  0,0;  0,0;  0,0;  0,0;  0,0;  0,0;  0,0;  0,0;  0,0;  0,0;  0,0;0,0;0,0;---;31,4;68,9
  05/1993;  0,0;  0,0;  0,2;  0,0;  0,0;  8,4;  0,0;  0,0;  0,0;  0,0;  0,0;  0,0;  0,0;  0,1; 21,1;  0,0;  0,0;  0,0;  0,0;  0,0;  0,0;  0,0;  0,0;  0,0;  0,0;  0,0;  0,0;  0,0;0,0;0,0;0,3;21,1;30,1
  06/1993; 15,2;  0,0;  0,0;  0,0;  8,2;  0,0;  0,0;  0,0;  0,0;  0,0;  0,0;  0,0;  0,0;  0,0;  0,0;  0,0;  0,0;  0,2;  0,0;  0,0;  0,0;  0,0;  0,0;  0,0;  0,0;  0,0;  0,0;  0,0;0,0;0,0;---;15,2;23,6
  07/1993;  0,0;  0,0;  0,0;  0,0;  0,0;  0,0;  0,0;  0,0;  0,0;  0,0;  0,0;  0,0;  0,0;  0,0;  0,0;  0,0;  0,0;  0,0;  0,0;  0,0;  0,0;  0,0;  0,0;  0,0;  0,0;  0,0;  0,0;  0,0;0,0;0,0;0,0;0,0;0,0
  08/1993;  0,0;  0,0;  0,0;  0,0;  0,0;  0,0;  0,0;  0,0;  0,0;  0,0;  0,0;  0,0;  0,0;  0,0;  0,0;  0,0;  0,2;  0,0;  0,0;  0,0;  0,0;  0,0;  0,2;  1,2; 12,3;  0,0;  0,1;  0,0;0,0;0,0;0,0;12,3;14,0
  09/1993;  0,1;  0,0;  0,0;  0,0;  0,0;  0,0;  0,0;  0,3;  0,0;  0,0;  0,0; 15,4;  0,0;  0,2;  8,6; 19,1;  0,2;  0,0;  0,0;  0,1;  0,5; 17,1;  0,3;  0,0;  0,0;  0,0;  0,2; 21,3;0,0;0,0;---;21,3;83,4
  10/1993;  0,0;  0,0;  0,0;  0,0;  0,0;  0,0;  0,0;  0,0;  0,0;  0,0;  0,0;  0,0;  0,0;  0,0;  0,0;  0,1;  0,0;  0,0;  0,0;  0,0;  0,0;  0,0;  0,0;  0,0;  0,0; 36,4;  0,0;  0,0;3,2;0,0;0,0;36,4;39,7
  11/1993;  0,0;  0,0;  0,0;  0,1;  8,1;  0,0;  0,0;  0,0;  0,0;  0,0;  0,1;  0,0;  0,0;  0,0;  0,0;  0,2;  5,6;  0,0;  0,0;  0,0;  0,2;  0,4;  0,0;  0,1;  2,3;  0,2; 12,3;  0,0;0,0;0,0;---;12,3;29,6
  12/1993;  0,0;  0,0;  0,0;  0,0;  0,0; 28,2;  0,0;  0,0;  0,0;  0,1; 22,6;  2,4;  0,0;  9,5;  0,0;  0,0; 22,5; 15,2; 32,1; 15,2; 18,4; 12,3; 21,1; 32,5; 18,6;  9,1;  9,7;  8,6;61,1;18,6;21,2;61,1;379,0
  01/1994; 12,6; 21,1;  3,2;  8,7;  0,0; 48,1; 36,5; 12,3; 31,1;  0,2;  0,0;  0,0;  0,2;  2,1; 13,1;  0,5;  0,1;  0,0;  0,0;  0,0;  0,1;  0,0;  9,1; 10,2; 12,3; 23,2; 12,6;  0,8;29,5;14,6;10,1;48,1;312,3
  02/1994;  0,0;  0,0;  0,0;  0,0;  0,2;  0,9;  0,1;  8,4;  0,1;  0,0;  0,0;  0,0;  0,2; 33,1;  2,3;  0,0;  0,0;  0,0;  0,0; 29,1;  0,0;  0,0; 43,2; 28,6;  0,0;  0,0;  0,0;  0,0;---;---;---;43,2;146,2
  03/1994;  0,0;  0,2; 34,6;  0,1; 14,5; 35,2; 16,7;  0,2;  0,0;  0,0;  0,0;  0,0;  0,0;  0,0;  0,0;  0,0;  0,0;  0,0;  0,0; 29,3; 18,2;  0,1;  0,0; 22,3; 24,7;  0,0;  0,0;  0,0;0,0;0,0;0,2;35,2;196,3
  04/1994; 14,2;  0,0;  0,0;  0,0;  0,0;  0,0;  0,0;  0,0;  0,0;  0,0;  0,0;  0,0;  0,0;  0,0;  0,0;  0,0;  0,0;  0,0; 15,3;  0,0;  9,2;  8,1;  0,0;  0,0;  0,0;  0,0;  0,0;  0,0;0,0;0,0;---;15,3;46,8
  05/1994;  0,0;  0,0;  0,0;  0,0;  0,0;  0,0;  0,0;  0,0;  0,0;  0,0;  0,0;  0,0;  0,3;  5,8;  0,0;  0,0;  0,0;  0,0;  0,1;  0,1;  4,1;  0,2;  0,0;  0,0;  0,0;  0,0;  0,0;  0,0;0,1;0,6;0,0;5,8;11,3
  06/1994;  0,0;  0,0;  0,0;  0,0;  0,0;  0,0;  0,0;  0,0;  0,0;  0,0;  0,0;  0,0;  0,0;  0,0;  0,0;  0,0;  0,0;  0,0;  0,0;  0,0;  0,0;  0,0;  0,6;  0,2;  0,5;  0,0;  0,0;  0,0;0,0;0,0;---;0,6;1,3
  07/1994;  0,0;  0,0;  0,0;  0,0;  0,0;  0,0;  0,0;  0,0;  0,7;  0,0;  0,0;  0,0;  0,0;  0,0;  0,0;  0,0;  0,0;  0,0;  0,0;  0,0;  0,0;  0,0; 10,1;  0,0;  0,0;  0,0;  0,0;  0,0;0,0;0,0;0,0;10,1;10,8
  08/1994;  0,0;  0,0;  0,0;  0,0;  0,0;  0,0;  0,0;  0,0;  0,0;  0,0;  0,0;  0,0;  0,0;  0,0;  0,0;  0,0;  0,0;  0,0;  0,0;  0,0;  0,0;  0,0;  0,0;  0,0;  0,0;  0,0;  0,0;  0,0;0,0;0,0;0,0;0,0;0,0
  09/1994;  0,0;  0,0;  0,0;  0,0;  0,0;  0,0;  0,0;  0,0;  0,0;  0,0;  0,0;  0,0;  0,0;  0,0;  0,1;  5,6;  0,0;  0,0;  0,0;  0,0;  0,0;  0,0;  0,0;  0,0;  0,0;  0,0;  0,0;  0,0;0,0;0,3;---;5,6;6,0
  10/1994;  0,0;  0,0;  0,0;  0,0;  0,0;  0,0;  0,2;  0,0;  0,0;  0,0;  0,0;  0,0;  0,0;  0,0;  0,0;  0,0;  0,0;  0,0;  0,0;  0,1;  0,2;  0,0;  0,0;  0,0; 22,5;  0,2;  6,2;  6,0;3,8;4,2;0,0;22,5;43,4
  11/1994;  0,0;  0,0;  0,0;  0,0;  1,4;  4,4;  0,0;  0,1;  2,7;  0,0;  0,0;  0,0;  0,0;  0,0; 34,3;  3,7;  0,1;  6,0; 27,2;---;  0,0;  0,0;  0,0;  0,0;  0,0;  0,0;  0,1; 24,7;1,4;0,2;---;---;---
  12/1994;  0,0;  0,0;  0,0;  0,0;  0,1; 16,1;  0,0;  4,2;  0,1;  0,0;  8,2;  0,0;  0,0;  0,0; 12,1;  0,2;  0,6;  9,2; 12,5;  0,1;  7,3; 56,7; 40,8;  0,1;  0,0;  1,2;  0,0;  0,0;0,0;0,0;0,0;56,7;169,5
  01/1995; 47,2;  0,1;  6,7; 56,8; 21,2;  0,1;  0,0;  0,0;  7,2;  0,2;  4,5; 12,3;  0,1;  0,3;  1,2;  0,0;  0,0;  0,0;  0,0;  0,0;  0,0;  2,5;  0,0;  0,0;  0,0;  0,0;  0,0;  0,3;26,2;0,1;0,3;56,8;187,3
  02/1995;  0,4; 16,8; 26,7; 47,8; 28,5;  6,2;  2,5; 56,0; 28,1;  3,1; 12,3;  0,6;  8,2;  0,3;  0,6;  0,7;  9,1;  2,3; 52,5; 28,1; 25,2; 38,4;  1,2;  0,1;  0,0;  0,1;  0,2; 23,8;---;---;---;56,0;419,8
  03/1995;  0,0;  0,0;  0,0;  0,8;  0,0;  0,0;  0,0; 12,3;  8,1;  0,1;  0,2;  0,0;  6,5; 25,3;  0,2;  0,1;  0,0;  0,0;  0,0;  0,0;  0,0;  0,0;  0,0;  0,2; 14,5;  0,0;  0,0;  0,0;0,0;0,0;0,0;25,3;68,3
  04/1995; 48,2;  0,0;  6,0;  0,0;  0,0;  0,0;  0,9; 10,1;  9,1;  0,0;  0,0;  0,0;  0,0;  0,0;  0,0;  0,0;  0,0;  0,0;  0,3; 15,7; 18,1;  0,0;  0,0;  0,0;  0,0;  0,0;  0,0;  0,0;0,0;0,0;---;48,2;108,4
  05/1995;  0,0;  0,0;  0,0;  0,0;  0,0;  0,2;  9,5;  0,0;  0,0;  0,0;  0,0;  0,0;  0,0;  0,0;  0,0;  0,0;  0,0;  0,0;  0,0;  0,0;  0,0;  0,0;  0,0;  0,0;  0,0;  0,0;  0,0;  0,0;0,0;0,0;0,0;9,5;9,7
  06/1995;  0,0;  0,0;  0,0;  0,0;  0,0;  0,0;  0,0;  0,0;  0,0;  0,0;  0,0;  0,0;  0,0;  0,0;  0,0;  0,0;  0,0;  4,6;  9,5;  0,0;  0,0;  0,0;  0,0;  0,0; 14,9;  0,0;  0,0;  0,0;0,0;0,0;---;14,9;29,0
  07/1995;  0,0;  0,0;  0,0;  0,0;  0,0;  0,0;  0,0;  0,0;  6,3;  0,0;  0,0;  0,0;  0,0;  0,0;  0,0;  0,0;  0,0;  0,0;  0,0;  0,0;  0,0;  0,0;  0,0;  0,0;  0,0;  0,0;  0,0;  0,0;0,0;0,0;0,0;6,3;6,3
  08/1995;  0,0;  0,0;  0,0;  0,0;  0,0;  0,0;  0,0;  0,0;  0,0;  0,0;  0,0;  0,0;  0,0;  0,0;  0,0;  0,0;  0,0;  0,0;  0,0;  0,0;  0,0;  0,0;  0,0;  0,0;  0,0;  0,0;  0,0;  0,0;0,0;0,0;0,0;0,0;0,0
  09/1995;  0,0;  0,0;  0,0;  0,0;  0,0;  0,0;  0,0;  0,0;  0,0;  0,0;  0,0;  0,0;  0,0;  0,0;  0,0;  0,0;  0,0;  0,0;  0,5;  1,7;  0,0;  0,0;  0,0;  0,0;  4,1;  0,0;  3,4;  0,0;0,0;0,0;---;4,1;9,7
  10/1995;  0,0;  0,0;  0,0;  0,0;  0,0;  1,9;  0,1; 14,5;  0,0;  0,0;  0,0;  0,0;  0,0; 21,4;  1,9;  0,3; 14,2; 20,6;  0,0;  0,0; 18,4;  0,0;  0,0;  0,0;  0,0;  0,0;  0,0;  0,0;0,7;0,0;0,0;21,4;94,0
  11/1995;  0,0;  0,0;  0,0;  0,0;  4,7;  1,2;  0,0;  0,0;  0,0;  0,0;  0,0;  0,1;  5,1;  0,4;  0,0;  0,0;  0,0;  0,0;  0,0;  0,0;  0,0;  0,0;  0,0; 19,1;  1,2;  0,0;  0,5;  0,1;0,0;0,0;---;19,1;32,4
  12/1995;  0,0;  0,0;  0,0; 46,9;  1,2;  0,0;  0,0;  0,0;  0,0;  0,1; 45,2;  6,1; 21,2; 42,3;  0,0;  0,0;  0,0;  0,0;  0,0;  0,1;  7,2; 35,1;  0,0;  0,0;  0,0;  0,0;  0,0;  0,0;0,0;0,0;0,0;46,9;205,4
  01/1996;  0,0; 25,1;  0,0;  0,0;  0,0;  6,2; 12,6;  0,2; 24,5; 42,1;  0,0;  6,8; 12,7;  0,0;  0,0;  0,0;  0,0;  0,2; 22,3;  0,0;  0,0; 26,4;  0,0;  0,0;  0,0;  0,0;  0,0;  0,0;0,0;0,0;0,0;42,1;179,1
  02/1996;  0,0; 13,2;  0,0;  0,8; 48,2;  0,3;  0,0;  0,2;  0,8;  2,1;  0,0;  0,1; 15,8;  5,7;  0,0;  0,0;  0,0;  0,0;  0,0;  0,0;  0,1; 65,3; 26,2; 27,1; 31,2;  9,2; 47,2;  0,2;3,7;---;---;65,3;297,4
  03/1996;  0,4;  3,1;  0,0; 28,6;  0,4;  1,2;  2,1;  8,1;  9,7;  4,1;  3,9;  0,2;  0,0;  0,0;  5,8;  0,2;  0,6; 12,3; 13,2;  0,2;  0,0;  0,0;  0,0;  9,1;  0,0;  0,0;  0,0;  0,0;0,0;0,0;0,0;28,6;103,2
  04/1996;  0,0;  0,0;  0,0;  0,0;  0,0;  0,0;  0,0;  0,0;  0,0;  0,0; 12,8; 37,2;  0,0;  0,0;  0,0;  0,0; 36,7;  9,1;  0,0;  0,0;  0,0;  0,0;  0,0;  0,0;  0,0;  0,0;  0,0;  0,0;0,0;0,0;---;37,2;95,8
  05/1996;  0,0;  0,0;  0,0;  0,0;  0,0;  0,0;  0,0;  0,0;  0,0;  0,0;  0,0;  0,0;  0,0;  0,0;  0,0; 13,2;  0,0; 24,6;  0,2;  9,6;  0,0;  0,0;  0,0;  0,0;  0,0;  0,0;  0,0;  0,0;0,0;0,0;0,0;24,6;47,6
  06/1996;  0,0;  0,0;  0,0;  0,0;  0,0;  0,0;  0,0;  0,0;  0,0;  0,0;  0,0;  0,0;  0,0;  0,0;  0,0;  0,0;  0,0;  0,0;  0,0;  0,0;  0,0;  0,1;  0,0;  0,0;  0,0;  0,0;  0,3;  0,5;0,0;0,0;---;0,5;0,9
  07/1996;  0,0;  0,0;  0,0;  0,0;  0,0;  0,0;  0,0;  0,0;  0,0;  0,0;  0,0;  0,0;  0,0;  0,0;  0,0;  0,0;  0,0;  0,0;  0,0;  0,0;  0,0;  0,0;  0,0;  0,0;  0,0;  0,0;  0,0;  0,2;0,0;0,0;0,0;0,2;0,2
  08/1996;  0,0;  0,0;  0,0;  0,0;  0,0;  0,0;  0,0;  0,0;  0,0;  0,0;  6,8;  0,0;  0,0;  0,0;  8,2;  0,2;  0,0;  0,0;  0,0;  0,0;  0,0;  0,0;  0,0;  0,0;  0,0;  0,0;  0,0;  0,0;0,0;0,0;0,0;8,2;15,2
  09/1996; 16,1;  0,0;  0,0; 29,2;  0,8; 16,9;  0,2;  6,9; 12,7; 28,5;  1,2;  0,0;  0,0;  0,0;  0,0;  0,0;  0,0;  0,0;  0,0;  0,0;  0,0;  0,0;  0,0;  0,0;  0,0;  0,0;  0,0;  0,0;0,0;0,0;---;29,2;112,5
  10/1996;  0,0;  0,0; 12,1;  0,0;  0,0;  0,0;  6,1;  0,0;  0,0;  0,0;  1,0;  0,0;  6,8;  0,7;  0,0;  0,0;  0,0;  0,0;  0,0;  0,0;  9,4;  0,0;  0,0;  0,0;  0,0;  0,2;  2,3;  4,6;0,0;0,2;12,3;12,3;55,7
  11/1996; 14,1; 46,7;  8,2;  0,2; 74,2;  0,0;  0,0;  0,0;  0,0;  0,0;  0,0;  0,0;  0,0;  0,0;  0,3; 25,2; 22,1;  0,8; 41,7; 22,5; 21,2; 19,4;  0,0;  0,0;  0,0;  0,0;  0,0;  0,0;0,0;0,0;---;74,2;296,6
  12/1996;  0,0;  0,0; 41,2;  0,0;  0,0;  1,9;  2,9;  4,8;  0,0;  0,0;  0,1;  5,6;  7,8;  0,0;  0,0;  0,0; 12,1;  0,0;  0,0;  0,0; 13,2;  0,0; 18,1;  7,2;  0,0;  0,4;  8,1;  0,0;72,1;45,2;24,1;72,1;264,8
  01/1997; 32,3; 42,2; 32,3;  2,5;  0,0;  0,0;  0,0;  1,8;  3,2;  0,3;  0,5; 19,1;  8,2;  4,5;  0,0; 27,6;  0,4; 21,2; 25,7; 12,8; 74,6; 18,6; 37,6; 16,3;  5,5;  0,4;  7,8; 14,5;5,2;0,3;0,2;74,6;415,6
  02/1997;  0,0;  0,2;  1,8;  5,2;  0,2;  0,0;  0,0;  0,0;  0,0;  0,0;  0,0;  0,0;  1,1;  8,2;  0,1;  0,0; 23,1; 20,2;  0,0;  0,0;  0,0;  0,0;  0,0;  0,0;  0,0;  0,0;  0,0;  0,0;---;---;---;23,1;60,1
  03/1997;  0,0;  0,0;  0,0;  0,0;  0,0;  0,0;  0,0;  0,0;  1,4;  0,0;  0,0;  0,0;  0,0;  2,6;  4,2;  3,1;  3,5;  0,0;  0,0;  0,0;  0,0;  0,0;  0,0;  0,0;  0,0;  0,0;  0,0;  0,0;0,0;0,0;54,3;54,3;69,1
  04/1997; 77,5;  0,0;  0,0;  0,0;  0,0;  0,0;  0,0;  0,0;  0,0;  0,0;  0,0;  0,0;  0,0;  0,0;  0,0;  0,0; 21,1;  0,0;  0,0;  0,0;  4,1;  0,1;  0,0;  0,0;  0,0;  0,0;  0,0;  0,0;0,0;0,0;---;77,5;102,8
  05/1997;  0,0;  0,0;  0,0;  0,0;  0,0;  0,0;  0,0;  0,0;  0,0;  0,0;  0,0;  0,0;  0,0;  0,0;  0,0;  0,0;  0,0;  0,0;  0,0;  0,0;  0,0;  0,0; 24,2;  0,1; 17,1;  0,0;  0,1;  3,4;5,2;0,0;0,0;24,2;50,1
  06/1997;  0,0;  0,0;  0,0;  4,2;  0,0; 81,2;  0,0;  0,0;  0,0;  0,0;  0,0;  0,2;  5,7;  0,0; 37,5; 22,1;  0,4;  0,0;  0,0;  0,0;  0,0;  0,0;  0,0;  0,0;  0,0;  0,0;  0,0;  0,0;0,0;0,0;---;81,2;151,3
  07/1997;  0,0;  0,0;  0,0;  0,0;  0,0;  0,0;  0,0;  0,0;  0,0;  0,0;  0,0;  0,0;  0,0;  0,0;  0,0;  0,0;  0,0;  0,0;  0,0;  0,0;  0,0;  0,0;  0,0;  0,0;  0,0;  0,0;  0,0;  0,0;0,0;0,0;0,0;0,0;0,0
  08/1997;  0,0;  0,0;  0,0;  0,0;  0,0;  0,0;  0,0;  0,0;  0,0;  0,0;  0,0;  0,0;  0,0;  0,0;  0,0;  0,0;  0,0;  0,0;  0,0;  0,0;  0,0;  0,0;  0,0;  0,0;  0,0;  0,0;  0,0;  0,0;0,0;0,0;0,0;0,0;0,0
  09/1997;  0,0;  0,0;  0,0;  0,0;  0,0;  0,0;  0,0;  0,0;  0,0;  0,0;  0,0;  0,0;  0,0;  0,0;  0,7;  0,0;  0,0;  0,0;  0,0;  1,5; 17,2;  0,0;  0,0;  0,0;  5,5;  0,0;  0,0;  0,0;0,9;0,0;---;17,2;25,8
  10/1997;  0,0;  0,0;  0,0;  0,0;  0,0;  0,0;  8,5;  0,0;  0,0;  0,0;  0,0;  0,0;  0,0;  0,0;  0,1;  2,2; 24,1;  2,1;  0,0; 11,2; 55,3;  0,4;  6,1;  0,0;  0,0;  0,0; 28,5;  0,0;0,0;0,0;0,0;55,3;138,5
  11/1997; 23,9;  0,0;  0,0;  0,0;  0,0; 19,5;  1,4;  0,0;  0,0;  0,0;  0,0;  0,0;  0,0;  0,1; 28,5;  0,0; 12,1;  7,8; 10,4; 27,1;  0,0;  0,0;  0,2; 48,2; 16,2; 34,2;  0,6;  8,1;33,2;24,7;---;48,2;296,2
  12/1997;  6,7; 25,6;  0,3; 37,4;  2,7;  0,3; 12,4;  0,0;  0,1;  0,2;  9,4;  0,0;  0,0;  0,0; 28,2;  0,0;  0,0;  0,0;  0,0;  0,0;  0,0;  0,0;  0,0;  0,0;  0,0;  0,0;  0,0;  0,5;16,1;0,0;0,0;37,4;139,9
  01/1998;  0,0;  0,0;  0,0; 62,1;  0,0;  0,1;  8,3;  9,5; 26,1;  0,3;  0,0;  0,0;  5,5; 13,1;  0,0;  0,1;  9,2;  8,1;  0,0;  0,0;  0,0;  0,0;  0,0;  0,0;  0,2;  5,1;  3,2;  0,4;8,3;5,2;6,1;62,1;170,9
  02/1998;  0,0;  0,0;  0,0;  0,1;  5,2; 15,5;  0,0;  0,1; 35,4;  8,2;  7,1;  6,4;  0,0;  0,2;  8,2;  5,3;  6,1;  0,5;  0,0;  0,6;  1,2;  3,1;  0,3; 11,2;  2,3; 37,1;  0,5;  7,6;---;---;---;37,1;162,2
  03/1998;  0,3;  0,1; 43,1;  0,0; 11,3;  7,1;  0,0;  0,0;  0,0;  0,0;  4,8;  0,2;  0,0;  0,3;  0,0;  0,0;  7,1; 51,1;  0,0;  0,0;  0,0;  0,0;  0,0;  0,0;  0,9; 22,1;  0,0;  0,0;0,0;0,0;1,2;51,1;149,6
  04/1998; 55,2;  0,0;  0,0;  0,0;  0,0;  0,0;  0,0;  9,2;  0,0;  0,0;  0,0;  0,0;  0,0;  0,0;  0,0;  0,0; 21,1;  9,1;  0,0;  0,0;  0,0;  0,0;  0,0;  0,0;  0,0;  0,0;  0,0; 14,8;0,0;0,0;---;55,2;109,4
  05/1998;  0,0;  0,0;  0,0;  0,5; 23,1;  0,0;  0,0;  0,0;  0,0;  0,0;  0,0;  0,0;  0,0;  1,2;  0,4;  0,1;  0,0;  0,2;  0,0;  0,0;  0,0;  0,0;  0,0;  0,0;  0,0;  0,0;  0,0;  0,2;26,2;0,0;0,0;26,2;51,9
  06/1998;  0,0;  0,0;  0,0;  0,0;  0,0;  0,0;  0,0;  0,0;  0,0;  0,0;  0,0;  0,0;  0,0;  0,0;  0,0;  0,0;  0,0;  0,0;  0,0;  0,0;  0,0;  0,0;  0,0;  0,0;  0,0;  0,0;  0,0;  0,0;0,0;0,0;---;0,0;0,0
  07/1998;  0,0;  0,0;  0,0;  0,0;  0,0;  0,0;  0,0;  0,0;  0,0;  0,7;  0,0;  0,0;  0,0;  0,0;  0,0;  0,0;  0,0;  0,0;  0,0;  0,0;  0,0;  0,0;  0,0;  0,0;  0,0;  0,0;  0,0;  0,0;0,0;0,0;0,0;0,7;0,7
  08/1998;  0,0;  3,1;  0,0;  0,0;  0,4;  0,0;  9,3;  0,1;  0,2; 37,1; 24,2;  0,0;  0,0;  0,0;  0,0;  0,0;  0,0;  0,0;  0,0;  0,0;  0,0;  0,0;  0,0;  0,0;  0,0;  0,0;  0,0;  0,0;0,0;0,0;0,0;37,1;74,4
  09/1998;  0,0;  0,0;  0,0;  0,0;  0,0;  0,0;  0,0;  0,0; 29,7;  0,0;  0,0;  0,0;  0,0;  0,0;  0,0;  0,0;  0,0;  0,0;  8,1; 28,6;  0,0;  0,0;  0,0;  0,0;  0,0;  0,0;  0,0;  0,0;1,2;12,8;---;29,7;80,4
  10/1998;  0,0;  0,0;  0,0;  0,0;  0,0; 19,8;  0,0;  0,0;  0,0;  0,0;  0,1; 34,1;  0,0;  0,0;  0,0;  0,0; 23,2;  0,0;  0,0;  0,0;  0,0;  0,0;  0,0;  0,0;  0,0; 36,1;  4,3;  0,0;0,0;0,0;0,0;36,1;117,6
  12/1998; 28,5;  0,0;  0,2;  0,0;  6,1;  0,0;  0,0;  0,0;  0,4;  6,2; 24,2; 18,5;  0,0;  5,8;  0,2;  2,3;  2,1;  0,0;  0,0;  0,0;  0,0;  0,0;  0,0;  0,0;  0,0;  0,0;  0,0;  0,0;33,7;17,3;2,1;33,7;147,6
  01/1999;  0,2;  2,4;  8,1;  0,1; 15,6; 31,2; 33,1; 25,2;  3,2;  4,3;  0,8;  0,3;  0,2; 12,6; 37,5; 15,8; 19,1;  0,3;  0,0;  0,0;  0,0; 17,8;  0,3; 10,1;  8,1;  0,2;  0,0;  0,6;12,1;0,5;38,9;38,9;298,6
  02/1999; 12,7;  0,1;  0,0;  0,0;  0,0;  0,2;  0,3; 11,2;  0,0;  0,0;  0,0;  0,0;  0,0;  0,0;  0,0;  0,0;  0,0;  0,0;  0,0;  4,3;  0,0;  0,0;  0,0;  0,0;  0,0; 67,4; 27,2;  8,1;---;---;---;67,4;131,5
  03/1999; 29,2; 17,3; 11,2; 13,2;  0,1;  0,0; 12,3; 64,5;  0,0;  0,0;  0,0;  0,1; 24,1;  0,0;  0,0;  0,0;  0,0;  2,1;  0,0;  0,0;  0,0;  0,0;  0,0;  0,0;  0,0;  0,0;  0,0;  0,0;0,0;0,0;0,0;64,5;174,1
  04/1999;  0,0;  0,0;  0,0;  0,0;  0,0;  0,0;  0,0;  0,0;  0,0;  0,0;  0,0;  0,0;  0,0;  0,0;  0,0;  0,0; 45,5;  0,0;  0,0;  0,0;  0,0;  0,0;  0,0;  0,0;  0,0;  0,0;  0,0;  0,0;0,0;0,0;---;45,5;45,5
  05/1999;  0,0;  0,0;  0,0;  0,0;  0,0;  0,0;  9,1;  0,0;  0,0;  0,0;  0,0;  0,0;  0,0;  0,0;  0,0;  0,0;  0,0;  0,0;  0,0;  0,0;  0,0;  0,0;  0,0;  0,0;  0,0;  0,0;  0,0;  0,0;0,0;0,0;0,0;9,1;9,1
  06/1999;  0,0;  0,0;  0,0;  0,0;  0,0;  0,0;  0,0;  0,0;  0,0;  0,0;  0,0;  0,0;  0,0;  0,0;  0,0;  0,0;  0,0;  0,0;  0,0; 16,2;  9,1;  0,0;  0,0;  0,0;  0,0;  0,0;  0,0;  0,0;0,0;1,5;---;16,2;26,8
  07/1999;  0,0;  0,0;  0,0;  0,0;  0,0;  0,0;  0,0;  0,0;  0,0;  0,0;  0,0;  0,0;  0,0;  0,0;  0,0;  0,0;  0,0;  0,0;  0,0;  0,0;  0,0;  0,0;  0,0;  0,0;  0,0;  0,0;  0,0;  0,0;0,0;0,0;0,0;0,0;0,0
  08/1999;  0,0;  0,0;  0,0;  0,0;  0,0;  0,0;  0,0;  0,0;  0,0;  0,0;  0,0;  0,0;  0,0;  0,0;  0,0;  0,0;  0,0;  0,0;  0,0;  0,0;  0,0;  0,0;  0,0;  0,0;  0,0;  0,0;  0,0;  0,0;0,0;0,0;0,0;0,0;0,0
  09/1999;  0,0;  0,0;  0,0;  0,0;  0,0;  0,0;  0,0;  0,0;  0,0; 12,1;  0,5;  0,0;  0,0;  0,0; 20,9; 11,3;  0,0; 10,5;  0,0;  0,0;  0,0;  8,9;  0,0;  0,0;  0,0;  0,0;  0,0;  0,0;0,0;0,0;---;20,9;64,2
  10/1999;  0,0;  0,0;  0,0;  0,0;  0,0;  0,0;  0,1;  0,2;  6,8;  0,0;  0,0;  0,0;  0,0;  0,0;  0,0;  0,0;  0,0;  3,8;  0,0;  0,0;  0,0;  0,0;  0,0;  0,0;  0,0;  0,0; 21,2; 31,2;0,0;0,0;0,0;31,2;63,3
  11/1999;  0,0;  0,1;  0,0;  2,6;  0,0;  0,0;  0,0;  0,0;  0,0;  0,0;  0,0;  0,1; 16,1;  0,0;  0,0;  0,0;  0,0;  0,0;  0,0;  0,0;  0,0;  0,0;  0,0;  0,0;  0,0;  5,1;  0,0;  0,0;0,0;0,0;---;16,1;24,0
  12/1999;  0,0;  0,0;  0,0;  5,2;  0,1;  0,2; 14,3; 28,6;  0,2;  0,1;  0,0;  0,0; 46,1; 31,9;  0,0;  3,2;  0,0;  0,0;  0,0;  0,0;  0,0;  0,0;  0,0;  0,0; 25,2;  0,0;  0,1; 12,4;0,0;0,0;0,0;46,1;167,6
  01/2000; 24,5; 41,3;  2,2;  1,3; 18,2;  0,0;  0,0;  0,0; 66,3;  0,0;  0,0;  0,0;  0,0;  0,0;  0,0;  0,0;  0,0;  0,0;  9,3;  0,0;  0,0;  8,1;  0,0;  0,0;  0,0;  8,9; 27,8; 58,5;0,4;0,0;0,0;66,3;266,8
  02/2000; 28,1; 19,1; 21,2;  0,9;  7,8;  6,1;  5,2;  0,5;  0,7; 12,1;  0,8; 53,5; 72,4;  3,5;  0,0;  0,0;  0,0;  0,0;  0,0;  3,2;  0,7;  0,9;  0,0;  0,0;  0,0;  0,0;  0,0; 25,8;12,6;---;---;72,4;275,1
  03/2000;  0,4;  7,1;  0,8; 18,2;  0,0;  0,0;  0,0;  0,4; 63,1;  2,3;  0,8;  0,0;  0,0; 16,2;  8,1;  1,2;  0,8; 19,4; 12,9;  8,4;  0,0;  0,0;  0,0;  0,0;  0,0;  0,0; 41,7; 14,3;0,0;0,0;0,0;63,1;216,1
  04/2000;  0,0;  0,0;  0,0;  0,0;  0,0;  0,0;  0,0;  0,0;  0,0;  0,0;  0,0;  0,0;  0,0;  0,0;  0,0;  0,0;  0,0;  0,2; 24,5;  0,2;  0,0;  0,0;  0,0;  0,0;  0,0;  0,0;  0,0;  0,0;0,0;0,0;---;24,5;24,9
  05/2000;  0,0;  0,0;  0,0;  0,0;  0,0;  0,0;  0,0;  0,0;  0,0;  0,0;  0,0;  0,0;  0,0;  0,0;  0,0;  0,0;  0,0;  0,0;  0,0;  0,0;  0,0;  0,0;  0,0;  0,0;  0,0;  0,0;  0,0; 19,1;0,0;0,0;0,0;19,1;19,1
  06/2000;  0,0;  0,0;  0,0;  0,0;  0,0;  0,0;  0,0;  0,0;  0,0;  0,0;  0,0;  0,0;  0,0;  0,0;  0,0;  0,0;  0,0;  0,0;  0,0;  0,0;  0,0;  0,0;  0,0;  0,0;  0,0;  0,0;  0,0;  0,0;0,0;0,0;---;0,0;0,0
  07/2000;  0,0;  0,0;  0,0;  0,0;  0,0;  0,0;  0,0;  0,0;  0,0;  0,0;  0,0;  0,0;  0,0;  0,0;  0,0;  1,9;  0,0;  0,0;  0,0;  0,0;  0,0;  0,0; 14,2;  4,1;  0,0;  0,0;  0,0;  0,0;0,0;0,0;0,0;14,2;20,2
  08/2000;  0,0;  0,0;  0,0;  0,0;  0,0;  0,0;  0,0;  0,0;  0,0;  0,0;  0,0;  0,0;  0,0;  0,0;  0,0;  5,1;  0,0;  0,0;  0,0;  0,0;  0,0;  0,0;  0,0;  0,0;  0,0;  0,0;  0,0;  0,0;33,7;0,0;0,0;33,7;38,8
  09/2000;  0,1;  5,2; 15,3;  0,0;  0,0;  6,3;  4,1;  0,2;  0,0; 11,3; 16,1;  0,0; 11,2; 12,5;  0,0;  0,0;  0,0;  0,0;  0,0;  0,0;  0,0;  0,0;  0,0;  0,0;  0,0;  0,0;  0,0;  0,0;0,0;0,0;---;16,1;82,3
  10/2000;  0,0;  0,0;  0,0;  0,0;  0,0;  0,0;  0,0;  0,0;  0,0;  0,0;  0,0;  0,0;  0,0;  0,0;  0,0;  0,0;  0,0;  0,0;  0,0;  0,0;  0,0;  0,0;  4,7;  0,0;  0,0;  0,0; 19,4;  1,7;0,0;0,0;0,0;19,4;25,8
  11/2000;  0,0;  0,0;  0,1;  0,2; 23,4;  0,0;  0,0;  0,0;  0,0;  0,0;  0,0;  0,0; 28,1; 18,3; 32,1;  0,0;  0,0;  0,0; 10,1;  6,2;  0,0;  0,0;  0,1; 35,7; 16,8;  0,0;  0,0;  0,3;0,0;0,0;---;35,7;171,4
  12/2000;  0,5;  4,6; 32,7;  0,0;  0,0;  0,0;  0,0;  0,0;  0,2; 21,5;  0,0;  0,0;  0,0;  0,4; 12,3;  0,8;  0,0;  0,0;  0,0;  0,0;  0,0;  0,0;  0,0;  0,0;  0,0;  6,0; 12,9; 36,5;0,0;0,0;0,0;36,5;128,4
  01/2001;  0,0;  0,0;  0,0;  0,0;  0,0;  0,4;  0,0;  0,1; 28,2; 11,3;  0,0;  0,0;  0,0;  0,0;  0,0;  0,0;  0,0;  0,0;  0,0;  0,0;  0,0;  0,0;  0,0;  0,0;---;---;---;---;---;---;---;---;---
