PREFIXO: ;C6-030
NOME DO POSTO: ;AGUAS DE IBIRA
MUNICÍPIO: ;IBIRA
CURSO D'ÁGUA: ;CUBATAO,RIB
LATITUDE: ;21°05'00"
LONGITUDE: ;49°14'00"
 
Obs: valores com --- representam dados inexistentes.
 
Dados de chuva (mm)
 
Mês/Ano;1;2;3;4;5;6;7;8;9;10;11;12;13;14;15;16;17;18;19;20;21;22;23;24;25;26;27;28;29;30;31;Chuva máxima;Chuva total
  03/1940;  0,0;  0,0;  0,0;  0,0;  0,0;  0,0; 18,0; 17,5; 17,2; 19,2;  0,0;  0,0; 21,3; 23,9;  0,0;  0,0;  0,0;  0,0;  0,0;  0,0;  0,0;  0,0;  0,0;  0,0;  0,0;  0,0;  0,0;  7,0;0,0;0,0;0,0;23,9;124,1
  07/1940;  0,0;  0,0;  0,0;  0,0;  0,0;  0,0;  0,0;  0,0;  0,0;  0,0;  0,0;  0,0;  0,0;  0,0;  0,0;  0,0;  0,0;  0,0;  0,0;  0,0;  0,0;  2,5;  0,0;  0,0;  0,0;  0,0;  0,0;  1,2;0,0;0,0;0,0;2,5;3,7
  08/1940;  0,0;  0,0;  0,0;  0,0;  0,0;  0,0;  0,0;  0,0;  0,0;  0,0;  0,0;  0,0;  0,0;  0,0;  0,0;  0,0;  0,0;  0,0;  0,0;  0,0;  0,0;  0,0;  0,0;  0,0;  0,0;  0,0; 22,0;  0,0;0,0;0,0;0,0;22,0;22,0
  09/1940;  0,0;  0,0;  0,0;  0,0;  0,0;  0,0;  0,0;  0,0;  0,0;  0,0;  0,0;  1,0;  0,0;  0,0;  0,0;  0,0;  0,0;  0,0;  0,0;  0,0;  0,0;  0,0;  0,0;  0,0; 18,0;  0,0;  0,0;  0,0;0,0;0,0;---;18,0;19,0
  10/1940;  0,0;  0,0;  0,0;  0,0;  0,0;  0,0;  0,0;  0,0;  0,0;  0,0;  0,6; 30,9;  0,0;  0,0;  0,0;  0,0;  0,0;  0,0;  0,0;  0,0; 31,0;  0,0;  0,0;  0,0;  0,0;  0,0;  0,0;  0,0;18,0;0,0;0,0;31,0;80,5
  11/1940;  0,0;  0,0;  0,0;  0,0; 18,0;  0,0; 48,1; 16,0; 32,0; 20,4;  0,0; 41,0; 50,4; 48,5; 41,0;  2,0;  0,0;  0,0;  0,0;  0,0;  0,0;  0,0;  0,0;  0,0; 20,5;  0,0; 10,0; 25,0;30,0;0,0;---;50,4;402,9
  01/1941;  7,0;  0,0;  0,0; 35,0;  0,0;  0,0;  0,0; 10,0;  0,0;  0,0;  7,0;  0,0;  0,0;  0,0;  0,0;  0,0;  0,0;  0,0;  0,0;  0,0;  0,0;  0,0;  0,0;  0,0;  0,0;  0,0;  0,0;  0,0;0,0;0,0;0,0;35,0;59,0
  04/1941; 16,5;  8,5;  0,0;  0,0; 50,5;  0,0;  0,0; 80,8; 10,5;  0,0;  0,0;  0,0;  0,0;  0,0;  0,0;  0,0;  0,0;  0,0; 10,2;  0,0;  0,0;  0,0;  0,0;  0,0;  0,0;  0,0;  0,0;  0,0;0,0;0,0;---;80,8;177,0
  06/1941;  0,0;  0,0;  0,0;  0,0;  0,0;  0,0;  0,0;  0,0;  0,0;  0,0;  0,0;  0,0;  0,0;  0,0;  0,0;  0,0;  0,0;  0,0;  0,0;  0,0;  0,0;  0,0;  0,0;  0,0;  0,0;  0,0;  0,0;  0,0;0,0;0,0;---;0,0;0,0
  07/1941;  0,0;  0,0;  0,0;  0,0;  0,0;  0,0;  0,0;  0,0;  0,0;  0,0;  0,0;  0,0;  0,0;  0,0;  0,0; 12,0;  2,0;  0,0;  0,0;  0,0;  0,0;  0,0;  0,0;  0,0;  0,0;  0,0;  0,0;  0,0;0,0;0,0;0,0;12,0;14,0
  08/1941;  0,0;  0,0;  0,0;  0,0;  0,0;  0,0;  0,0;  0,0;  0,0;  0,0;  0,0;  0,0;  0,0;  0,0;  8,0;  0,0;  0,0;  0,0;  0,0;  0,0;  0,0;  0,0;  0,0;  0,0;  0,0;  0,0;  0,0;  0,0;0,0;0,0;0,0;8,0;8,0
  09/1941;  0,0; 26,0; 11,0;  0,0;  0,0; 16,0;  0,0;  0,0;  0,0;  0,0;  7,0;  0,0;  0,0; 40,0;  0,0;  0,0;  0,0;  0,0;  7,0;  0,0;  4,0;  0,0;  0,0;  0,0;  0,0; 35,0;  0,0;  0,0;0,0;0,0;---;40,0;146,0
  10/1941;  0,0;  0,0;  0,0;  0,0;  0,0;  0,0;  0,0; 42,0;  0,0;  0,0;  0,0;  0,0;  0,0;  0,0;  0,0;  0,0;  0,0;  0,0;  0,0;  0,0;  0,0;  0,0;  0,0;  0,0;  0,0;  0,0;  0,0;  0,0;0,0;0,0;0,0;42,0;42,0
  02/1942; 25,0;  0,0; 25,0;  0,0;  0,0;  0,0;  0,0;  0,0;  0,0; 20,0; 15,0; 20,0; 20,0;  0,0;  0,0;  0,0;  0,0; 15,0;  0,0;  0,0; 15,0;  0,0;  0,0;  0,0;  0,0;  0,0;  0,0; 15,0;---;---;---;25,0;170,0
  03/1942; 25,0; 30,0;  0,0;  0,0; 15,0; 10,0;  0,0; 15,0;  0,0; 10,0;  5,0; 10,0;  0,0; 10,0; 20,0;  0,0;  0,0;  0,0;  0,0;  0,0;  0,0;  0,0;  0,0;  0,0;  0,0;  0,0; 19,0;  0,0;0,0;10,0;0,0;30,0;179,0
  04/1942;  0,0;  0,0;  0,0;  0,0; 40,0; 31,0; 30,0;  0,0;  0,0;  0,0;  0,0;  0,0;  0,0; 40,0;  0,0;  0,0;  0,0;  0,0;  0,0;  0,0;  0,0;  0,0;  0,0;  0,0;  0,0;  0,0;  0,0;  0,0;0,0;0,0;---;40,0;141,0
  05/1942;  0,0;  0,0;  0,0; 15,0; 30,0;  0,0;  0,0;  0,0;  0,0;  0,0;  0,0;  0,0;  0,0;  0,0;  0,0;  0,0;  0,0;  0,0;  0,0;  0,0;  0,0;  0,0;  0,0;  0,0;  0,0;  0,0;  0,0;  0,0;0,0;0,0;0,0;30,0;45,0
  06/1942;  0,0;  0,0;  0,0;  0,0;  0,0;  0,0; 16,0;  0,0;  0,0;  0,0;  0,0;  0,0;  0,0;  0,0;  0,0;  0,0;  0,0;  0,0;  0,0;  0,0;  0,0;  0,0;  0,0;  0,0;  0,0;  0,0;  0,0;  0,0;0,0;0,0;---;16,0;16,0
  07/1942;  0,0;  0,0;  0,0;  0,0;  0,0;  0,0;  0,0;  0,0;  0,0;  0,0;  0,0;  0,0;  0,0;  0,0;  0,0;  0,0;  0,0;  0,0;  0,0;  0,0;  0,0;  0,0;  0,0;  0,0;  0,0;  0,0;  0,0;  0,0;0,0;0,0;0,0;0,0;0,0
  08/1942;  0,0;  0,0;  0,0;  0,0;  0,0;  0,0;  0,0;  0,0;  0,0;  0,0;  0,0;  0,0;  0,0;  0,0;  0,0;  0,0;  0,0;  0,0;  0,0;  0,0;  0,0;  0,0;  0,0;  0,0;  0,0;  0,0;  0,0;  0,0;0,0;0,0;0,0;0,0;0,0
  09/1942;  0,0;  0,0;  0,0;  0,0;  0,0;  0,0;  0,0;  0,0;  0,0;  0,0;  0,0;  0,0;  0,0;  0,0;  0,0;  0,0;  0,0;  0,0;  0,0; 15,0;  0,0;  0,0;  0,0; 10,0;  5,0;  0,0;  0,0;  0,0;0,0;0,0;---;15,0;30,0
  10/1942;  0,0;  0,0;  0,0; 15,0;  0,0;  0,0;  0,0;  0,0;  0,0;  0,0;  0,0;  0,0;  0,0;  0,0;  0,0;  0,0;  0,0;  0,0;  0,0;  0,0;  0,0;  0,0;  0,0;  0,0;  0,0; 10,0; 30,0; 30,0;45,0;0,0;0,0;45,0;130,0
  11/1942;  0,0;  0,0;  0,0;  0,0;  0,0;  0,0;  0,0;  0,0;  0,0;  0,0;  0,0;  0,0;  0,0;  0,0;  0,0;  0,0;  0,0;  0,0;  0,0;  0,0;  0,0;  0,0;  0,0; 30,0; 32,0; 60,0;  0,0;  0,0;10,0;0,0;---;60,0;132,0
  12/1942;  0,0;  0,0;  0,0;  0,0;  0,0;  0,0;  0,0;  0,0;  0,0;  0,0;  0,0;  5,0; 10,0;  0,0;  0,0;  0,0;  0,0; 45,0; 50,0; 35,0; 60,0; 20,0; 35,0; 25,0;  0,0;  0,0; 10,0;  0,0;0,0;0,0;0,0;60,0;295,0
  01/1943;  0,0;  0,0;  0,0;  0,0; 25,0; 15,0;  0,0;  0,0;  0,0;  0,0;  0,0;  0,0;  0,0; 30,0;  0,0;  0,0; 15,0;  0,0; 10,0;  0,0;  0,0; 10,0;  0,0;  0,0;  0,0;  0,0;  0,0; 20,0;20,0;10,0;0,0;30,0;155,0
  02/1943;  0,0;  0,0;  0,0;  0,0;  0,0;  0,0;  0,0;  0,0;  0,0; 10,0;  0,0;  0,0; 15,0;  0,0;  0,0;  0,0;  0,0;  0,0;  0,0;  0,0; 15,0; 20,0;  0,0;  0,0;  0,0;  0,0;  0,0;  0,0;---;---;---;20,0;60,0
  03/1943;  0,0;  0,0;  0,0;  0,0; 15,0; 10,0; 45,0; 20,0; 10,0; 20,0; 10,0; 15,0; 10,0;  0,0;  0,0;  0,0;  0,0;  0,0;  0,0;  0,0;  0,0;  0,0;  0,0;  0,0;  0,0;  0,0;  0,0;  0,0;0,0;0,0;0,0;45,0;155,0
  04/1943;  0,0;  0,0;  0,0;  0,0;  0,0;  0,0;  0,0;  0,0;  0,0;  5,0;  0,0;  3,0;  0,0;  0,0;  0,0;  0,0;  0,0;  0,0; 10,0;  0,0;  0,0;  0,0;  0,0;  0,0;  0,0;  0,0;  0,0;  0,0;0,0;0,0;---;10,0;18,0
  05/1943;  0,0;  0,0;  0,0;  0,0;  0,0;  0,0;  0,0;  0,0;  0,0;  0,0;  0,0;  0,0;  0,0;  0,0;  0,0;  0,0;  0,0;  0,0;  0,0;  0,0;  0,0;  0,0;  0,0;  0,0;  0,0;  0,0;  0,0;  0,0;0,0;0,0;0,0;0,0;0,0
  06/1943;  0,0;  0,0;  0,0;  0,0;  0,0; 10,0;  0,0;  0,0;  0,0;  0,0;  0,0;  0,0;  0,0;  0,0;  0,0;  0,0;  0,0;  0,0;  0,0;  0,0;  0,0;  0,0;  0,0;  0,0;  0,0;  0,0;  0,0;  0,0;0,0;0,0;---;10,0;10,0
  07/1943;  0,0;  0,0;  0,0;  0,0;  0,0;  0,0;  0,0;  0,0;  0,0;  0,0;  0,0;  0,0;  0,0;  0,0;  0,0;  0,0;  0,0;  0,0;  0,0;  0,0;  0,0;  0,0;  0,0;  0,0;  0,0;  0,0;  0,0;  0,0;0,0;0,0;0,0;0,0;0,0
  08/1943;  0,0;  0,0;  0,0;  0,0;  0,0;  0,0;  0,0;  0,0;  0,0;  0,0;  0,0;  0,0;  0,0;  0,0;  0,0;  0,0;  0,0;  0,0;  0,0;  0,0;  0,0;  0,0;  0,0;  0,0;  0,0;  0,0;  0,0;  0,0;0,0;0,0;0,0;0,0;0,0
  09/1943;  0,0;  0,0;  0,0;  0,0;  0,0;  0,0;  0,0;  0,0;  0,0;  0,0;  0,0;  0,0;  0,0;  0,0;  0,0;  0,0;  0,0;  0,0;  0,0;  0,0;  0,0; 15,0; 10,0;  0,0;  0,0;  0,0;  0,0;  0,0;0,0;0,0;---;15,0;25,0
  02/1944;  0,0;  0,0; 10,0;  5,0;  0,0; 10,0; 15,0;  0,0;  5,0; 10,0;  0,0;  0,0; 15,0;  0,0; 20,0;  0,0;  0,0; 10,0;  5,0;  0,0;  0,0;  0,0; 15,0; 25,0; 20,0;  0,0;  0,0;  0,0;0,0;---;---;25,0;165,0
  03/1944;  0,0;  0,0;  0,0;  0,0;  0,0;  0,0;  0,0;  0,0;  0,0;  0,0;  0,0; 20,0;  0,0;  0,0;  0,0;  0,0;  0,0; 10,0;  0,0;  0,0;  0,0;  0,0;  0,0;  0,0;  0,0;  0,0;  0,0; 15,0;0,0;0,0;0,0;20,0;45,0
  04/1944;  0,0; 15,0;  0,0;  0,0;  0,0;  0,0;  0,0;  0,0;  0,0;  0,0;  0,0;  0,0;  0,0;  0,0; 15,0;  0,0; 30,0;  0,0;  0,0; 50,0;  0,0;  0,0;  0,0;  0,0;  0,0;  0,0;  0,0;  0,0;0,0;0,0;---;50,0;110,0
  05/1944;  0,0;  0,0;  0,0;  0,0;  0,0;  0,0;  0,0;  0,0;  0,0;  0,0;  0,0;  0,0;  0,0;  0,0;  0,0;  0,0;  0,0;  0,0;  0,0;  0,0;  0,0;  0,0;  0,0;  0,0;  0,0;  0,0;  0,0;  0,0;0,0;0,0;0,0;0,0;0,0
  06/1944;  0,0;  0,0;  0,0;  0,0;  0,0;  0,0;  0,0;  0,0;  0,0;  0,0;  0,0;  0,0;  0,0;  0,0;  0,0;  0,0;  0,0;  0,0;  0,0;  0,0;  0,0;  0,0;  0,0;  0,0;  0,0;  0,0;  0,0;  0,0;0,0;0,0;---;0,0;0,0
  07/1944;  0,0;  0,0;  0,0;  0,0;  0,0;  0,0;  0,0;  0,0;  0,0;  0,0;  0,0;  0,0;  0,0;  0,0;  0,0;  0,0;  0,0;  0,0;  0,0;  0,0;  0,0;  0,0;  0,0;  0,0;  0,0;  0,0;  0,0;  0,0;0,0;0,0;0,0;0,0;0,0
  08/1944;  0,0;  0,0;  0,0;  0,0;  0,0;  0,0;  0,0;  0,0;  0,0;  0,0;  0,0;  0,0;  0,0;  0,0;  0,0;  0,0;  0,0;  0,0;  0,0;  0,0;  0,0;  0,0;  0,0;  0,0;  0,0;  0,0;  0,0;  0,0;0,0;0,0;0,0;0,0;0,0
  09/1944;  0,0;  0,0;  0,0;  0,0;  0,0;  0,0;  0,0;  0,0;  0,0;  0,0;  0,0;  0,0;  0,0;  0,0;  0,0;  0,0;  0,0;  0,0;  0,0;  0,0;  0,0;  0,0;  0,0;  0,0;  0,0;  0,0;  0,0;  0,0;0,0;0,0;---;0,0;0,0
  10/1944;  0,0;  0,0;  0,0;  0,0;  0,0;  0,0;  0,0;  0,0;  0,0;  0,0;  0,0;  0,0;  0,0; 10,0;  0,0;  0,0;  0,0;  0,0;  0,0;  0,0;  0,0;  0,0;  0,0;  0,0;  0,0;  0,0; 20,0; 25,0;15,0;0,0;0,0;25,0;70,0
  12/1944;  0,0; 30,0; 15,0; 10,0;  0,0;  0,0; 50,0;  0,0;  0,0;  0,0;  0,0;  0,0;  0,0;  0,0;  0,0;  0,0;  0,0;  0,0;  0,0;  0,0;  0,0; 20,0; 30,0;  0,0; 15,0; 25,0;  0,0;  0,0;0,0;30,0;0,0;50,0;225,0
  01/1945;  0,0;  0,0;  0,0;  0,0;  0,0;  0,0;  0,0;  0,0;  0,0;  0,0;  0,0;  0,0;  0,0;  0,0;  0,0;  0,0;  0,0;  0,0;  0,0;  0,0;  0,0;  0,0;  0,0;  0,0;  0,0;  0,0;  0,0;  0,0;50,0;20,0;15,0;50,0;85,0
  02/1945;  0,0; 10,0; 20,0; 50,0;  5,0; 30,0; 10,0; 15,0; 20,0; 45,0;100,0; 30,0; 20,0; 15,0; 10,0; 10,0; 15,0; 20,0; 30,0; 40,0; 55,0;  0,0; 15,0; 20,0;  5,0; 10,0; 10,0;  0,0;---;---;---;100,0;610,0
  06/1945;  0,0;  0,0;  0,0;  0,0;  0,0;  0,0;  0,0;  0,0;  0,0;  0,0;  0,0;  0,0;  0,0;  0,0;  0,0;  0,0;  0,0;  0,0;  0,0; 20,0;  0,0;  0,0;  0,0;  0,0;  0,0;  0,0;  0,0;  0,0;0,0;0,0;---;20,0;20,0
  07/1945;  0,0;  0,0;  0,0;  0,0;  0,0;  0,0;  0,0;  0,0;  0,0;  0,0;  0,0;  0,0;  0,0;  0,0;  0,0;  0,0;  0,0;  0,0;  0,0;  0,0;  0,0;  0,0;  0,0;  0,0; 15,0;  0,0;  0,0;  0,0;0,0;0,0;0,0;15,0;15,0
  08/1945;  0,0;  0,0;  0,0;  0,0;  0,0;  0,0;  0,0;  0,0;  0,0;  0,0;  0,0;  0,0;  0,0;  0,0;  0,0;  0,0;  0,0;  0,0;  0,0;  0,0;  0,0;  0,0;  0,0;  0,0;  0,0;  0,0;  0,0;  0,0;0,0;0,0;0,0;0,0;0,0
  09/1945;  0,0;  0,0;  0,0;  0,0;  0,0;  0,0;  0,0;  0,0;  0,0;  0,0;  0,0;  0,0;  0,0;  0,0;  0,0; 15,0;  0,0;  0,0;  0,0;  0,0;  0,0;  0,0;  0,0;  0,0;  0,0;  0,0;  0,0;  0,0;0,0;0,0;---;15,0;15,0
  10/1945;  0,0;  0,0;  0,0;  0,0;  0,0; 10,0;  0,0;  0,0;  0,0;  0,0;  0,0;  0,0;  0,0;  0,0;  0,0;  0,0;  0,0;  0,0;  0,0;  0,0;  0,0;  0,0;  0,0;  0,0; 50,0;  0,0;  0,0;  0,0;15,0;20,0;30,0;50,0;125,0
  11/1945;  0,0; 10,0;  0,0;  0,0;  0,0;  0,0;  0,0;  0,0; 25,0;  0,0; 10,0; 15,0;  0,0;  0,0;  0,0;  0,0;  0,0;  0,0;  0,0;  0,0;  0,0;  0,0; 10,0; 30,0; 15,0; 20,0;  0,0;  0,0;0,0;0,0;---;30,0;135,0
  12/1945;  0,0;  0,0;  0,0;  0,0;  0,0;  0,0;  0,0;  0,0;  0,0; 10,0; 20,0; 10,0;  5,0; 20,0; 10,0; 30,0;  0,0;  0,0;  0,0;  0,0;  0,0;  0,0;  0,0;  0,0;  0,0; 10,0;  0,0;  0,0;0,0;0,0;0,0;30,0;115,0
  03/1946;  0,0;  0,0; 30,0; 20,0; 45,0; 25,0;  0,0;  0,0;  0,0;  0,0; 50,0; 60,0;  0,0; 15,0;  0,0;  0,0;  0,0;  0,0;  0,0;  0,0;  0,0;  0,0;  0,0;  0,0;  0,0;  0,0;  0,0;  0,0;0,0;0,0;0,0;60,0;245,0
  04/1946;  0,0; 10,0;  0,0;  0,0;  0,0;  0,0;  0,0;  0,0;  0,0;  0,0;  0,0;  0,0;  0,0;  0,0;  0,0;  0,0;  5,0;  0,0;  0,0;  0,0;  0,0;  0,0;  0,0;  0,0;  0,0;  0,0;  0,0;  0,0;0,0;0,0;---;10,0;15,0
  05/1946;  0,0;  0,0;  0,0;  0,0;  0,0;  0,0;  0,0;  0,0;  0,0;  0,0;  0,0;  0,0;  0,0;  0,0;  0,0;  0,0;  0,0;  0,0;  0,0;  0,0;  0,0;  0,0;  0,0;  0,0;  0,0;  0,0;  0,0;  0,0;0,0;0,0;0,0;0,0;0,0
  06/1946;  0,0;  0,0;  0,0;  0,0;  0,0;  0,0;  0,0;  0,0;  0,0;  0,0;  0,0;  0,0;  0,0; 30,0;  0,0; 10,0;  0,0;  0,0;  0,0;  0,0;  0,0;  0,0;  0,0;  4,0;  0,0;  0,0;  0,0;  0,0;0,0;0,0;---;30,0;44,0
  08/1946;  0,0;  0,0;  0,0;  0,0;  0,0;  0,0;  0,0;  0,0;  0,0;  0,0;  0,0;  0,0;  0,0;  0,0;  0,0;  0,0;  0,0;  0,0;  0,0;  0,0;  0,0;  0,0;  0,0;  0,0;  0,0;  0,0;  0,0;  0,0;0,0;0,0;0,0;0,0;0,0
  09/1946;  0,0;  0,0;  0,0;  0,0;  0,0;  0,0;  0,0;  0,0;  0,0;  0,0;  0,0;  0,0;  0,0;  0,0;  0,0;  0,0;  0,0;  0,0;  0,0;  0,0;  0,0;  0,0;  0,0;  0,0;  0,0;  0,0;  0,0;  0,0;10,0;0,0;---;10,0;10,0
  10/1946;  0,0;  0,0;  0,0;  0,0;  0,0;  0,0; 42,0;  0,0;  0,0;  0,0;  0,0;  0,0;  0,0;  0,0;  0,0;  0,0; 23,6; 20,0;  0,0; 25,0;  0,0;  0,0;  0,0;  0,0;  0,0;  0,0;  0,0;  0,0;0,0;0,0;0,4;42,0;111,0
  11/1946;  0,0;  0,0;  0,0;  0,0;  0,0;  0,0;  0,0;  0,0; 10,0;  0,0;  0,0;  0,0;  0,0;  0,0;  0,0; 10,0;  0,0;  0,0;  0,0;  0,0; 15,0;  0,0;  0,0;  0,0;  0,5;  0,0; 25,0; 30,4;20,3;0,0;---;30,4;111,2
  12/1946;  0,0;  0,0;  0,0;  0,0;  0,0;  0,0;  0,0;  0,0;  0,0; 56,0;  0,0;  0,0;  0,0;  0,0;  0,0;  0,0;  0,0;  0,0; 10,0;  0,0;  0,0; 10,0;  0,0;  0,0;  0,0;  0,0;  0,0;  0,0;0,0;15,0;10,0;56,0;101,0
  01/1947; 15,0;  8,3; 10,0;  5,0;  0,4;  0,0;  0,0;  0,0;  0,0;  0,0;  0,0;  0,0;  0,0; 40,4; 35,0;  0,0;  0,0;  0,0; 10,0; 10,0; 15,0;  0,0;  0,5; 20,0;  0,0;  0,0; 10,4;  0,0;0,0;0,0;0,0;40,4;180,0
  02/1947;  0,0;  0,0;  0,0;  0,0;  0,0;  0,0;  0,0;  0,0;  0,0; 25,0;  0,0;  0,0; 30,0;  0,0; 10,0;  0,5;  0,0; 20,0;  0,0;  0,0;  0,0; 20,0;  0,0; 10,0;  0,0;  0,0; 20,0; 10,0;---;---;---;30,0;145,5
  03/1947; 10,0; 12,0;  0,0;  0,0; 10,4;  0,5;  0,0;  0,0; 15,0;  5,0; 30,1;  0,0;  0,0;  1,2; 20,1;  8,2; 14,5;  0,0;  0,0;  0,0;  0,0;  0,0;  0,1;  6,1; 19,5;  6,5;  0,0;  0,0;0,0;0,0;0,0;30,1;159,2
  04/1947;  0,0;  0,0;  0,0;  0,0;  0,0;  0,0;  0,0;  0,0;  0,0;  0,0;  0,0;  0,0;  0,0;  0,0;  0,0;  0,0;  0,0;  0,0;  0,0;  0,0;  0,0;  0,0;  0,0;  0,0;  1,0;  0,0;  0,0;  0,0;0,0;0,0;---;1,0;1,0
  05/1947;  0,0;  0,0; 40,0; 20,0;  0,0;  0,0;  0,0;  0,0;  0,0;  0,0; 11,2;  0,0;  0,0;  0,0;  0,0;  0,0;  0,0;  0,0;  0,1;  0,0;  0,0;  0,0;  0,1;  0,0;  0,0;  0,0;  0,0;  0,0;0,0;0,0;0,0;40,0;71,4
  06/1947;  0,0;  0,0;  0,0;  0,0;  0,0;  0,0;  0,0;  0,0;  0,0;  0,0;  0,0;  0,0;  0,0;  0,0;  0,0;  0,0;  0,0;  0,0;  0,0;  0,0;  0,0; 23,2;  0,0;  0,0;  0,6;  0,0;  0,0;  0,0;0,0;0,0;---;23,2;23,8
  07/1947;  0,0;  0,0;  0,0;  0,4;  0,0;  0,1;  0,0;  9,9;  1,5;  0,0;  0,0;  0,0;  0,0;  0,0;  0,0;  0,0;  0,0;  0,0;  0,0;  0,0;  0,0;  0,0;  0,0;  0,0;  0,0;  0,0;  0,0;  0,0;0,0;0,0;0,0;9,9;11,9
  10/1947;---;---;---;---;---;---;---;---;---;---;---;---;---;---;---;---;---;---;---;---;---;---;---;---;---;---;---;---;---;---;---;---;---
  11/1947;---;---;---;---;---;---;---;---;---;---;---;---;---;---;---;---;---;---;---;---;---;---;---;---;---;---;---;---;---;---;---;---;---
  12/1947;---;---;---;---;---;---;---;---;---;---;---;---;---;---;---;---;---;---;---;---;---;---;---;---;---;---;---;---;---;---;---;---;---
  01/1948;  0,0;  0,0;  0,0;  0,0;  0,0;  0,0;  0,0;  0,0; 20,0;  0,0;  0,4;  0,0;  0,0; 15,0;  5,0;  0,0;  0,0; 25,0;  0,0;  0,0;  0,4;  0,0;  0,0; 10,4;  0,0;  0,0; 20,0; 10,0;0,0;0,0;0,0;25,0;106,2
  02/1948;  0,0;  0,0;  0,0;  0,0;  0,0;  0,0;  0,0; 15,0;  0,4;  0,0;  0,0; 10,0; 10,0;  0,0;  0,0;  0,0;  0,0; 25,0;  0,0;  0,0; 50,0;  0,0;  0,0;  0,0;  0,0;  0,0;  0,0; 10,0;0,0;---;---;50,0;120,4
  03/1948;  0,0;  0,0;  0,0;  0,0;  0,0;  0,0;  0,0;  0,0;  0,0;  0,0; 10,4;  0,0; 60,0;  0,0;  0,0;  0,0;  0,0;  0,0;  0,0;  0,0;  0,0;  0,0;  0,0;  0,0;  0,0;  0,0;  0,0;  0,0;0,0;0,0;0,0;60,0;70,4
  04/1948;  0,0;  0,0;  0,0;  0,0;  0,0;  0,0;  0,0;  0,0;  0,0;  0,0;  0,0;  0,0;  0,0;  0,0;  0,0;  0,0;  0,0;  0,0;  0,0;  0,0;  0,0;  0,0;  0,0;  0,0;  0,0;  0,0;  0,0;  0,0;0,0;0,0;---;0,0;0,0
  05/1948;  0,0;  0,0;  0,0;  0,0;  0,0;  0,0;  0,0;  0,0;  0,0;  0,0;  0,0;  0,0;  0,0;  0,0;  0,0;  0,0;  0,0;  0,0; 25,0;  0,0;  0,0;  0,0;  0,0;  0,0;  0,0;  0,0;  0,0;  0,0;0,0;0,0;0,0;25,0;25,0
  06/1948;  0,0;  0,0;  0,0;  0,0;  0,0;  0,0;  0,0;  0,0;  0,0;  0,0;  0,0;  0,0;  0,0;  0,0;  0,0;  0,0;  0,0;  0,0;  0,0;  0,0;  0,0;  0,0;  0,0;  0,0;  0,0;  0,0;  0,0;  0,0;0,0;0,0;---;0,0;0,0
  07/1948;  0,0;  0,0;  0,0;  0,0;  0,0;  0,0;  0,0;  0,0;  0,0;  0,0;  0,0;  0,0;  0,0;  0,0;  0,0;  0,0;  0,0;  0,0;  0,0;  0,0;  0,0;  0,0;  0,0;  0,0;  0,0;  0,0; 10,0;  0,0;0,0;0,0;0,0;10,0;10,0
  08/1948;  0,0;  0,0;  0,0;  0,0;  0,0;  0,0;  0,0;  0,0;  0,0;  0,0;  0,0;  0,0;  0,0;  0,0;  0,0;  0,0;  0,0;  0,0;  0,0;  0,0;  0,0;  0,0;  0,0;  0,0;  0,0;  0,0;  0,0;  0,0;0,0;0,0;0,0;0,0;0,0
  09/1948;  0,0;  0,0;  0,0;  0,0;  0,0;  0,0;  0,0;  0,0;  0,0;  0,0;  0,0;  0,0;  0,0;  0,0;  0,0;  0,0;  0,0;  0,0;  0,0;  0,0;  0,0;  0,0;  0,0;  0,0;  0,0;  0,0;  0,0;  0,4;0,0;0,0;---;0,4;0,4
  10/1948;  0,0;  0,0;  0,0;  0,0; 10,0;  0,0;  0,0;  0,0;  0,0;  0,0;  0,0; 10,0;  0,0;  0,0;  0,0;  0,0;  0,0;  0,0;  0,0;  0,0;  0,0;  0,0;  0,0;  0,0;  0,0;  0,0;  0,0;  0,0;13,2;0,0;0,0;13,2;33,2
  11/1948; 12,0; 10,3;  0,0;  0,0;  0,0;  0,0;  0,0;  0,0; 60,0;  0,0;  0,0;  0,0;  0,0;  0,0;  0,0;107,0;  0,0;  0,0;  0,0;  0,0;  0,0;  0,0;  0,0;  0,0; 20,0;  0,0;  0,0;  0,0;0,0;0,0;---;107,0;209,3
  12/1948;  0,0;  0,0;  0,0;  0,0;  0,0;  0,0;  0,0; 20,0; 30,0;  0,0;  0,0;  0,0;  0,0;  0,0; 15,0; 25,0; 20,4; 10,0;  0,0;  0,0;  0,0;  0,0;  0,0;  0,0;  0,0;  0,0;  0,0;  0,0;0,0;0,0;0,0;30,0;120,4
  01/1949;  0,0;  0,0;  0,0;  0,0;  0,0;  0,0;  0,0;  0,0;  0,0; 20,0; 30,0; 40,0; 35,0; 10,4;  0,0;  0,0;  0,0;  0,0;  0,0;  0,0;  0,0;  0,0;  0,0; 25,0;  0,0;  0,0; 10,0;  0,0;0,0;0,0;0,0;40,0;170,4
  02/1949;  0,0;  0,0;  0,0;  0,0;  0,5;  0,0;  0,0;  0,0;  0,0;  0,0;  0,0;  0,0;  0,0;  0,0;  5,0;  0,0;  0,0;  0,0;  0,0;  0,0; 23,0;  0,0;  0,0;  0,0; 10,0;  0,0;  0,0;  0,0;---;---;---;23,0;38,5
  03/1949; 50,0;  0,0;  0,0;  0,0;  0,0;  0,0;  0,0;  0,0;  0,0;  0,0;  0,0;  0,0; 10,0;  0,0;  0,0;  0,0;  0,0;  0,0;  0,0;  0,0;  0,0;  0,0; 18,0;  0,0;  0,0;  0,0;  0,0;  0,0;0,0;0,0;0,0;50,0;78,0
  04/1949;  0,0; 35,0;  0,0;  0,0;  0,0;  0,0;  0,0;  0,0;  0,0;  0,0;  0,0;  0,0;  0,0;  0,0;  0,0;  0,0;  0,0;  0,0;  0,0;  0,0;  0,0; 26,0;  0,0; 40,0;  0,0;  0,0;  0,0;  0,0;0,0;0,0;---;40,0;101,0
  05/1949;  0,0;  0,0;  0,0;  0,0; 20,0;  0,0; 17,0;  0,0;  0,0;  0,0;  0,0;  0,0;  0,0;  0,0;  0,0;  0,0;  0,0;  0,0;  0,0;  0,0;  0,0;  0,0;  0,0;  0,0;  0,0;  0,0;  0,0;  0,0;0,0;0,0;0,0;20,0;37,0
  06/1949;  0,0;  0,0;  0,0;  0,0;  0,0;  0,0;  0,0;  0,0;  0,0;  0,0;  0,0;  0,0;  0,0;  0,0;  0,5;  0,0;  0,0;  0,0;  0,0;  0,0;  0,0;  0,0;  0,0;  0,0;  0,0;  0,0;  0,0;  0,0;0,0;0,0;---;0,5;0,5
  07/1949;  0,0;  0,0;  0,0;  0,0;  0,0;  0,0;  0,0;  0,0;  0,0;  0,0;  0,0;  0,0;  0,0;  0,0;  0,0;  0,0;  0,0;  0,0;  0,0;  0,0;  0,0;  0,0;  0,0;  0,0;  0,0;  0,0;  0,0;  0,0;0,0;0,0;0,0;0,0;0,0
  08/1949;  0,0;  0,0;  0,0;  0,0;  0,0;  0,0;  0,0;  0,0;  0,0;  0,0;  0,0;  0,0;  0,0;  0,0;  0,0;  0,0;  0,0;  0,0;  0,0;  0,0;  0,0;  0,0;  0,0;  0,0;  0,0;  0,0;  0,0;  0,0;0,0;0,0;0,0;0,0;0,0
  09/1949;  0,0;  0,0;  0,0;  0,0;  0,0;  0,0;  0,0;  0,0;  0,0;  0,0;  0,0;  0,0;  0,0;  0,0;  0,0;  0,0; 11,0;  0,0;  0,0;  0,0;  0,0;  0,0;  0,0;  0,0;  0,0;  0,0;  0,0;  0,0;0,0;0,0;---;11,0;11,0
  10/1949;  0,0;  0,0;  0,0;  0,0;  0,2;  0,0;  0,0;  0,0;  0,0;  0,0;  0,0;  0,0;  0,0;  0,0;  0,9;  0,0;  0,0;  0,0;  0,0;  0,0; 10,0;  0,0;  0,0;  0,0;  0,0;  0,0;  0,0;  0,0;0,0;0,0;0,0;10,0;11,1
  11/1949;  0,0;  0,0;  0,0;  0,0;  0,0;  0,0; 18,0; 15,0;  0,0;  0,0;  0,0;  0,0;  0,0;  0,0;  0,0;  0,0;  0,0;  0,0;  0,0;  0,0; 18,0;  0,9;  0,0;  0,0;  0,0;  0,0;  0,0;  0,0;0,0;0,0;---;18,0;51,9
  12/1949;  0,0;105,0;  0,0;  0,0;  0,0;  0,0; 13,0; 40,0;  0,0;  0,0;  0,0; 10,0;  0,0; 10,0; 35,0; 20,0;  0,0;  0,0;  0,0;  0,0;  0,0;  0,0; 45,0;  0,0;  0,0;  0,0;  0,0;  0,0;0,0;0,0;0,0;105,0;278,0
  01/1950;  0,0;  0,0;  0,0;  0,0;  0,0;  0,0;  0,0;  9,0;  0,0;  0,0; 35,0;  0,0;  0,0;  0,0;  0,0; 25,0; 20,0; 15,0; 30,0; 20,0;  0,0; 25,0;  0,0;110,0;  0,0;  0,0;  0,0;  0,0;0,4;0,0;0,0;110,0;289,4
  02/1950;  0,0;  0,0;  0,0;  0,0;  0,0;  0,0; 82,0;  0,0; 26,0;  0,0; 12,0;  0,0; 10,0;  0,0;  0,0;  0,0;  0,0;  0,0;  0,0;  0,0; 30,0;  0,0;  0,0;  0,0;  0,0; 10,0;  0,0;  0,0;---;---;---;82,0;170,0
  03/1950;  0,0;  0,0;  0,0;  0,0;  0,0;  0,0;  0,0;  0,0;  0,8;  0,0;  0,0; 12,0;  0,0;  0,0;  0,0;  0,0; 77,0; 42,0;  0,0;  0,0;  0,0;  0,0;  0,0; 15,0;  0,0;  0,0;  0,0;  0,0;0,0;0,0;10,0;77,0;156,8
  04/1950;  0,0;  0,0; 10,0;  0,0;  0,0;  0,0;  0,0;  0,0;  0,0;  0,0;  0,0;  0,0;  0,0;  0,0;  0,0;  0,0;  0,0;  0,0;  0,0;  0,0;  0,0;  0,0;  0,0;  0,0;  0,0;  0,0;  0,0;  0,0;0,0;0,0;---;10,0;10,0
  05/1950;  0,0;  0,0;  0,0;  0,0;  0,0;  0,0;  0,0;  0,0;  0,0;  0,0;  0,0;  0,0;  0,0;  0,0;  0,0;  0,0;  0,0;  0,0;  0,0;  0,0;  0,0;  0,0;  0,0;  0,0;  0,0;  0,0;  0,0;  0,0;0,0;0,0;0,0;0,0;0,0
  06/1950;  0,0;  0,0;  0,0;  0,0;  0,0;  0,0;  0,0;  0,0;  0,0;  0,0;  0,0;  0,0;  0,0;  0,0;  0,0;  0,0;  0,0;  0,0;  0,0;  0,0;  0,0;  0,0; 15,0;  0,0;  0,0;  0,0;  0,0;  0,0;0,0;0,0;---;15,0;15,0
  07/1950;  0,0;  0,0;  0,0;  0,0;  0,0;  0,0;  0,0;  0,0;  0,0;  0,0;  0,0;  0,0;  0,0;  0,0;  0,0;  0,0;  0,0;  0,0;  0,0;  0,0;  0,0;  0,0;  0,0;  0,0;  0,0;  0,0;  0,0;  0,0;0,0;0,0;0,0;0,0;0,0
  08/1950;  0,0;  0,0;  0,0;  0,0;  0,0;  0,0;  0,0;  0,0;  0,0;  0,0;  0,0;  0,0;  0,0;  0,0;  0,0;  0,0;  0,0;  0,0;  0,0;  0,0;  0,0;  0,0;  0,0;  0,0;  0,0;  0,0;  0,0;  0,0;0,0;0,0;0,0;0,0;0,0
  09/1950;  0,0;  0,0;  0,0;  0,0;  0,0;  0,0;  0,0;  0,0;  0,0;  0,0;  0,0;  0,0;  0,0;  0,0;  0,0;  0,0;  0,0;  0,0;  0,0;  0,0;  0,0;  0,0;  0,0;  0,0;  0,0;  0,0;  0,0;  0,0;0,0;0,0;---;0,0;0,0
  12/1950;  0,0;  0,0;  0,0; 12,0;  0,0;  0,0;  0,0;  0,0; 15,0;  0,0;  0,0;  0,0;  0,0;  0,0; 75,0;  0,0;  0,0;  0,0;  0,0;  0,0;  0,0;  0,0;  0,0;  0,0;  0,0;  0,0;  0,0;  0,0;10,1;0,0;0,0;75,0;112,1
  01/1951;  0,0;  0,0;  0,0;  0,0;  0,0;  0,0;  0,0;  0,0; 55,0; 40,0;  0,0; 10,0; 15,0; 22,0; 10,0;  0,8; 10,0; 15,0; 20,0; 12,0; 10,0;  0,0;  0,0;  0,0; 50,0; 35,0; 10,5; 60,0;0,0;0,0;0,0;60,0;375,3
  03/1951;  0,0;  0,0;  0,0;  0,0; 35,0;  0,0;  0,0;  0,0;  0,0;  0,0;  0,0;  0,0; 20,0;  0,0;  0,0;  0,0; 10,0;  0,0;  0,4;  0,0;  0,0;  0,0;  0,0;  0,0;  0,0;  0,0;  0,0;  0,0;0,0;0,0;0,0;35,0;65,4
  04/1951;  0,0; 50,0;  0,0;  0,0;  0,0;  0,0;  0,0;  0,0;  0,0;  0,0;  0,0;  0,0;  0,0;  0,0;  0,0;  0,0;  0,0;  0,0;  0,0;  0,0;  0,0;  0,0;  0,0;  0,0;  0,0;  0,0;  0,0;  0,0;0,0;0,0;---;50,0;50,0
  05/1951;  0,0;  0,0;  0,0;  0,0;  0,0;  0,0;  0,0;  0,0;  0,0;  0,0;  0,0;  0,0;  0,0;  0,0;  0,0;  0,0;  0,0;  0,0;  0,0;  0,0;  0,0;  0,0;  0,0;  0,0;  0,0;  0,0;  0,0;  0,0;0,0;0,0;0,0;0,0;0,0
  06/1951;  0,0;  0,0;  0,0;  0,0;  0,0;  0,0;  0,0;  1,0;  0,0;  0,0;  0,0;  0,0;  0,0;  0,0;  0,0;  0,0;  0,0;  0,0;  0,0;  0,0;  0,0;  0,0;  0,0;  0,0;  0,0;  0,0;  0,0;  0,0;0,0;0,0;---;1,0;1,0
  07/1951;  0,2;  0,0;  0,0;  0,0;  0,0;  0,0;  0,0;  0,0;  0,0;  0,0;  0,0;  0,0;  0,0;  0,0;  0,0;  0,0;  0,0;  0,0;  0,0;  0,0;  0,0;  0,0;  0,0;  0,0;  0,0;  0,0;  0,0;  0,0;0,0;0,0;0,0;0,2;0,2
  08/1951;  0,0;  0,0;  0,0;  0,0;  0,0;  0,0;  0,0;  0,0;  0,0;  0,0;  0,0;  0,0;  0,0;  0,0;  0,0;  0,0;  0,0;  0,0;  0,0;  0,0;  0,0;  0,4;  0,0;  0,0;  0,0;  0,0;  0,0;  0,0;0,0;0,0;0,0;0,4;0,4
  09/1951;  0,0;  0,0;  0,0;  0,0;  0,0;  0,0;  0,0;  0,0;  0,0;  0,0;  0,0;  0,0;  0,0;  0,0;  0,0;  0,0;  0,0;  0,0;  0,0;  0,0;  0,0;  0,0;  0,0;  0,0;  0,0;  0,0;  0,0;  0,0;0,0;0,0;---;0,0;0,0
  10/1951;  0,0;  0,0;  0,0;  0,0;  0,0;  0,0;  0,0;  0,0;  0,0;  0,0;  0,0;  0,0;  0,0;  0,0;  0,0;  0,0;  0,0; 20,0; 10,0;  0,0;  0,0;  0,0;  0,0;  0,0; 20,0; 15,0;  0,0;  0,0;0,0;0,0;0,0;20,0;65,0
  11/1951;  0,0;  0,0;  0,0;  0,0;  0,0;  0,0;  0,0;  0,0;  0,0;  0,0;  0,0;  0,0;  0,0;  0,0;  0,0;  0,0;  0,0;  0,0;  0,0;  0,0;  0,0;  0,0;  0,0; 20,0; 30,0;  0,0;  0,0; 35,0;0,0;0,0;---;35,0;85,0
  12/1951;  0,0; 10,0;  0,0;  0,0;  0,0; 20,0;  0,0;  0,0;  0,0;  0,0;  0,0;  0,0;  0,0;  0,0;  0,0;  0,0;  0,0;  0,0;  0,0;  0,0;  0,0; 30,0;  0,0;  0,0;  0,0;  0,0;  0,0;  0,0;20,0;0,0;0,0;30,0;80,0
  01/1952; 25,0;  0,0;  0,0;  0,0;  0,0;  0,0;  0,0;  0,0;  0,0;  0,0; 10,0;  0,0; 20,0;  0,0;  0,0;  0,0; 25,0;  0,0;  0,0;  0,0;  0,0;  0,0; 15,0;  0,0;  0,0;  0,0; 30,0;  0,0;0,0;0,0;0,0;30,0;125,0
  02/1952;  0,0;  0,0;  0,0; 10,0;  0,0;  0,0; 50,0;  0,0;  0,0;  0,0;  0,0;  0,0;  0,0;  0,0; 15,0;  0,0;  0,0;  0,0; 10,0; 20,0; 15,0; 35,0; 25,0; 60,0;  0,0;  0,0;  0,0;  0,0;0,0;---;---;60,0;240,0
  03/1952;  0,0;  0,0;  0,0;  0,0;  0,0;  0,0; 20,0; 35,0; 15,0; 40,0; 20,0; 15,0; 10,0;  0,0; 10,0;  0,0;  0,0;  0,0;  0,0;  0,0; 30,0;  0,0;  0,0;  0,0;  0,0;  0,0;  0,0;  0,0;0,0;0,0;0,0;40,0;195,0
  04/1952;  0,0;  0,0;  0,0;  0,0;  0,0;  0,0;  0,0;  0,0;  0,0;  0,0;  0,0;  0,0;  0,0;  0,0;  0,0;  0,0;  0,0;  0,0;  0,0;  0,0;  0,0;  0,0;  0,0;  0,0;  0,0;  0,0;  0,0;  0,0;0,0;0,0;---;0,0;0,0
  05/1952;  0,0;  0,0;  0,0;  0,0;  0,0;  0,0;  0,0;  0,0;  0,0;  0,0;  0,0;  0,0;  0,0;  0,0;  0,0;  0,0;  0,0;  0,0;  0,0;  0,0;  0,0;  0,0;  0,0;  0,0;  0,0;  0,0;  0,0;  0,0;0,0;0,0;0,0;0,0;0,0
  06/1952;  0,0;  0,0;  0,0;  0,0;  0,0;  0,0;  0,0;  0,0;  0,0;  0,0; 10,0; 15,0;  0,0;  0,0;  0,0;  0,0; 20,0; 10,0;  0,0;  0,0;  0,0;  0,0;  0,0;  0,0;  0,0;  0,0;  0,0;  0,0;0,0;0,0;---;20,0;55,0
  07/1952;  0,0;  0,0;  0,0;  0,0;  0,0;  0,0;  0,0;  0,0;  0,0;  0,0;  0,0;  0,0;  0,0;  0,0;  0,0;  0,0;  0,0;  0,0;  0,0;  0,0;  0,0;  0,0;  0,0;  0,0;  0,0;  0,0;  0,0;  0,0;0,0;0,0;0,0;0,0;0,0
  08/1952;  0,0;  0,0;  0,0;  0,0;  0,0;  0,0;  0,0;  0,0;  0,0;  0,0;  0,0;  0,0;  0,0;  0,0;  0,0;  0,0;  0,0;  0,0;  0,0;  0,0;  0,0;  0,0;  0,0;  0,0;  0,0;  0,0;  0,0;  0,0;0,0;0,0;0,0;0,0;0,0
  09/1952;  0,0;  0,0;  0,0;  0,0;  0,0;  0,0;  0,0;  0,0;  0,0;  0,0;  0,0;  0,0;  0,0;  0,0;  0,3;  0,0;  0,0;  0,0;  0,3;  0,0;  0,0;  0,0;  0,0;  0,0;  0,0;  0,0;  0,0;  0,0;0,0;0,0;---;0,3;0,6
  10/1952;---;---;---;---;---;---;---;---;---;---;---;---;---;---;---;---;---;---;---;---;---;---;---;---;---;---;---;---;---;---;---;---;---
  11/1952;---;---;---;---;---;---;---;---;---;---;---;---;---;---;---;---;---;---;---;---;---;---;---;---;---;---;---;---;---;---;---;---;---
  12/1952;---;---;---;---;---;---;---;---;---;---;---;---;---;---;---;---;---;---;---;---;---;---;---;---;---;---;---;---;---;---;---;---;---
  01/1953; 30,0; 25,0; 15,0;  5,0; 35,0; 40,0; 45,0;  0,0;  0,0;  0,0;  0,0;  0,0;  0,0;  0,0;  0,0;  0,0;  0,0;  0,0;  0,0;  0,0;  0,0;  0,0; 10,0;  0,0;  0,0; 10,0; 30,0; 15,0;0,0;0,0;0,0;45,0;260,0
  02/1953;  0,0;  0,0; 22,0;  0,0;  0,0;  0,0;  0,0;  0,0; 95,0;  0,0;  5,0; 10,0;  0,0;  0,0;  0,0;  0,0;  0,0; 20,0; 40,0;  0,0; 12,0;  0,0;  0,0;  0,0;  0,0;  0,0;  0,0;  0,0;---;---;---;95,0;204,0
  03/1953; 35,0;  0,0;  0,0;  0,0;  0,0;  0,0;  0,0;  0,0;  0,0;  0,0;  0,0; 20,0;  0,0;  0,0;  0,0;  5,0;  0,0;  0,0;  0,0; 15,0; 12,0;  0,0;  0,0;  0,0;  0,0;  0,0;  0,0;  0,0;0,0;0,0;0,0;35,0;87,0
  04/1953;  0,0;  0,0;  0,0;  0,0;  0,0;  0,0;  0,0;  0,0;  0,0;  0,0;  0,0;  0,0;  0,0;  0,0;  0,0;  0,0;  0,0;  0,0;  0,0; 22,0;  0,0;  0,0;  0,0;  0,0;  0,0;  0,0;  0,0;  0,0;0,0;0,0;---;22,0;22,0
  05/1953;  0,0;  0,0;  0,0;  0,0;  0,0;  0,0;  0,0;  0,0;  0,0;  0,0;  0,0;  0,0;  0,0;  0,0;  0,0;  0,0;  0,0;  0,0;  0,0;  0,0;  0,0;  0,4;  0,0;  0,0; 10,0;  0,0;  0,0;  0,0;0,0;0,0;15,0;15,0;25,4
  06/1953;  0,0;  0,0;  0,0;  0,0;  0,0;  0,0;  0,0; 15,0;  0,0;  0,0;  0,0;  0,0;  0,0;  0,0;  0,0;  0,0;  0,0;  0,0;  0,0;  0,0;  0,0;  0,0;  0,0;  0,0;  0,0;  0,0;  0,0;  0,0;0,0;0,0;---;15,0;15,0
  07/1953;  0,0;  0,0;  0,0;  0,0;  0,0;  0,0;  0,0;  0,0; 10,0;  0,8;  0,0;  0,0;  0,0;  0,0;  0,0;  0,0;  0,0;  0,0;  0,0;  0,0;  0,0;  0,0;  0,0;  0,0;  0,0;  0,0;  0,0;  0,0;0,0;0,0;0,0;10,0;10,8
  08/1953;  0,0;  0,0;  0,0;  0,0;  0,0;  0,0;  0,0;  0,0;  0,0;  0,0;  0,0;  0,0;  0,0;  0,0;  0,0;  0,0;  0,0;  0,0;  0,0;  0,0;  0,0;  0,0;  0,0; 10,0;  0,0;  0,0;  0,0;  0,0;0,0;0,0;0,0;10,0;10,0
  09/1953;  0,0;  0,0;  0,0;  0,0;  0,0;  0,0;  0,0;  0,0; 10,0;  0,0;  0,0;  0,0;  0,0;  0,0;  0,0;  0,0; 15,0;  0,0;  0,0;  0,0;  0,0;  0,0; 50,0;  0,0;  0,0;  0,0;  0,0;  0,0;0,0;0,0;---;50,0;75,0
  10/1953;  0,0; 15,0;  0,0; 12,0; 10,0;  5,0;  0,0;  0,0;  0,0;  0,0;  0,0;  0,0;  0,0;  0,0;  0,0;  0,0;  0,4;  0,0;  0,0;  0,0;  0,0;  0,0;  0,0;  0,0;  0,0;  0,0;  0,0;  0,0;0,0;0,0;0,0;15,0;42,4
  11/1953;  0,0;  0,0;  0,0;  0,0;  0,0;  0,0; 20,0;  0,0;  0,0;  0,0;  0,0;  0,0;  0,0;  0,6;  0,0;  0,0;  0,0;  0,0;  0,0;  0,0;  0,0;  0,0;  0,0;  0,0;  0,0;  0,0;  0,0;  0,0;0,0;25,0;---;25,0;45,6
  12/1953; 16,0; 30,8; 15,0; 16,0;  0,0;  0,0;  0,0;  0,0;  0,0;  0,0; 19,0;  0,0; 29,0;  0,0;  0,0;  0,0;  0,0;  0,0;  0,0;  0,0;  0,0;  0,0;  0,0;  0,0;  0,0;  0,0; 25,0;  0,0;40,9;0,0;0,0;40,9;191,7
  01/1954;  0,0; 16,0; 30,4; 26,0; 29,0;  0,0;  0,0;  0,0; 12,2; 15,0;  0,0;  0,0;  0,0;  0,0;  0,0;  0,0;  0,0; 10,0; 25,0;  0,0;  0,0; 15,0; 10,0;  0,0;  0,0;  0,0;  0,0; 22,0;0,0;0,0;32,6;32,6;243,2
  02/1954;  0,0;  0,0;  0,0;  0,0; 25,0; 20,3;  6,0;  0,0;  0,0;  0,0;  0,0;  0,0; 55,0;  0,0;  0,0;  0,0;  0,0; 25,0; 20,0;  0,0;  0,0;  0,0;  0,0;  0,0;  0,0;  0,0;  0,0;  0,0;---;---;---;55,0;151,3
  03/1954;  0,0;  0,0;  0,0;  0,0; 20,0;  0,0;  0,0; 15,3; 20,0;  0,0;  0,0;  0,0;  0,0;  0,0;  0,0;  0,0;  0,0;  0,0;  0,0;  0,0;  0,0;  0,0;  0,0;  0,0;  0,0;  0,0;  0,0; 20,4;15,5;0,0;0,0;20,4;91,2
  04/1954;  0,0;  0,0;  0,0;  0,0;  0,0;  0,0;  0,0;  0,0;  0,0;  0,0;  0,0;  0,0;  0,0;  0,0;  0,0;  0,0;  0,0;  0,0;  0,0;  0,0;  0,0;  0,0;  0,0;  0,0;  0,0;  0,0;  0,0; 10,0;0,0;0,0;---;10,0;10,0
  05/1954;  0,0;  0,0;  0,8;  0,0;  0,0; 43,0;  0,0; 35,0; 44,0;  0,0;  0,0;  0,0;  0,0; 24,0;  0,0;  0,0; 20,0;  0,0;  0,0; 15,0;  0,0;  0,0;  0,0;  0,0;  0,0;  0,0;  0,0;  0,0;0,0;0,0;0,0;44,0;181,8
  06/1954;  0,0;  0,0;  0,3;  0,0; 53,0; 13,0;  0,0;  0,0;  0,0;  0,0;  0,0;  0,0;  0,0;  0,0;  0,0;  0,0;  0,0;  0,0;  5,0;  0,0;  0,0;  0,0;  0,0;  0,0;  0,0;  0,0;  0,0;  0,0;0,0;0,0;---;53,0;71,3
  07/1954;  0,0;  0,0;  0,0;  0,0;  0,0;  0,0;  0,0;  0,0;  0,0;  0,0;  0,0;  0,0;  0,0;  0,0;  0,0;  0,0;  0,0;  0,0;  0,0;  0,0;  0,0;  0,0;  0,0;  0,0;  0,0;  0,0;  0,0;  0,0;0,0;0,0;0,0;0,0;0,0
  08/1954;  0,0;  0,0;  0,0;  0,0;  0,0;  0,0;  0,0;  0,0;  0,0;  0,0;  0,0;  0,0;  0,0;  0,0;  0,0;  0,0;  0,0;  0,0;  0,0;  0,0;  0,0;  0,0;  0,0;  0,0;  0,0;  0,0;  0,0;  0,0;0,0;0,0;0,0;0,0;0,0
  09/1954;  0,0;  0,0;  0,0;  0,0;  0,0;  0,0;  0,0;  0,0;  0,0;  0,0;  0,0;  0,0;  0,0;  0,0;  0,0;  0,0;  0,0;  0,0;  0,0;  0,3;  0,0;  0,0;  0,0;  0,0;  0,0;  0,0; 37,0;  0,0;0,0;0,0;---;37,0;37,3
  10/1954;  0,0;  0,0;  0,0;  0,0;  0,0;  0,0;  0,0;  0,0;  0,0;  0,0;  0,0;  0,0;  0,0;  0,0;  0,0;  0,0;  0,0;  0,5;  0,0;  0,0;  0,0;  0,0;  0,0;  0,0;  0,0;  0,0; 17,0;  0,0;0,0;0,0;0,0;17,0;17,5
  11/1954;  0,0;  0,0;  0,0;  0,0;  0,0;  0,0;  0,0;  0,0;  0,0;  0,0;  8,3;  0,0;  0,0; 19,5;  0,0;  0,0;  0,0;  0,0;  0,0; 12,2;  0,0;  0,0;  0,0;  0,0;  0,0;  0,0;  0,0;  0,0;0,0;0,0;---;19,5;40,0
  12/1954;  0,0; 18,0; 10,0;  0,0;  0,0;  0,0; 15,0;  0,0;  0,0; 25,0;  0,0; 35,0; 20,0;  0,0;  0,0; 45,0;  0,0;  0,0;  0,0;  0,0;  0,0; 28,2; 10,0;  0,0;  0,0;  0,0;  0,0;  0,0;0,0;0,0;0,0;45,0;206,2
  01/1955;  0,0;  4,8;  0,0;  0,0;  0,0;  0,0;  0,0;  0,0;  0,0; 38,4;  0,0;  4,8;  0,0;  2,0;  0,0; 10,0; 33,4;  0,0;  0,0;  0,0;  0,0;  0,0;  0,0;  0,0;  0,0;  0,0;  0,0;  0,0;0,0;0,0;0,0;38,4;93,4
  02/1955;  0,0;  0,0;  0,0;  0,0;  0,0;  0,0;  0,0;  0,0;  0,0;  0,0;  0,0;  0,0;  0,0;  0,0;  0,0;  0,0;  0,0;  0,0;  0,0;  0,4;  0,0;  0,6;  0,0;  0,0;  0,0; 20,0; 30,3;  0,0;---;---;---;30,3;51,3
  03/1955; 35,0; 20,4;  0,0;  0,0;  0,0;  0,0; 25,0; 50,0;  0,0;  0,0; 25,0;  0,0; 10,3;  0,0;  6,0;  0,0;  0,0;  0,0;  0,0;  0,0;  0,0;  0,0;  0,0;  0,0;  0,0;  0,0; 20,3; 18,0;25,0;0,0;0,0;50,0;235,0
  04/1955;  0,0;  0,0;  0,0;  0,0;  0,0;  0,0;  0,0;  0,0;  0,0;  0,0;  0,0;  0,0;  0,0;  0,0; 25,0;  0,0;  0,0;  0,0;  0,0;  0,0;  0,0;  0,0;  0,0;  0,0;  0,0;  0,0;  0,0;  0,0;0,0;0,0;---;25,0;25,0
  05/1955;  0,0;  0,0;  0,0;  0,0;  0,0;  0,0;  0,0;  0,0;  0,6;  0,6;  0,0;  0,0;  0,0;  0,0;  0,0;  0,0;  0,0;  0,0; 19,0;  0,0;  0,0;  0,0;  0,0;  0,0;  0,0;  0,0;  0,0;  0,0;0,0;0,0;10,0;19,0;30,2
  06/1955;  0,0;  0,0;  0,0;  0,0;  0,0;  0,0;  0,0;  0,0;  0,3;  0,0;  0,0;  0,0;  0,0;  0,0;  0,0;  0,0;  0,0;  0,0;  0,0;  0,0;  0,0;  0,0;  0,0;  0,0;  0,0;  0,0;  0,0;  0,0;0,0;0,0;---;0,3;0,3
  07/1955;  0,0;  0,0;  0,0;  0,0;  0,0;  0,0;  0,0;  0,0;  0,0;  0,0;  0,0;  0,0;  0,0;  0,0;  0,0;  0,0;  0,0;  0,0;  0,0;  0,0;  0,0;  0,0;  0,0;  0,0;  0,0;  0,0;  0,0;  0,0;0,0;0,0;0,0;0,0;0,0
  08/1955;  0,0;  0,0;  0,0;  0,0;  0,0;  0,0;  0,0;  0,0;  0,0;  0,0;  0,0;  0,0;  0,0;  0,0;  0,0;  0,0;  0,0;  0,0;  0,0;  0,0;  0,0;  0,0;  0,0;  0,0;  0,0;  0,0; 10,0; 12,0;0,0;0,0;0,0;12,0;22,0
  09/1955;  0,0;  0,0;  0,0;  0,0;  0,0;  0,0;  0,0;  0,0;  0,0;  0,0;  0,0;  0,0;  0,0;  0,0;  0,0;  0,0;  0,0;  0,0;  0,0;  0,0;  0,0;  0,0;  0,0;  0,0;  0,0;  0,0;  0,0;  0,0;0,0;0,0;---;0,0;0,0
  10/1955;  0,0;  0,0;  0,7;  0,0;  0,0; 19,0;  0,0;  0,0;  0,0;  0,0;  0,0; 44,3; 10,4;  0,0;  0,0;  0,0;  0,0;  0,0;  0,0;  0,0;  0,0;  0,0;  0,0;  0,0;  0,0;  0,0; 40,0;  0,0;0,0;0,0;0,0;44,3;114,4
  11/1955; 21,0; 27,0;  0,0;  0,0;  0,0;  0,0;  0,0;  0,0;  0,0;  7,0;  0,0;  0,0;  0,0;  0,0;  0,0;  0,0;  0,0; 16,0;  0,0;  0,0;  0,0;  0,0;  0,0;  0,0;  0,0;  0,0;  0,0;  0,0;0,0;0,0;---;27,0;71,0
  12/1955; 10,0; 16,0; 22,0;  0,0;  0,0;  0,0;  0,0;  0,0; 15,0;  0,0;  0,0; 80,0; 10,0;  0,0;  0,0; 15,0;  0,0;  0,0; 35,0;  0,0;  0,0;  0,0;  0,0;  0,0;  0,0; 20,0;  0,0; 35,0;8,0;0,0;0,2;80,0;266,2
  01/1956;  0,6; 10,0;  0,9;  0,0;  0,0;  0,4;  0,0;  0,0;  0,8;  0,0;  0,0;  0,0;  0,0;  0,0;  0,0;  0,0;  0,0;  0,0;  0,4;  0,0;  0,0;  0,0;  0,0;  0,0;  0,0; 35,0;  0,0; 15,0;0,0;0,4;0,0;35,0;63,5
  02/1956; 10,0;  0,0;  0,0;  0,0;  0,0;  0,0;  0,0;  0,4; 10,0;  0,0;  0,0;  0,0;  0,9;  0,0; 36,0;  0,0;  0,0;  0,0;  0,0;  0,0;  0,0;  0,0;  0,0; 30,0; 18,0; 60,0;  0,0; 23,0;0,0;---;---;60,0;188,3
  03/1956;  0,0;  0,0;  0,0;  0,0;  0,0;  0,0;  0,0;  0,0;  0,0;  0,9;  0,0;  0,0;  0,0;  0,0;  0,0;  0,0;  0,0;  0,0;  0,0;  0,0;  0,0;  0,0;  0,0;  0,4;  0,0;  0,6;  0,0;  0,0;0,3;0,0;0,0;0,9;2,2
  04/1956;  0,0;  0,0;  0,0;  0,0;  0,0;  0,0;  0,0; 16,0;  0,0;  0,0;  0,0;  0,0;  0,0;  0,0;  0,8;  0,0;  0,0;  0,0;  0,5; 50,0;  0,0;  0,0;  0,5;  0,0;  0,0; 16,0;  0,0; 35,0;0,0;0,0;---;50,0;118,8
  05/1956; 15,0;  0,0;  0,0;  0,0; 16,0;  0,6;  0,4; 10,0;  0,0;  0,0;  0,0;  0,0;  0,0;  0,0;  0,0;  0,0;  0,0;  0,0;  0,0;  0,0;  0,0;  0,0;  0,0;  0,0;  0,0; 60,0;  0,0;  0,8;0,0;0,0;35,0;60,0;137,8
  06/1956; 15,0;  0,8;  0,3;  0,7;  0,0;  0,0;  0,0;  0,0; 15,0; 10,0; 15,0;  0,9;  0,4;  0,0;  0,0;  0,0;  0,0;  0,0;  0,0;  0,0;  0,0;  0,0;  0,0;  0,0;  0,0;  0,0;  0,3; 15,0;0,0;0,0;---;15,0;73,4
  07/1956;  0,0;  0,0;  0,0;  0,0;  0,0;  0,0;  0,0;  0,0;  0,0;  0,0;  0,0;  0,0;  0,0;  0,3;  0,0;  0,0;  0,0;  0,0;  0,0; 25,0;  0,0; 15,0;  0,0; 10,0;  0,0;  0,0; 10,0;  0,0;0,0;20,0;0,0;25,0;80,3
  08/1956; 25,0; 10,0; 15,0; 10,0;  0,0;  0,3;  0,0;  0,0;  0,0;  0,0;  0,0;  0,0;  0,0;  0,0;  0,0;  0,0;  0,0;  0,0;  0,0;  0,0;  0,0;  0,0;  0,0;  0,0;  0,0;  0,0;  0,0;  0,0;0,0;0,0;0,0;25,0;60,3
  09/1956;  0,0;  0,0;  0,0;  0,0;  0,0;  0,0;  0,0;  0,0;  0,0; 20,0; 10,0;  0,5;  0,5;  0,0;  0,0;  0,0;  0,0;  0,0;  0,0;  0,0;  0,0;  0,0;  0,0;  0,0;  0,0;  0,0;  0,0; 25,0;0,0;10,0;---;25,0;66,0
  10/1956;  0,0;  0,0;  0,0;  0,0;  0,0;  0,0;  0,0;  0,0;  0,0;  0,4; 10,0;  0,0;  0,0;  0,0;  0,0;  0,0; 15,0;  0,0;  0,0;  0,0;  0,0;  0,0; 10,0;  0,0;  0,0;  0,0;  0,0; 25,0;10,0;60,0;0,0;60,0;130,4
  11/1956;  0,0;  0,0;  0,0;  0,0;  0,0;  0,0;  0,0;  0,0;  0,0;  0,0;  0,0;  0,0;  0,0;  0,0;  0,0;  0,0;  0,0;  0,0;  0,0;  0,0; 55,0; 15,0;  0,0;  0,8;  0,0; 19,0;  0,0;  0,0;0,0;0,0;---;55,0;89,8
  12/1956;  0,0;  0,0;  0,0;  0,0;  0,9; 15,0; 25,0; 40,0;  0,0;  0,0;  0,0;  0,0; 19,0;  0,6;  0,0;  0,0;  0,0;  0,0; 16,0;  0,0;  0,0;  0,0; 17,0;  0,6;  0,0;  0,0;  0,0;  0,0;0,0;0,0;0,0;40,0;134,1
  01/1957;  0,0;  0,0;  0,0; 10,0;  0,7;  0,0; 13,0;  0,0;  0,3; 26,0;  0,0;  0,0; 10,0; 40,0; 20,0; 13,0;  0,0;  0,0; 10,0;  0,0; 13,0;  0,0; 10,0; 20,0; 60,0;  0,8;  0,0;  0,6;0,0;18,0;0,0;60,0;265,4
  02/1957;  0,0; 10,0;  0,8;  0,6; 16,0; 15,0; 35,0;  6,4;  0,0; 10,0; 10,0;  0,0;  0,0;  0,0; 10,0; 20,0;  0,0;  0,0;  0,0;  0,0;  0,0;  0,4;  0,0;  0,0;  0,0; 20,0;  0,0;  0,5;---;---;---;35,0;154,7
  03/1957;  0,0;  0,0;  0,0;  0,0;  0,0;  0,0;  0,0;  0,0; 18,0;  0,0;  0,7;  0,0;  0,0;  0,0;  0,0;  0,0;  0,0;  0,0;  0,0;  0,0; 15,0; 20,0;  0,0;  0,0;  0,4; 40,0;  0,0;  0,0;10,0;0,0;20,0;40,0;124,1
  04/1957; 30,0;  0,0; 15,0; 10,0;  0,5;  0,0;  0,0; 10,0; 15,0;  0,0;  0,0;  0,0;  0,0;  0,0; 20,0;  0,0;  0,0;  0,0;  0,0;  0,0;  0,0;  0,0;  0,0;  0,0;  0,0; 15,0;  0,0;  0,0;0,0;20,0;---;30,0;135,5
  05/1957;  0,0;  0,0;  0,0;  0,0;  0,0;  0,8;  0,0;  0,0; 30,0;  0,0;  0,0;  0,0;  0,0; 10,0;  0,0; 20,0;  0,0;  0,0;  0,0;  0,0;  0,0;  0,0;  0,0;  0,0;  0,0;  0,0;  0,0;  0,0;0,0;0,0;0,0;30,0;60,8
  06/1957;  0,0;  0,0;  0,0;  0,0;  0,0;  0,0;  0,8;  0,0;  0,0;  0,3;  0,0;  0,0;  0,0;  0,0;  0,0;  0,0;  0,0;  0,0;  0,0;  0,0;  0,0;  0,0;  0,0;  0,0;  0,0;  0,0;  0,0;  0,0;0,0;0,0;---;0,8;1,1
  07/1957;  0,0;  0,0; 20,0; 16,0;  0,0;  0,0;  0,0;  0,0;  0,0;  0,0;  0,0;  0,0;  0,0;  0,0;  0,0;  0,0; 20,0; 20,0; 35,0;  0,5;  0,0;  0,0;  0,0;  0,0;  0,0;  0,0;  0,0;  0,0;0,0;0,0;0,0;35,0;111,5
  08/1957;  0,0;  0,0;  0,0;  0,0;  0,0;  0,0;  0,0;  0,0;  0,0;  0,0;  0,0;  0,0; 18,0;  0,0;  0,0; 45,0; 20,0; 10,0;  0,0;  0,0;  0,0;  0,0;  0,0;  0,0;  0,0;  0,0;  0,0;  0,0;0,0;0,0;0,0;45,0;93,0
  09/1957; 15,0;  0,0; 35,0;  0,0;  0,0;  0,0;  0,0;  0,4; 10,0;  0,0;  0,0; 20,0;  0,5; 10,0;  0,0;  0,0;  0,5;  0,0;  0,3;  0,0; 15,0;  0,0;  0,5;  0,0;  0,0;  0,0;  0,0;  0,0;0,0;0,0;---;35,0;107,2
  10/1957;  0,0;  0,0;  0,0;  0,0;  0,0;  0,0;  0,0;  0,0;  0,0;  0,0;  0,0;  0,0;  0,0;  0,0;  0,0;  0,0;  0,0;  0,0;  0,0;  0,0;  0,0;  0,0;  0,0;  0,0;  0,0; 25,0;  0,0;  0,0;0,0;0,5;0,0;25,0;25,5
  11/1957;  0,0;  0,0;  0,0; 15,0;  0,0;  0,0; 20,0;  0,0;  0,0;  0,0;  0,0;  0,0;  0,0; 20,0;  0,5;  0,0;  0,0;  0,0;  0,0;  0,0; 20,0;  0,0;  0,0;  0,0;  0,0;  0,0;  0,0;  0,0;0,0;0,0;---;20,0;75,5
  12/1957; 10,0;  0,0;  0,0; 10,0; 15,0;  0,5;  0,0;  0,0;  0,0; 10,0; 25,0;  0,0;  0,0; 80,0; 30,0;  0,0; 10,0;  0,0;  0,0;  0,0;  0,0;  0,0;  0,0;  0,0;  0,0;  0,0;  0,0;  0,0;0,0;0,0;0,0;80,0;190,5
  01/1958;  0,0;  0,0;  0,0;  0,0;  0,0;  0,0;  0,0;  0,0;  0,0;  0,0;  0,0;  0,0;  0,0;  0,0; 40,5;  0,5; 15,0;  0,0;  0,7;  0,0; 30,0; 20,0;  0,0; 10,0; 50,0;  0,0; 20,0; 40,0;0,0;0,0;0,0;50,0;226,7
  02/1958;  0,0;  0,0;  0,0; 10,0;  0,0;  0,0;  0,0; 16,0;  0,0;  0,0;  0,5;  0,0;  0,0;  0,0;  0,0;  0,0;  0,0;  0,0;  0,0; 10,0;  0,0;  0,0;  0,0;  0,0; 10,0; 40,0; 15,0;  0,0;---;---;---;40,0;101,5
  03/1958;  0,0;  0,0;  0,0;  0,0;  0,5; 10,0;  0,0;  0,0;  0,0;  0,0; 20,0;  0,8;  0,0; 40,0; 30,0;  0,5;  0,0; 15,0;  0,0;  0,0;  0,0;  0,0;  0,0;  0,0;  0,0;  0,0;  0,0;  0,0;0,0;0,0;0,0;40,0;116,8
  04/1958;  0,0; 20,0;  0,0;  0,0;  0,0;  0,0;  0,0;  0,0;  0,0; 21,0; 25,0; 30,0; 30,0;  0,0;  0,0;  0,0;  0,0;  0,0;  0,0;  0,0;  0,0;  0,0;  0,0;  0,0;  0,0;  0,0;  0,0;  0,0;0,0;0,0;---;30,0;126,0
  05/1958;  0,0; 30,0; 20,0;  0,0;  0,0;  0,0;  0,0;  0,0;  0,0;  0,0;  0,0;  0,5;  0,0;  0,0;  0,0;  0,0;  0,0;  0,0;  0,0;  0,0; 20,0; 35,0; 15,0; 10,0;  0,5;  0,0;  0,5;  0,0;0,0;0,0;0,0;35,0;131,5
  06/1958;  0,0;  0,0;  0,0;  0,0;  0,0;  0,0;  0,0;  0,0;  0,0;  0,0;  0,0;  0,0;  0,5; 20,0; 10,0;  0,0;  0,0;  0,0;  0,0;  0,0;  0,0;  0,0;  0,0;  0,0;  0,0;  0,0;  0,0;  0,0;0,0;0,0;---;20,0;30,5
  07/1958;  0,0;  0,0;  0,0;  0,0;  0,0;  0,0;  0,0;  0,0;  0,0; 15,0;  0,0;  0,0;  0,0;  0,0; 10,0;  0,0;  0,0;  0,0;  0,0;  0,0;  0,0;  0,0;  0,0;  0,0;  0,0;  0,0;  0,0;  0,0;0,0;0,0;0,0;15,0;25,0
  08/1958;  0,0;  0,0;  0,0;  0,0;  0,0;  0,0;  0,0;  0,0;  0,0;  0,0;  0,0;  0,0;  0,0;  0,0;  0,0;  0,0;  0,0;  0,0;  0,0;  0,0;  0,0;  0,0;  0,0;  0,0;  0,0;  0,0;  0,0;  0,0;15,0;0,0;0,0;15,0;15,0
  09/1958;  0,0;  0,0;  0,0;  0,0;  0,0;  0,0;  0,5;  0,0;  0,8;  0,0;  0,0;  0,0;  0,0; 40,5;  0,0;  0,0;  0,0;  0,0;  0,0;  0,0;  0,0;  0,0;  0,0;  0,0;  0,0;  0,0;  0,0;  0,0;0,0;0,0;---;40,5;41,8
  10/1958;  0,0;  0,0;  0,0;  0,0;  0,0;  0,0; 11,0;  0,0;  0,0;  0,0; 34,0;  0,0;  0,0;  0,0;  0,0;  0,0;  0,2;  8,2;  0,0;  0,0;  0,0;  0,0; 32,3;  3,9; 10,2; 10,1; 20,6; 13,9;30,6;14,2;0,0;34,0;189,2
  11/1958;  0,0;  0,0;  0,0; 15,0;  0,0;  0,0;  0,0;  0,0; 20,0;  0,0;  0,0;  0,0;  0,5;  0,0;  0,0;  0,0; 30,0; 29,0;  0,0;  0,0;  0,0;  0,0;  0,0; 10,0;  0,0;  0,0;  0,0;  0,0;0,0;20,0;---;30,0;124,5
  12/1958;  0,4;  0,3;  0,0;  1,8;  0,0;  4,5;  0,0;  0,2;  6,5;  0,8;  6,8; 13,4; 21,3;  0,0; 21,5; 72,0; 20,0; 10,5;  3,1; 50,9;  2,7;  1,3;  0,0;  0,0; 31,2;  0,0;  0,0;  1,5;0,0;0,0;0,0;72,0;270,7
  01/1959;  0,0;  0,0;  0,0; 30,0; 60,0; 15,0; 10,0;  0,0;  0,0; 40,0; 30,5; 28,0; 10,0;  0,5; 30,0;  0,8; 20,5; 10,0; 40,0;  0,0;  0,5;  0,0;  0,0;  0,0;  0,0;  0,0;  0,0;  0,0;0,0;0,5;0,0;60,0;326,3
  02/1959; 40,0; 20,0;  0,0;  0,0;  0,0;  0,0;  0,0; 20,0;  0,0;  0,0;  0,0; 20,5;  0,0;  0,0; 30,0;  0,0;  0,0;  0,0;  0,0; 10,0;  0,0;  0,0;  0,0; 40,0;  0,0;  0,0; 30,5;  0,0;---;---;---;40,0;211,0
  03/1959;  0,0;  0,0; 10,0;  0,0;  0,0; 10,5;  0,6; 20,0; 10,0;  0,0;  0,0; 20,5;  0,5;  0,0;  0,0; 50,5;  0,0; 35,0; 20,0; 20,8; 18,0; 10,0;  0,0;  0,0;  0,0;  0,0;  0,0;  0,0;0,0;15,0;0,0;50,5;241,4
  04/1959;  0,0;  0,0;  0,0;  0,0;  0,0;  0,0;  0,0;  0,0;  0,0;  0,0;  0,0;  0,0;  0,0;  0,0;  0,0;  0,0;  0,0;  0,0;  0,0;  0,0;  0,0; 20,5;  0,0;  0,0;  0,0;  0,8;  0,0;  0,0;0,0;0,0;---;20,5;21,3
  05/1959;  0,0;  0,0;  0,0;  0,0;  0,0;  0,0;  0,0;  0,0;  0,0;  0,0;  0,0;  0,0;  0,0;  0,0;  0,0;  0,0;  0,0;  0,5;  0,0;  0,0;  0,0;  0,0;  0,0;  0,0;  0,0;  0,0;  0,0;  0,0;0,0;0,0;10,0;10,0;10,5
  06/1959;  0,0;  0,0;  0,0;  0,0;  0,0; 20,0;  0,0;  0,8;  0,0;  0,3;  0,5;  0,0;  0,0;  0,0;  0,0;  0,0;  0,0;  0,0;  0,0;  0,0;  0,0;  0,0;  0,0;  0,0;  0,0;  0,0;  0,0;  0,0;0,0;0,0;---;20,0;21,6
  07/1959;  0,0;  0,0;  0,0;  0,0;  0,0;  0,0;  0,0;  0,0;  0,0;  0,0;  0,0;  0,0;  0,0;  0,0;  0,0;  0,0;  0,0;  0,0;  0,0;  0,0;  0,0;  0,0;  0,0;  0,0;  0,0;  0,0;  0,0;  0,0;0,0;0,0;0,0;0,0;0,0
  08/1959; 20,5;  0,0;  0,0;  0,0;  0,0;  0,0;  0,0;  0,0;  0,4;  0,8; 10,5;  0,0; 10,0;  0,0;  0,0;  0,0;  0,0;  0,0;  0,0;  0,0;  0,0;  0,0;  0,0;  0,0;  0,0;  0,0;  0,0;  0,0;0,0;0,0;0,0;20,5;42,2
  09/1959;  0,0;  0,0;  0,0;  0,0;  0,0;  0,0;  0,0;  0,0;  0,0;  0,0;  0,0;  0,0;  0,0;  0,0;  0,0;  0,0;  0,0;  0,0;  0,0; 20,0;  0,0;  0,0;  0,0;  0,0;  0,0;  0,0;  0,0;  0,0;0,0;0,0;---;20,0;20,0
  10/1959;  0,0;  0,0;  0,0;  0,0;  0,0;  0,0;  0,0;  0,0; 10,0;  0,0;  0,0; 20,0;  0,0;  0,0;  0,0;  0,0;  0,0;  0,0;  0,0;  0,0;  0,0;  0,0;  0,0;  0,0;  0,0;  0,0;  0,0;  0,0;0,0;0,0;0,0;20,0;30,0
  11/1959;  0,0;  0,0;  0,0;  0,0;  0,0;  0,0; 20,5;  0,0;  0,6;  0,0;  0,0;  0,0;  0,0;  0,0;  0,0;  0,0; 10,0; 20,5;  0,0;  0,0;  0,0;  0,0;  0,0;  0,5;  0,8;  0,0;  0,0; 40,0;0,0;0,0;---;40,0;92,9
  12/1959;  0,0;  0,0; 11,6; 35,0;  0,0;  0,0; 41,0; 17,5; 25,0;  0,0;  0,0;  0,0;  0,0;  0,0;  0,0;  0,0;  7,0;  0,0; 51,5;  0,0;  0,0;  1,5; 18,5;  1,6;  0,0;  0,0;  0,0;  0,0;5,2;0,0;5,7;51,5;221,1
  01/1960;  0,0;  0,0;  0,0;  0,6;  0,0;  0,0; 10,0; 25,0; 10,0; 20,0; 50,0; 10,0;  0,0;  0,0;  0,0;  0,0; 10,0; 20,0; 30,8; 10,0;  0,0; 10,5; 10,0; 30,6;  0,0;  0,0; 10,0;  0,0;0,0;0,0;0,5;50,0;258,0
  02/1960;  0,0; 20,0;  0,0;  0,0;  0,0;  0,0;  0,0; 10,5; 40,0;  0,6;  0,0;  0,0;  0,0;  0,0;  0,0;  0,0; 40,0; 30,0;  0,0; 50,8; 10,0;  0,8;  0,0;  0,5;  0,5;  0,0; 20,5; 10,0;0,8;---;---;50,8;235,0
  03/1960;  0,0;  0,0;  0,0;  0,0;  0,0;  0,0;  0,0;  0,0;  0,0;  0,0;  0,0;  0,0;  0,0;  0,0;  0,0;  0,0;  0,0;  0,0;  0,0; 30,0; 20,5; 40,6;  0,0;  0,0;  0,0;  0,0;  0,0;  0,0;0,0;20,6;0,0;40,6;111,7
  04/1960;  0,0;  0,0;  0,0;  0,0;  0,0;  0,0;  0,0;  0,5; 10,0;  0,0;  0,0;  0,0;  0,0;  0,0;  0,0;  0,0;  0,0; 10,0; 10,5;  0,8;  0,0;  0,0;  0,0;  0,0;  0,0;  0,0;  0,0;  0,0;0,0;0,6;---;10,5;32,4
  05/1960;  0,0;  0,0;  0,0;  0,0;  0,0;  0,0;  0,0;  0,0;  4,1;  0,0;  0,0;  0,0;  0,0;  9,0; 21,5;  0,0;  0,0;  0,0;  3,5;  9,0;  0,5;  0,0;  0,0;  0,0;  0,0;  0,0;  0,0;  0,0;0,0;0,0;0,0;21,5;47,6
  06/1960;  0,0;  0,0;  0,0;  0,0;  0,0;  0,0;  0,0;  0,0;  0,0;  0,0;  0,0;  0,0;  0,0; 15,0; 20,0;  0,0;  0,0;  0,0;  0,0;  0,0;  0,0;  0,0;  0,0; 20,6;  0,0;  0,0; 30,0;  0,0;0,0;0,0;---;30,0;85,6
  07/1960;  0,0;  0,0;  0,0;  0,0;  0,0;  0,0;  0,0;  0,0;  0,0;  0,0;  0,0;  0,0;  0,0;  0,0;  0,0;  0,0;  0,0;  0,0;  0,0;  0,0;  0,0;  0,0;  0,0;  0,0;  0,0;  0,0;  0,0;  0,0;0,0;0,0;0,0;0,0;0,0
  08/1960;  0,0;  0,0;  0,0;  0,0;  0,0;  0,0;  0,0;  0,0;  0,0;  0,0;  0,0;  0,0;  0,0;  0,0;  0,0;  0,0; 15,0;  0,0;  0,0;  0,0;  0,0;  0,0;  0,0;  0,0;  0,0;  0,0;  0,0;  0,0;0,0;0,0;0,5;15,0;15,5
  09/1960;  0,0;  0,0;  0,0;  0,0;  0,0;  0,0;  0,0;  0,0;  0,0;  0,0;  0,0;  0,0;  0,0;  0,0;  0,0;  0,0;  0,0;  0,0;  0,0;  0,0;  0,0;  0,0;  0,0;  0,0;  0,0;  0,0;  0,0;  0,0;0,0;20,8;---;20,8;20,8
  10/1960; 49,0;  0,0;  0,0;  0,0;  0,0;  0,0;  0,0;  0,0;  0,0;  0,0;  0,0;  0,0;  3,0;  0,0;  0,0;  2,0;  6,5;  0,0; 22,5; 37,5;  0,5; 22,5;  4,3; 34,0; 21,3; 14,2;  0,0;  0,0;0,0;4,1;6,0;49,0;227,4
  11/1960;  0,5;  0,0;  0,0;  0,0;  0,0;  0,0; 30,0;  0,0;  0,5;  0,0; 20,0; 30,0; 10,8; 10,6;  0,0;  0,6;  0,0; 10,0; 20,0; 30,0;  0,0;  0,0;  0,0;  0,0;  0,0; 20,0;  0,0;  0,0;0,0;0,0;---;30,0;183,0
  12/1960;  0,0;  0,0;  0,0;  0,0;  0,0;  0,0;  0,0;  0,0;  0,0;  0,0;  0,0;  0,0; 15,0; 20,0;  0,0;  0,5; 10,0; 20,0; 10,5; 30,0; 30,0; 20,5; 10,0;  0,0; 10,5;  0,0;  0,0;  0,0;0,0;0,0;0,5;30,0;177,5
  01/1961; 15,0; 20,0; 30,0; 10,0;  0,5; 10,0; 10,5;  0,5; 10,6; 30,8; 10,0; 30,0;  0,6;  0,0; 10,0;  0,5; 40,0;  0,6;  0,0; 50,0;  0,0;  0,0;  0,0;  0,0;  0,0;  0,0;  0,0;  0,0;20,0;0,0;0,0;50,0;299,6
  02/1961;  0,0; 30,5;  0,0;  0,0;  0,0;  0,0;  0,0; 30,0;  0,0;  0,0; 10,5; 20,0; 10,0;  0,6;  0,0;  0,0;  0,6; 10,0;  0,0; 30,0; 10,0; 20,5; 20,0;  0,6;  0,0;  0,0; 10,0;  0,6;---;---;---;30,5;203,9
  03/1961;  0,0;  0,0;  0,0; 10,8;  0,5; 20,3; 10,0; 20,0;  0,0;  0,0;  0,0;  0,0;  0,0; 10,0;  0,0;  0,0;  0,5; 10,4;  0,0;  0,0;  0,0;  0,3;  0,0;  0,0;  0,0;  0,0;  0,0;  0,0;0,0;0,0;0,0;20,3;82,8
  04/1961;  0,0;  0,0;  0,0;  0,5;  0,0; 20,0; 10,0;  0,5;  0,0;  0,0;  0,0;  0,0;  0,0;  0,0;  0,0;  0,5;  0,0;  0,0;  0,0;  0,0;  0,0; 30,0;  0,6;  0,0; 20,3;  0,0;  0,0;  0,0;0,0;0,0;---;30,0;82,4
  05/1961;  0,0; 40,0; 20,4; 30,0;  0,0;  0,0;  0,0;  0,0;  0,0;  0,0;  0,0;  0,0;  0,0;  0,0;  0,0;  0,0;  0,0;  0,0;  0,0;  0,0;  0,0;  0,0; 20,0;  0,0;  0,0;  0,0;  0,0;  0,0;0,0;0,0;0,0;40,0;110,4
  06/1961;  0,0;  0,0;  0,0;  0,0;  0,0;  0,0;  0,0;  0,0;  0,0;  0,0;  0,0;  0,0;  0,0;  0,0;  0,0;  0,5;  0,0;  0,0;  0,0;  0,0;  0,0;  0,0;  0,0;  0,0;  0,0;  0,0;  0,4;  0,0;0,0;0,0;---;0,5;0,9
  07/1961;  0,0;  0,0;  0,0;  0,0;  0,0;  0,0;  0,0;  0,0;  0,0;  0,0;  0,0;  0,0;  0,0;  0,0;  0,0;  0,0;  0,0;  0,0;  0,0;  0,0;  0,0;  0,0;  0,0;  0,0;  0,0;  0,0;  0,0;  0,0;0,0;0,0;0,0;0,0;0,0
  08/1961;  0,0;  0,0;  0,0;  0,0;  0,0;  0,0;  0,0;  0,0;  0,0;  0,0;  0,0;  0,0;  0,0;  0,0;  0,0;  0,0;  0,0;  0,0;  0,0;  0,0;  0,0;  0,0;  0,0;  0,0; 10,5;  0,0;  0,0;  0,0;0,0;10,0;0,0;10,5;20,5
  09/1961;  0,0;  0,0;  0,0;  0,0;  0,0;  0,0;  0,0;  0,0;  0,0;  0,0;  0,0;  0,0;  0,0;  0,0;  0,0;  0,0;  0,0;  0,0;  0,0;  0,0;  0,0;  0,0;  0,0;  0,0;  0,0;  0,0;  0,0;  9,5;0,0;0,0;---;9,5;9,5
  10/1961;  0,0;  0,0;  0,0;  0,0;  0,0;  0,0;  0,0;  0,0;  0,0; 10,5;  0,0;  0,0;  0,0; 20,0;  0,0;  0,0;  0,0;  0,0;  0,0;  0,0;  0,0;  0,0;  0,0;  6,0;  0,0; 30,6; 10,5;  0,0;10,0;0,8;10,6;30,6;99,0
  11/1961;  0,0; 20,0;  0,0;  0,0;  0,0;  0,0;  0,3;  0,0;  0,0; 10,0;  0,5; 10,0;  0,0; 40,0;  0,0;  0,0;  0,0;  0,0;  0,0;  0,0;  0,0;  0,0;  0,0;  0,0; 10,0;  0,0;  0,5;  0,0;0,0;0,0;---;40,0;91,3
  12/1961; 30,0;  0,0;  0,0;  0,0; 10,0;  0,0;  0,0;  0,0;  0,0;  0,0;  0,0;  0,0;  0,0;  0,0;  0,8; 30,5; 10,5; 30,0;  0,0;  0,0;  0,0;  0,0;  0,0; 10,0; 20,0; 20,6; 10,0;  0,0;0,0;0,0;0,0;30,5;172,4
  01/1962;  0,0;  0,0;  0,0;  0,0;  0,0;  0,0;  0,0;  0,0;  0,0; 10,5;  0,0; 20,0;  0,0; 10,5; 10,0;  0,0;  0,0; 40,0; 30,0; 20,0;  0,0;  0,0; 10,0; 30,0;  0,0;  0,0;  0,0;  0,0;0,0;0,0;0,0;40,0;181,0
  02/1962;  0,0;  0,0;  0,0;  0,5; 10,0; 20,4;  0,0;  0,0; 20,5; 10,0;  0,0;  0,0;  0,4;  0,0;  0,0;  0,0;  0,0;  0,0; 10,3;  0,5;  0,0;  0,0;  0,0; 20,0;  0,4;  0,0;  0,0; 10,8;---;---;---;20,5;103,8
  03/1962; 20,2;  2,5;  0,0; 10,0; 50,5;  3,0;  5,0;  0,0;  0,0;  8,0; 30,1;  5,0; 60,2; 30,5; 20,9;  0,0;  0,0;  0,0;  0,0; 10,4;  0,0;  0,0;  0,0;  0,0; 20,9;  0,0;  0,0;  0,0;0,0;0,0;0,0;60,2;277,2
  04/1962;  0,0;  0,0;  0,0;  0,0;  0,0;  0,0;  0,0;  0,0;  0,0;  0,0;  0,0;  0,0;  0,0;  0,0;  0,0;  0,0;  0,0;  0,0;  0,0;  0,0;  0,0;  0,0;  0,0;  0,0;  0,0;  0,0; 20,0;  0,8;10,5;0,0;---;20,0;31,3
  05/1962;  0,0;  0,0;  0,0;  0,0;  0,0;  0,0;  0,0;  0,0;  0,0;  0,0;  0,0;  0,0;  0,0;  0,6;  0,8;  0,0;  0,0;  0,0;  0,0;  0,0;  0,0;  0,0;  0,0;  0,0;  0,0;  0,0;  0,0;  0,0;0,8;0,0;0,0;0,8;2,2
  06/1962;  0,0;  0,0;  0,4;  0,6; 30,0; 10,6; 20,0; 10,5;  0,0;  0,0;  0,0;  0,0;  0,0;  0,2;  0,0;  0,4;  0,0;  0,0;  0,0;  0,0;  0,0;  0,0;  0,0;  0,0;  0,0;  0,0;  0,0;  0,0;0,0;0,0;---;30,0;72,7
  07/1962;  0,0;  0,0;  0,0;  0,0;  0,0;  0,0;  0,0;  0,0; 10,0;  0,0;  0,0;  0,4;  0,6;  0,0;  0,0;  0,0;  0,0;  0,0;  0,0;  0,0;  0,0;  0,0;  0,0;  0,0;  0,0;  0,0;  0,0;  0,0;0,0;0,0;0,0;10,0;11,0
  08/1962;  0,0;  0,0;  0,0;  0,0;  0,0;  0,0;  0,0;  0,0;  0,0;  0,0;  0,0;  0,0;  0,0;  0,0;  0,0;  0,0;  0,0;  0,0;  0,0; 10,0;  0,6;  0,0;  0,0;  0,0;  0,0;  0,0;  0,0;  0,0;0,0;10,3;0,0;10,3;20,9
  09/1962;  0,0;  0,0;  0,0;  0,0;  0,0;  0,0;  0,0;  0,0;  0,6;  0,0;  0,0; 10,0;  0,0;  0,0;  0,0;  0,0;  0,0;  0,0;  0,0;  0,0;  0,0;  0,0;  0,5; 10,0;  0,0;  0,0;  0,0; 30,0;20,0;0,0;---;30,0;71,1
  10/1962;  0,0;  0,0;  0,0;  0,0;  0,0;  0,0;  0,0; 20,0;  0,0;  0,0;  0,0;  0,0;  0,0;  0,0;  0,0; 10,0; 20,8;  0,0; 30,0;  0,0;  0,0;  0,0;  0,0;  0,0;  0,0;  0,0;  0,0;  0,0;30,3;30,0;0,6;30,3;141,7
  11/1962;  0,0;  0,0;  0,0;  0,0;  0,0;  0,0;  0,0;  0,6;  0,0;  0,0;  0,0;  0,0;  0,0;  0,0;  0,0;  0,0;  0,0;  0,0;  0,0; 10,3; 15,0;  0,0;  0,0;  0,0;  0,0;  0,0;  0,0;  0,0;10,3;0,0;---;15,0;36,2
  12/1962;  0,0;  0,0; 20,0;  0,0; 40,0;  0,0;  0,0; 10,4; 20,0; 30,2;  0,0; 20,0;  0,6;  0,0; 20,3; 40,0; 10,0; 20,3; 10,6; 20,0;  0,0; 60,5;  0,6;  0,0;  0,0; 20,0;  0,6;  0,0;60,0;40,0;50,2;60,5;494,3
  01/1963; 40,0; 60,3;  0,0;  0,0;  0,0;  0,0;  0,0; 30,0;  0,0;  0,4;  0,0;  0,0;  0,0;  0,0; 20,4; 30,0; 30,6; 40,0; 10,2;  0,0;  0,0;  0,0;  0,0; 20,0;  0,0;  0,6; 20,3;  0,0;0,0;0,0;40,0;60,3;342,8
  02/1963; 10,0;  0,4; 20,2;  0,6;  0,0;  0,0;  0,0;  0,0; 10,0;  0,0;  0,0;  0,0;  0,0;  0,0;  0,0;  0,0;  0,0;  0,0;  0,0;  0,0;  0,0; 10,3;  0,0;  0,0;  0,0;  0,0;  0,0;  0,0;---;---;---;20,2;51,5
  03/1963;  0,0;  0,0; 30,2;  0,0;  0,0;  0,0;  0,0;  0,0;  0,0;  0,0;  0,0;  0,0;  0,0;  0,0;  0,0;  0,0;  0,0; 10,0;  0,0;  0,0;  0,0;  0,0; 10,0; 30,0;  0,0;  0,0;  0,0;  0,0;0,0;0,0;0,0;30,2;80,2
  04/1963;  0,0;  0,0;  0,0;  0,0;  0,0;  0,0;  0,0;  0,0;  0,0;  0,0;  0,0;  0,0;  0,0;  0,0; 30,3;  0,0;  0,0;  0,0;  0,0;  0,0;  0,0;  0,0;  0,0;  0,0;  0,0;  0,0;  0,0;  0,0;0,0;0,0;---;30,3;30,3
  05/1963;  0,0;  0,0;  0,0;  0,0;  0,0;  0,0;  0,0;  0,0;  0,0;  0,0;  0,0;  0,0;  0,6;  0,0;  0,4;  0,0;  0,0;  0,0;  0,0;  0,0;  0,0;  0,0;  0,0;  0,0;  0,0;  0,0;  0,0;  0,0;0,0;0,0;0,0;0,6;1,0
  06/1963;  0,0;  0,0;  0,0;  0,0;  0,0;  0,0;  0,0;  0,0;  0,0;  0,0;  0,0;  0,0;  0,0;  0,0;  0,0;  0,0;  0,0;  0,0;  0,0;  0,0;  0,0;  0,5;  0,7;  0,3;  0,0;  0,0;  0,0;  0,0;0,0;0,0;---;0,7;1,5
  07/1963;  0,0;  0,0;  0,0;  0,0;  0,0;  0,0;  0,0;  0,0;  0,0;  0,0;  0,0;  0,0;  0,0;  0,0;  0,0;  0,0;  0,0;  0,0;  0,0;  0,0;  0,0;  0,0;  0,0;  0,0;  0,0;  0,0;  0,0;  0,0;0,0;0,0;0,0;0,0;0,0
  08/1963;  0,0;  0,0;  0,0;  0,0;  0,0;  0,0;  0,0;  0,0;  0,0;  0,0;  0,0;  0,0;  0,0;  0,0;  0,0;  0,0; 10,8;  0,0;  0,0;  0,0;  0,0;  0,0;  0,0;  0,0;  0,0;  0,0;  0,0;  0,0;0,0;0,0;0,0;10,8;10,8
  09/1963;  0,0;  0,0;  0,0;  0,0;  0,0;  0,0;  0,0;  0,0;  0,0;  0,0;  0,0;  0,0;  0,0;  0,0;  0,0;  0,0;  0,0;  0,0;  0,0;  0,0;  0,0;  0,0;  0,0;  0,0;  0,0;  0,0;  0,0;  0,0;0,0;0,0;---;0,0;0,0
  10/1963;  0,0;  0,0;  0,0;  0,0;  0,0;  0,0;  0,0;  0,0;  0,0;  0,0;  0,0;  0,0;  0,0;  0,0;  0,0;  0,0;  0,0; 30,3;  0,0;  0,0;  0,0;  0,0;  0,0;  0,0;  0,0;  0,0;  0,0;  0,0;0,0;0,0;0,0;30,3;30,3
  11/1963; 30,5;  0,0;  0,0;  0,0;  0,0; 30,0;  0,0;  0,0;  0,0;  0,0;  0,0;  0,0;  0,0;  0,0; 20,5;  0,0;  0,0;  0,0; 10,0;  0,0;  0,0;  0,0;  0,0;  0,0;  0,0;  0,0;  0,0;  0,0;10,3;0,0;---;30,5;101,3
  12/1963;  0,0;  0,0; 10,0;  0,0;  0,0;  0,0;  0,0;  0,0;  0,0;  0,0;  0,0;  0,0; 30,4;  0,0;  0,0;  0,0;  0,0; 20,0; 10,0; 20,2;  0,0;  0,0;  0,0;  0,0;  0,0;  0,0;  0,0;  0,0;0,0;20,4;0,0;30,4;111,0
  01/1964;  0,7; 10,0;  0,0;  0,0;  0,0;  0,0; 10,4;  0,0;  0,0; 10,6;  0,0;  0,0;  0,0;  0,0;  0,0;  0,0;  0,0; 10,0;  0,0;  0,0;  0,0;  0,0; 30,2; 20,6; 20,0;  0,6;  0,0;  0,0;0,0;0,0;0,0;30,2;113,1
  02/1964;  0,0; 40,6;  0,0;  0,0;  0,0; 30,2; 20,0;  0,0;  0,0; 10,4; 20,6; 20,0; 10,8; 20,3; 20,8; 80,0;  0,0;  0,0;  0,0;  0,0; 20,0; 30,0;  0,0;  0,0;  0,0;  0,0;  0,0;  0,0;30,0;---;---;80,0;353,7
  03/1964;  0,0;  0,0;  0,0;  0,0;  0,0;  0,0;  0,0;  0,0;  0,0;  0,0;  0,0;  0,0;  0,0;  0,3; 20,4;  0,0;  0,0;  0,0;  0,0;  0,0;  0,0;  0,0;  0,0;  0,0;  0,0;  0,0;  0,3; 20,2;20,8;0,4;10,0;20,8;72,4
  04/1964; 20,0; 20,6;  0,0;  0,0;  0,0;  0,0;  0,0;  0,0;  0,0;  0,0;  0,0;  0,0;  0,0;  0,0;  0,0;  0,0;  0,0;  0,0;  0,0;  0,0;  0,0;  0,0;  0,0;  0,0;  0,6;  0,0;  0,0;  0,0;0,0;0,0;---;20,6;41,2
  05/1964;  0,0;  0,0;  0,0;  0,0;  0,0; 20,0;  0,0;  0,0;  0,0;  0,0;  0,0;  0,0;  0,4;  0,6;  0,3;  0,0;  0,0;  0,0;  0,0;  0,0;  0,0;  0,0;  0,0;  0,0;  0,0;  0,0;  0,0;  0,0;0,0;0,0;0,0;20,0;21,3
  06/1964;  0,0;  0,0;  0,0;  0,0;  0,0;  0,0;  0,0;  0,0;  0,0;  0,0;  0,0;  0,0; 20,4;  0,0;  0,0;  0,0;  0,0;  0,0;  0,0;  0,0;  0,0;  0,0;  0,0;  0,0;  0,0;  0,0; 10,6;  0,4;0,0;0,0;---;20,4;31,4
  07/1964;  0,0;  0,0;  0,0;  0,0;  0,0;  0,0;  0,0;  0,0;  0,0;  0,0;  0,0;  0,0;  0,0;  0,0;  0,0; 40,2;  0,0;  0,0;  0,0;  0,0;  0,0;  0,0;  0,0;  0,0; 30,4;  0,0;  0,0;  0,0;0,0;0,0;0,0;40,2;70,6
  08/1964;  0,0;  0,0;  0,0;  0,0;  0,0;  0,0;  0,0;  0,0;  0,0;  0,0;  0,0; 10,0;  0,0;  0,0;  0,0;  0,0;  0,0;  0,0;  0,0;  0,7;  0,0;  0,0;  0,0;  0,0;  0,0;  0,0;  0,0;  0,0;0,0;0,0;0,0;10,0;10,7
  09/1964;  0,0;  0,0;  0,0;  0,0;  0,0;  0,0;  0,0;  0,0;  0,0;  0,0;  0,0;  0,0;  0,0;  0,0;  0,0;  0,0;  0,0;  0,0;  0,0;  0,0;  0,0;  0,0;  0,8;  0,4;  0,0; 20,0; 30,4;  0,0;0,0;20,0;---;30,4;71,6
  10/1964;  0,0;  0,0; 10,0;  0,0;  0,0; 20,0;  0,0;  0,0;  0,0;  0,0;  0,0;  0,0;  0,0;  0,0;  0,0;  0,0;  0,0;  0,0;  0,0;  0,0;  0,0;  0,0; 20,3;  0,0;  0,0;  0,0;  0,0;  0,0;0,0;40,0;0,0;40,0;90,3
  11/1964;  0,0;  0,0;  0,0; 10,3; 20,0;  0,0;  0,0;  0,0;  0,0;  0,0;  0,0;  0,0; 40,0; 20,0;  0,0;  0,0;  0,0;  0,0;  0,0;  0,0;  0,6;  0,0;  0,0;  0,0;  0,0;  0,0;  0,0;  0,0;0,0;20,0;---;40,0;110,9
  12/1964; 20,0; 10,3;  0,6;  0,0;  0,0;  0,0;  0,0;  0,0; 10,0;  0,0;  0,0; 30,4;  0,0; 20,6; 20,2; 10,0;  0,0;  0,0;  0,0; 20,6; 30,2; 80,6; 20,9; 10,3;  0,6;  0,0;  0,0;  0,6;20,1;0,0;0,0;80,6;306,0
  01/1965;  0,0; 20,0;  7,0; 70,6;  0,0;  0,0;  0,0;  0,0;  0,0; 20,4;  0,7;  0,0;  0,0; 20,0;  0,0;  0,0;100,6;  0,0;  0,6;  0,0;  0,0;  0,0; 30,2;  0,0; 20,6;  0,0;  0,6; 20,8;30,0;0,0;50,0;100,6;392,1
  02/1965;  0,0; 31,5;  0,0;  0,0;  0,8;  0,0;  0,0;  0,0;  0,0;  0,0;  0,0;  0,0;  0,7;  0,0;  0,0;  0,0; 30,2;  0,0;  0,9; 10,1; 32,2; 60,6; 16,2;  0,0;  0,0;  0,0; 52,2; 10,5;---;---;---;60,6;245,9
  03/1965; 30,0; 20,6; 40,2;  0,0; 10,0; 30,1;  0,0; 20,6; 10,3;  0,0;  0,0;  0,0;  0,0; 20,0;  0,0;  0,0; 20,2;  0,0; 30,0;  0,0;  0,0;  0,0;  0,0; 20,0; 70,5;  0,0;  0,0;  0,0;0,0;0,0;0,0;70,5;322,5
  04/1965;  0,0;  0,0;  0,0;  0,0;  0,0;  0,0;  0,0;  0,0; 30,6;  0,0;  0,0;  0,0;  0,0;  0,0;  0,0;  0,0;  0,0; 10,4; 20,2;  0,0;  0,0;  0,0;  0,0;  0,0;  0,0;  0,0;  0,0; 10,2;20,0;0,0;---;30,6;91,4
  05/1965;  0,0;  0,0;  0,0;  0,0;  0,0;  0,0;  0,0; 20,2;  0,0;  0,0;  0,0;  0,0; 10,0;  0,0;  0,0;  0,0; 20,6;  0,6;  0,0;  0,0;  0,0;  0,0;  0,0;  0,0;  0,0;  0,0;  0,0;  0,0;0,0;0,0;0,0;20,6;51,4
  06/1965;  0,0;  0,0;  0,0;  0,0;  0,0;  0,0;  0,0;  0,6; 10,8;  0,0;  0,0;  0,0;  0,0;  0,0;  0,0;  0,0;  0,0;  0,0;  0,0;  0,0;  0,0;  0,0; 20,4;  0,0;  0,0;  0,0;  0,0;  0,0;0,0;0,0;---;20,4;31,8
  07/1965;  0,0;  0,0;  0,0; 10,0;  0,6; 20,3;  0,8;  0,0;  0,0;  0,0;  0,0;  0,0;  0,0;  0,0;  0,0;  0,0;  0,0;  0,0;  0,0;  0,0;  0,0;  0,0;  0,0;  0,0;  0,0;  0,0;  0,0;  0,0;0,0;20,6;10,4;20,6;62,7
  08/1965;  0,0;  0,0;  0,8;  0,0;  0,0;  0,0;  0,0;  0,0;  0,0;  0,0;  0,0;  0,0;  0,0;  0,0;  0,0;  0,0;  0,0;  0,0;  0,0;  0,8;  0,0;  0,0;  0,0;  0,0;  0,0;  0,0;  0,0;  0,0;0,0;0,0;0,0;0,8;1,6
  09/1965;  0,0;  0,0;  0,0;  0,0;  0,0;  0,0;  0,0;  0,0;  0,0;  0,0;  0,0;  0,0;  0,0;  0,0;  0,0;  0,0;  0,0;  0,0;  0,0;  0,0;  0,0;  0,0;  0,0;  0,0;  0,0;  0,0; 40,7;  0,2;0,4;21,2;---;40,7;62,5
  10/1965; 20,0;  0,0;  0,0;  0,0;  0,0;  0,0;  0,0;  0,0;  0,0; 18,0;  0,0;  0,0;  0,0;  0,0;  0,0;  0,0;  0,0; 10,3;  0,0;  0,0;  0,0;  0,0;  0,0;  0,0;  0,6;  0,0;  0,0;  0,0;30,2;0,0;0,0;30,2;79,1
  11/1965;  0,0;  0,0;  0,0;  0,0; 10,6; 20,8;  0,0;  0,0; 20,0;  0,0;  0,0;  0,0; 40,6;  0,0;  0,0;  0,0;  0,0;  0,0;  0,0; 20,2;  0,0;  0,0;  0,0;  0,0;  0,0;  0,0; 20,2; 10,6;0,0;0,0;---;40,6;143,0
  12/1965; 20,4;  0,0; 30,1;  0,5; 30,8; 20,0; 10,6; 40,6; 20,4; 10,6; 40,0;  0,0;  0,0;  0,0;  0,0;  0,0;  0,0;  0,0;  0,0;  0,0;  0,0;  0,0;  0,0;  0,0;  0,0; 30,0; 10,8; 20,0;0,0;0,0;0,0;40,6;284,8
  01/1966; 20,3;  0,8;  0,0; 10,2;  0,0; 10,0; 40,0; 20,5; 20,0;  0,0;  0,0;  0,0;  0,0;  0,0;  0,0;  0,0;  0,0;  0,0;  0,0;  0,0;  0,0;  0,0;  0,0;  0,0;  0,0; 20,6;  0,0; 40,3;10,0;20,8;30,0;40,3;243,5
  02/1966;  0,0;  0,0;  0,0;  0,0;  0,0; 20,0; 50,6; 30,0;  0,0;  0,0;  0,0;  0,0;  0,0;  0,0;  0,0;  0,0;  0,0;  0,0;  0,0;  0,0; 80,0;  0,0;  0,0;  0,0;  0,0;  0,0;  0,0;  0,0;---;---;---;80,0;180,6
  03/1966;  0,0;  0,0;  0,0;  0,0; 10,0; 20,6; 30,0; 20,6;  0,7;  0,0;  0,0;  0,0;  0,0;  0,0;  0,0;  0,0;  0,0;  0,0;  0,0;  0,0;  0,6;  0,0;  0,0;  0,0;  0,0;  0,0;  0,0;  0,0;0,0;0,0;0,0;30,0;82,5
  04/1966;  0,0;  0,0;  0,0;  0,0;  0,0;  0,0;  0,0;  0,0;  0,0;  0,0;  0,0;  0,0;  0,0;  0,0;  0,0;  0,0;  0,0;  0,0;  0,0;  0,0;  0,0;  0,0;  0,0;  0,0; 20,0;  0,0;  0,0;  0,0;0,0;0,0;---;20,0;20,0
  05/1966;  0,0;  0,0;  0,0;  0,0;  0,0; 30,4;  0,0;  0,0;  0,0;  0,0;  0,0;  0,0;  0,0;  0,0;  0,0;  0,0;  0,0;  0,0;  0,0;  0,0; 20,6; 30,2;  0,0;  0,0;  0,0;  0,0;  0,0;  0,0;0,0;0,0;0,0;30,4;81,2
  06/1966;  0,0;  0,0;  0,0;  0,0;  0,0;  0,0;  0,0;  0,0;  0,0;  0,0;  0,0;  0,0;  0,0;  0,0;  0,0;  0,0;  0,0;  0,0;  0,0;  0,0;  0,0;  0,0;  0,0;  0,4;  0,0;  0,0;  0,0;  0,0;0,0;0,0;---;0,4;0,4
  07/1966;  0,0;  0,0;  0,0;  0,0;  0,0;  0,0;  0,0;  0,0;  0,0;  0,0;  0,0;  0,0;  0,0;  0,0;  0,0;  0,0;  0,0;  0,0;  0,0;  0,0;  0,0;  0,0;  0,0;  0,8;  0,0;  0,0;  0,0;  0,0;0,0;10,0;20,6;20,6;31,4
  08/1966;  0,0;  0,0;  0,0;  0,0;  0,0;  0,0;  0,0;  0,0;  0,0;  0,0;  0,0;  0,0;  0,0;  0,0;  0,0;  0,0;  0,0;  0,0;  0,0;  0,0;  0,0;  0,0;  0,0;  0,0;  0,0;  0,0;  0,0;  0,0;20,4;0,0;30,8;30,8;51,2
  09/1966;  0,0;  0,0;  0,0;  0,0;  0,0;  0,0;  0,0;  0,0;  0,0;  0,0;  0,0;  0,0;  0,0;  0,0;  0,0;  0,0;  0,0;  0,0;  0,0;  0,0;  0,0;  0,0;  0,0;  0,0;  0,0;  0,0;  0,0; 20,6;10,0;0,0;---;20,6;30,6
  10/1966;  0,0;  0,0;  0,0;  0,0;  0,0;  0,0;  0,0;  0,0;  0,0;  0,0; 60,4;  0,0;  0,0;  0,0;  0,0;  0,0;  0,0; 70,0;  0,0;  0,0;  0,0;  0,0; 40,6;  0,0;  0,0;  0,0; 40,8; 60,4;0,8;20,4;0,0;70,0;293,4
  11/1966;  0,0;  0,0;  0,0;  0,0;  0,0;  0,0;  0,0;  0,0; 10,0; 30,4;  0,6;  0,8; 20,7;  0,0;  0,6;  0,0;  0,0;  0,0;  0,0;  0,0;  0,0;  0,0;  0,0;  0,0;  0,0;  0,0;  0,0;  0,0;0,0;0,0;---;30,4;63,1
  12/1966;  0,0;  0,0;  0,0;  0,0;  0,0;  0,0;  0,0;  0,0;  0,0;  0,0;  0,0; 20,6;  0,0;  0,0; 10,6; 30,0; 10,8;  0,6; 30,9; 40,6; 40,9; 40,2; 20,0;  0,0;  0,0;  0,0;  0,0;  0,0;0,0;0,0;0,0;40,9;245,2
  01/1967; 10,0;  0,0;  0,0; 30,4;  0,0;  0,0;  0,0;  0,0; 40,3;  0,0;  0,0;  0,0; 20,0;  0,0;  0,0; 10,6; 10,0;  0,0;  0,0;  0,9;  0,0;  0,0; 30,8;  0,0; 40,0;  0,0;  0,0;  0,0;0,0;0,0;0,0;40,3;193,0
  02/1967;  0,0;  6,1; 10,2; 12,1; 29,5; 31,3;  0,0; 20,2;  0,0;  0,0;  0,0;  0,0; 30,1;  0,0; 10,2; 15,3; 16,4;  0,0; 34,1;  0,0;  0,0;  0,0;  0,0;  0,0;  0,0;  0,0;  0,0;  0,0;---;---;---;34,1;215,5
  03/1967;  0,0;  0,0; 30,2;  0,0; 20,2;  0,0; 20,8; 40,2;  0,0; 20,0;  0,0; 40,0;  0,0;  0,0;  0,0;  0,0;  0,0;  0,0;  0,0;  0,0;  0,0;  0,0; 30,4; 20,0;  0,0;  0,0;  0,0;  0,0;0,0;0,0;50,2;50,2;272,0
  04/1967;  0,0;  0,0;  0,0;  0,0;  0,0;  0,0;  0,0;  0,0;  0,0;  0,0;  0,0;  0,0;  0,0;  0,0;  0,0;  0,0;  0,0;  0,0;  0,0;  0,0;  0,0;  0,0;  0,0; 10,2;  0,0;  0,0;  0,0;  0,0;0,0;0,0;---;10,2;10,2
  05/1967;  0,0;  0,0;  0,0;  0,0;  0,0;  0,0;  0,0;  0,0;  0,0;  0,0;  0,0;  0,0;  0,0;  0,0;  0,0;  0,0;  0,0;  0,0;  0,0;  0,0;  0,0;  0,0;  0,0;  0,0;  0,0;  0,0;  0,0;  0,0;0,0;0,0;0,0;0,0;0,0
  06/1967;  0,0;  0,0;  0,0;  0,0;  0,0; 20,6; 30,0;  0,7; 20,0;  0,9;  0,0; 40,0; 10,8;  0,5;  0,0;  0,0;  0,0;  0,0;  0,0;  0,0;  0,0;  0,0;  0,0;  0,0;  0,0;  0,0;  0,0;  0,0;0,0;0,0;---;40,0;123,5
  07/1967;  0,0;  0,0;  0,0;  0,0;  0,0;  0,0;  0,0;  0,0;  0,0;  0,0;  0,0;  0,0;  0,0;  0,0;  0,0;  0,0;  0,0;  0,0; 10,0; 20,2;  0,0;  0,0;  0,0;  0,0;  0,0;  0,0;  0,0;  0,0;0,0;0,0;0,0;20,2;30,2
  08/1967;  0,0;  0,0;  0,0;  0,0;  0,0;  0,0;  0,0;  0,0;  0,0;  0,0;  0,0;  0,0;  0,0;  0,0;  0,0;  0,0;  0,0;  0,0;  0,0;  0,0;  0,0;  0,0;  0,0;  0,0;  0,0;  0,0;  0,0;  0,0;0,0;0,0;0,0;0,0;0,0
  09/1967;  0,0;  0,0;  0,0;  0,0;  0,0;  0,0; 30,8;  0,0;  0,0;  0,0;  0,0;  0,0; 20,6;  0,0;  0,0;  0,0;  0,0;  0,0;  0,0;  0,0;  0,0;  0,0;  0,0;  0,0;  0,0;  0,0;  0,0;  0,0;0,0;0,0;---;30,8;51,4
  10/1967;  0,8;  0,0;  0,0;  0,0;  0,0;  0,0;  0,0;  0,0;  0,0;  0,0;  0,0;  0,0;  0,0;  0,0;  0,0;  0,0;  0,0;  0,0;  0,0;  0,0; 10,0;  0,0; 10,8; 30,6;  0,0;  0,0;  0,0;  0,0;0,0;40,3;0,0;40,3;92,5
  11/1967; 20,8;  0,0;  0,0;  0,0;  0,0;  0,0;  0,0;  0,0;  0,0;  0,0;  0,0;  0,0;  0,0;  0,0;  0,0; 40,8;  0,0;  0,0;  0,0;  0,0;  0,0; 50,0;  0,0;  0,0; 40,0; 70,0;  0,0;  0,0;0,0;0,0;---;70,0;221,6
  12/1967;  0,0; 30,0; 20,6;  0,0;  0,0;  0,0;  0,0;  0,8;  0,0;  0,0;  0,0;  0,0;  0,0;  0,0;  0,6; 20,0;  0,0; 10,0;  0,0;  0,0; 40,0; 20,2;  0,0;  0,0;  0,0;  0,0;  0,0;  0,0;30,0;0,0;0,0;40,0;172,2
  01/1968;  0,0;  0,0;  0,0;  0,0;  0,0;  0,0;  0,0;  0,0;  0,0; 34,0; 21,5;  0,8; 15,2; 10,1; 30,2;  0,3; 15,1; 13,9;  0,9;  0,0;  0,7; 47,2;  0,0;  0,0;  0,0;  0,0;  0,0;  0,0;0,0;0,0;0,0;47,2;189,9
  02/1968;  0,0;  0,0;  0,0;  0,0;  0,0;  0,0;  0,0;  0,0;  0,0;  0,0;  0,0;  0,0;  0,0; 10,0; 30,7;  0,0; 30,4;  0,0;  0,0;  0,0;  0,0; 20,8;  0,0;  0,0;  0,0;  0,0;  0,0;  0,0;0,0;---;---;30,7;91,9
  03/1968;  0,0;  0,0;  0,0;  0,0; 20,9; 10,6; 30,0;  0,0;  0,0;  0,0;  0,0;  0,0;  0,0;  0,0;  0,0;  0,0;  0,0;  0,0;  0,0;  0,0;  0,0;  0,0;  0,0;  0,0;  0,0;  0,0;  0,0;  0,0;0,0;0,0;0,0;30,0;61,5
  04/1968;  0,0;  0,0;  0,0;  0,0;  0,0;  0,0;  0,0;  0,0;  0,0;  0,0;  0,0;  0,0;  0,0;  0,0;  0,0;  0,0;  0,0;  0,0;  0,0; 30,3;  0,0;  0,0;  0,0;  0,0;  0,0;  0,0;  0,0;  0,0;0,6;0,0;---;30,3;30,9
  05/1968;  0,0;  0,0;  0,0;  0,0;  0,0;  0,0;  0,0;  0,0;  0,0;  0,0;  0,0;  0,0;  0,0; 18,0; 10,0;  0,0;  0,0;  0,0;  0,0;  0,0;  0,0;  0,0;  0,0;  0,0;  0,0;  0,0;  0,0;  0,0;0,0;0,0;0,0;18,0;28,0
  06/1968;  0,0;  0,0;  0,0;  0,0;  0,0;  0,0;  0,0;  0,0;  0,0;  0,0;  0,0;  0,0;  0,0; 20,0;  0,0;  0,0;  0,0;  0,0;  0,0;  0,0;  0,0;  0,0;  0,0;  0,0;  0,0;  0,0;  0,0;  0,0;0,0;0,0;---;20,0;20,0
  07/1968;  0,0;  0,0;  0,0;  0,0;  0,0;  0,0;  0,0;  0,0;  0,0;  0,0;  0,0;  0,0;  0,0;  0,0;  0,0;  0,0;  0,0;  0,0;  0,0;  0,0;  0,0;  0,0;  0,0;  0,0;  0,0;  0,0;  0,0;  0,0;0,0;0,0;0,0;0,0;0,0
  08/1968;  0,0;  0,0;  0,0;  0,0;  0,0;  0,0; 20,6; 30,0;  0,0;  0,0;  0,0;  0,0;  0,0;  0,0;  0,0;  0,0;  0,0;  0,0;  0,0;  0,0;  0,0;  0,0;  0,0;  0,0;  0,0;  0,0;  0,0;  0,0;0,0;30,6;0,0;30,6;81,2
  09/1968;  0,0;  0,0;  0,0;  0,0; 20,2;  0,0;  0,0;  0,0;  0,0;  0,0;  0,0;  0,0;  0,0;  0,0;  0,0;  0,0;  0,0;  0,0; 10,0;  0,0;  0,0;  0,0;  0,0;  0,0;  0,0;  0,0;  0,0;  0,6;0,0;0,0;---;20,2;30,8
  10/1968;  0,0;  0,0;  0,0;  0,0;  0,0;  0,0;  0,0;  0,0;  0,0;  0,0;  0,0;  0,0;  0,0;  0,0;  0,0;  0,0; 40,2; 10,0; 18,1;  0,0;  0,0;  0,6;  0,0;  0,0;  0,0;  0,0; 20,0; 10,4;0,0;0,0;0,0;40,2;99,3
  11/1968;  0,0;  0,0;  0,0;  0,0;  0,0;  0,0;  0,0;  0,0;  0,0;  0,0;  0,0;  0,0;  0,0;  0,0;  0,0; 10,0; 20,8;  0,0;  0,0;  0,0;  0,0;  0,0;  0,0;  0,0;  0,0;  0,0; 30,0;  0,0;0,0;20,0;---;30,0;80,8
  12/1968;  7,1;  0,0;  0,0;  0,0;  0,0;  0,0;  0,0;  0,0;  0,0;  0,0;  0,0;  0,0;  0,0;  0,0;  0,0;  0,0;  0,0;  0,0;  0,0;  0,0;  0,0;  0,0;  0,0;  0,0;  0,0;  0,0;  0,0; 18,5;25,2;0,0;0,0;25,2;50,8
  01/1969;  0,0;  0,0;  0,0;  0,0;  0,0;  0,0;  0,0;  0,0;  0,0; 10,8;  0,0; 20,2;  0,0;  0,0;  0,0;  0,0;  0,0; 10,8;  0,0;  0,0;  0,0; 20,6; 40,0;  0,0;  0,0;  0,0;  0,0;  0,0;0,0;0,0;20,0;40,0;122,4
  02/1969;  0,0;  0,0;  0,0;  0,0;  0,0;  0,0;  0,0; 80,0; 40,6;  0,0;  0,0;  0,0;  0,0;  0,0;  0,0;  0,0;  0,0; 30,6; 20,8; 20,0;  0,0;  0,0;  0,0; 10,0;  0,0;  0,0;  0,0; 20,0;---;---;---;80,0;222,0
  03/1969;  0,0; 20,0;  0,0; 40,0;  0,0;  0,0;  0,0;  0,0;  0,0;  0,0;  0,0; 20,8;  0,0;  0,0;  0,0;  0,0;  0,0;  0,0;  0,0;  0,0;  0,0;  0,0; 20,6;  0,0;  0,0;  0,0;  0,0;  0,0;0,0;20,0;10,0;40,0;131,4
  04/1969;  0,0;  0,0;  0,0;  0,0; 10,3;  0,0;  0,0;  0,0;  0,0;  0,0; 20,6;  0,0;  0,0;  0,0;  0,0;  0,0;  0,0;  0,0;  0,0;  0,0;  0,0;  0,0;  0,0;  0,0;  0,0;  0,0;  0,0; 10,0;0,0;0,0;---;20,6;40,9
  05/1969;  0,0;  0,0; 20,0;  0,0;  0,0;  0,0;  0,0;  0,0;  0,0;  0,0;  0,0;  0,0;  0,0;  0,0;  0,0;  0,0;  0,0;  0,0;  0,0;  0,0;  0,0;  0,0;  0,0;  0,0;  0,0;  0,0;  0,0;  0,0;0,0;0,0;0,0;20,0;20,0
  06/1969;  0,0;  0,0;  0,0;  0,0;  0,0;  0,0;  0,0;  0,0;  0,0;  0,0;  0,0;  0,0;  0,0;  0,0;  0,0;  0,0;  0,0;  0,0;  0,0; 20,4; 10,0;  0,0;  0,0; 20,8;  0,0;  0,0;  0,0;  0,0;0,0;0,0;---;20,8;51,2
  07/1969;  0,0;  0,0;  0,0;  0,0;  0,0;  0,0;  0,0;  0,0;  0,0;  0,0;  0,0; 20,0; 10,6;  0,0;  0,0;  0,0;  0,0;  0,0;  0,0;  0,0;  0,0;  0,0;  0,0;  0,0;  0,0;  0,0;  0,0;  0,0;0,0;0,0;0,0;20,0;30,6
  08/1969;  0,0;  0,0;  0,0;  0,0;  0,0;  0,0;  0,0;  0,0;  0,0;  0,0;  0,0;  0,0;  0,0;  0,0;  0,0;  0,0;  0,0;  0,0;  0,0;  0,0;  0,0;  0,0;  0,0;  0,0;  0,0;  0,0;  0,0;  0,0;0,0;0,0;0,0;0,0;0,0
  09/1969;  0,0;  0,0;  0,0;  0,0;  0,0;  0,0;  0,0;  0,0;  0,0;  0,0;  0,0;  0,0;  0,0;  0,0;  0,0;  0,0;  0,0;  0,0;  0,0;  0,0;  0,0;  0,0;  0,0;  0,0;  0,0;  0,0;  0,0;  0,8;20,0;50,2;---;50,2;71,0
  10/1969;  0,0;  0,0; 20,0; 10,0;  0,0; 20,0;  0,0;  0,0;  0,0;  0,0;  0,0;  0,0;  0,0;  0,0; 20,0;  0,0;  0,0;  0,0; 80,0;  0,0;  0,0; 30,6;  0,0;  0,0;  0,0;  0,0;  0,0;  0,0;0,0;100,6;0,0;100,6;281,2
  11/1969;  0,0; 20,3;  0,0;  0,0;  0,0; 10,0; 10,4; 20,1;  0,0; 30,2;  0,0; 45,3;  0,0;  0,0; 20,0;  0,5; 10,2; 35,0; 20,3; 10,0;  0,9;  0,0;  0,0;  0,0;  0,0;  0,0;  0,0;  0,0;30,5;30,3;---;45,3;294,0
  12/1969; 40,3; 20,3;  0,0;  0,0;  0,0;  0,0;  0,0;  0,0;  0,0;  0,0;  0,0; 20,0; 18,0; 10,3;  0,0;  0,0;  0,0;  0,0; 10,4;  0,0;  0,0;  0,0; 30,0; 20,2;  0,0;  0,0;  0,0;  0,0;0,0;40,1;26,0;40,3;235,6
  01/1970; 16,4; 10,2;  0,0;  0,0;  0,0;  0,0;  0,0; 30,0;  0,0;  0,0;  0,0;  0,0;  0,0;  0,0; 70,4;  0,0;  0,0; 30,0; 20,0; 60,2;  0,0;  0,0;  0,0;  0,0;  0,0;  0,0;  0,0;  0,0;0,0;20,0;28,0;70,4;285,2
  02/1970;  0,0; 10,4;  0,0; 20,0;  0,0;  0,0; 20,4;  0,0; 20,0; 38,0;  0,9; 30,2; 40,0; 38,0; 20,3; 30,1; 40,3; 30,0; 18,4; 40,3; 18,4;  0,0; 10,0;  0,0;  0,0;  0,0;  0,0;  0,0;---;---;---;40,3;425,7
  03/1970;  0,8;  0,0; 10,4;  0,0;  0,0;  0,0;  0,0;  0,0;  0,0;  0,0;  0,0;  0,0; 20,0; 20,3;  0,0; 40,0;  0,0;  0,0;  0,0;  0,0;  0,0; 30,0;  0,0;  0,0;  0,0;  0,0; 20,3;  0,0;0,0;0,0;10,0;40,0;151,8
  04/1970;  0,0;  0,0;  0,0;  0,0;  0,0;  0,0;  0,0;  0,0;  0,0; 10,2;  0,8;  0,0;  0,0;  0,0;  0,0;  0,0;  0,0;  0,0;  0,0;  0,0;  0,0;  0,0;  0,0;  0,0;  0,0;  0,0;  0,0;  0,0;7,2;0,0;---;10,2;18,2
  05/1970;  0,0; 20,5;  0,0;  0,0;  0,0;  0,0;  0,0;  0,0;  0,0;  0,0;  0,0;  0,0;  7,2;  0,0;  0,0;  0,0;  0,0;  0,0;  0,0;  0,0;  0,0;  0,0;  0,0;  0,0;  0,0;  0,0;  0,0;  0,0;0,0;0,0;0,0;20,5;27,7
  06/1970;  0,0;  0,0;  0,0;  0,0;  0,0;  0,0;  0,0;  0,0;  0,0;  0,0;  0,0;  0,0;  0,0;  0,0;  0,0;  0,0;  0,0;  0,2;  0,0;  0,0;  0,0;  0,0; 25,1;  6,3;  0,0;  4,1;  0,0;  0,0;7,2;0,0;---;25,1;42,9
  07/1970;  0,0;  0,0;  0,0;  0,0;  0,0;  0,0;  0,0;  0,0;  0,0;  0,0; 10,4;  0,7; 19,5;  0,0;  0,0;  0,0;  0,0;  0,0;  0,0;  0,0;  0,0;  0,0;  0,0;  0,0;  0,0;  0,0;  0,0;  0,0;0,0;0,0;0,0;19,5;30,6
  08/1970;  0,0;  0,0;  0,0;  0,0;  0,0;  0,0;  0,0;  0,0;  0,3;  0,4;  0,2;  0,0;  0,0;  0,0;  0,0;  0,0;  0,0;  0,0;  0,0;  0,0;  0,0;  0,0;  0,0;  0,0; 15,4; 27,1;  0,0;  0,0;10,1;20,3;0,6;27,1;74,4
  09/1970;  0,0;  0,0;  0,0;  0,0;  0,0; 19,7;  0,5;  0,0; 10,3;  0,0;  0,0;  0,0;  0,0;  0,0;  0,0;  0,0;  0,0;  0,0; 16,5;  0,0;  0,0;  0,0;  0,0;  0,0;  0,0;  0,0;  0,0;  0,0;24,3;0,0;---;24,3;71,3
  10/1970;  0,0;  9,0; 25,1;  0,0;  0,0;  0,0;  0,0;  0,0; 18,3;  0,0;  0,0; 35,2;  0,0;  0,0;  0,0; 10,0;  0,0;  0,0;  0,0;  0,0;  0,0;  0,0;  0,0;  0,0;  0,0;  0,0;  0,0;  0,0;10,0;0,0;0,0;35,2;107,6
  11/1970;  0,0;  0,0;  0,0;  0,0;  0,0;  0,0; 20,4; 57,0;  0,0;  0,0;  0,0;  0,0;  0,0; 30,0;  0,0;  0,0;  0,0;  0,0;  0,0;  0,0;  0,0;  0,0;  0,0;  0,0;  0,0;  0,0;  0,0;  9,3;26,7;10,5;---;57,0;153,9
  12/1970;  0,0;  0,0;  0,0;  0,0;  0,0;  0,0;  0,0;  0,0;  0,0; 35,7;  0,0;  0,0; 60,3;  0,0;  0,0;  0,0;  0,0; 40,3; 18,0; 25,0;  0,0;  0,0;  0,0; 10,4;  0,0;  0,0;  0,0;  0,0;0,0;0,0;0,0;60,3;189,7
  01/1971; 30,4; 17,0;  0,0; 10,0; 24,6;  9,4;  0,0;  0,0;  0,0;  0,0;  0,0;  0,0;  0,0; 18,6;  0,0;  0,0;  0,0;  0,0;  0,0;  0,0; 39,4;  7,3;  0,0;  0,0;  0,0;  0,0;  0,0;  0,0;18,3;25,1;1,3;39,4;201,4
  02/1971;  0,0;  0,0;  0,0;  0,0; 17,3;  0,0;  0,0;  0,0;  0,0;  0,4;  0,0;  0,0;  0,9; 10,4;  0,0;  0,0;  0,0;  0,0;  0,8; 15,3; 20,0;  0,0;  0,0;  0,0; 60,4; 17,5; 11,2;  0,0;---;---;---;60,4;154,2
  03/1971;  0,0;  0,0;  0,0;  0,0;  0,0; 40,2;  0,0;  0,0;  0,0;  0,0;  0,0;  9,3;  0,0;  0,0;  0,0;  0,0;  0,0;  0,0;  0,0;  0,0; 14,7;  0,0;  0,0;  0,8;  0,0;  0,0;  0,0; 30,1;0,0;0,0;0,0;40,2;95,1
  04/1971;  0,0;  0,0;  0,0;  0,0;  0,0;  0,0;  0,0;  0,0;  0,0; 27,3; 15,1;  0,0;  0,0;  0,0;  0,0;  0,0; 30,7;  0,0;  0,0;  0,0;  0,0;  0,0;  0,0; 24,0;  0,0;  0,0;  0,0;  0,0;0,0;0,0;---;30,7;97,1
  05/1971;  0,0;  0,0; 18,9;  0,0;  0,0;  0,0;  0,0;  0,0;  0,0;  0,0;  0,0;  0,0;  0,0;  0,0;  0,0;  0,0;  0,0;  0,0;  0,0;  0,0;  0,0;  0,0;  0,0;  0,0;  0,0; 37,2;  0,0;  0,0;0,0;0,0;0,0;37,2;56,1
  06/1971;  0,0;  0,0;  0,0;  0,0;  0,0;  0,0;  0,0;  0,0;  0,0;  0,0;  9,4; 26,4; 17,3; 10,9; 20,7; 10,8;  0,9; 18,7; 34,4; 20,8;  0,0;  0,0;  0,6;  0,0;  0,0;  0,0;  0,0;  0,0;0,0;0,0;---;34,4;170,9
  07/1971;  0,0;  0,0;  0,0;  0,0;  0,0;  0,0;  0,0;  0,0;  0,0;  0,0;  0,0;  0,0;  0,0;  0,0;  0,0;  0,0;  0,0;  0,0;  0,0;  0,0;  0,0;  0,0;  0,0;  0,0;  0,0;  0,0;  0,0;  0,0;0,0;0,0;0,0;0,0;0,0
