PREFIXO: ;D2-078
NOME DO POSTO: ;REPRESA
MUNICÍPIO: ;PIQUETE
CURSO D'ÁGUA: ;PIQUETE,RIB
LATITUDE: ;22°36'00"
LONGITUDE: ;45°13'00"
 
Obs: valores com --- representam dados inexistentes.
 
Dados de chuva (mm)
 
Mês/Ano;1;2;3;4;5;6;7;8;9;10;11;12;13;14;15;16;17;18;19;20;21;22;23;24;25;26;27;28;29;30;31;Chuva máxima;Chuva total
  07/1961;  0,0;  0,0;  0,0;  0,0;  0,0;  0,0;  0,0;  0,0;  0,3;  2,2;  0,0;  0,0;  0,0;  0,0;  0,0;  0,0;  0,0;  0,0;  0,0;  0,0;  0,0;  0,0;  0,0;  0,0;  0,0;  0,0;  0,0;  0,0;4,2;2,1;0,0;4,2;8,8
  08/1961;  0,0;  0,0;  0,0;  0,0;  0,0;  0,0;  0,0;  0,0;  0,0;  0,0;  0,0;  0,0;  0,0;  0,0;  0,0;  0,0;  0,0;  0,0;  0,0;  0,0;  0,0;  0,0;  0,0;  0,0;  0,0;  0,0; 16,8;  0,0;0,0;0,0;0,0;16,8;16,8
  09/1961;  0,0;  0,0;  0,0;  0,0;  0,0;  0,0;  0,6;  0,4;  0,0;  0,0;  0,0;  0,0;  0,0;  0,0;  0,0;  0,0;  0,0;  0,0;  0,0;  0,0;  0,0;  0,0;  0,0;  3,1;  0,0;  0,0;  0,0;  0,0;0,0;0,0;---;3,1;4,1
  10/1961;  1,2;  0,0;  0,0;  0,0;  0,0;  0,0;  0,0;  0,0;  0,0;  0,0;  0,0;  5,2;  0,0;  0,0;  0,0; 29,1;  2,1; 13,7;  2,4;  0,0; 14,2;  0,0;  0,0;  9,7;  0,0;  7,2;  2,7;  0,2;0,0;1,4;0,0;29,1;89,1
  11/1961;  0,0;  0,0;  3,8;  0,0;  0,0;  0,0; 25,3;  0,3;  0,0;  0,0;  0,0; 25,9;  8,4;  1,9; 20,7;  2,2;  0,0;  0,0;  0,0;  0,0;  0,0;  0,0;  5,3;  4,4;  2,4; 35,9;  0,0;  2,4;3,6;0,0;---;35,9;142,5
  12/1961;  0,0; 21,0; 19,8; 23,3;  4,6; 27,5; 13,1; 11,0;  7,2; 14,1;  0,0; 17,2; 17,5;  3,2;  3,2;  0,0;  3,4;  7,3;  2,4;  0,0;  0,0;  6,3;  0,0;  0,0;  0,0; 15,3; 15,2;  5,8;1,1;6,8;5,8;27,5;252,1
  01/1962;  3,1;  0,0;  1,1; 35,3;  0,0;  0,0;  0,0; 29,7;  5,7;  0,0;  0,2;  0,0;  0,0;  0,0;  0,0; 19,8;  1,6; 31,7; 21,9; 49,5; 35,5;  9,1;  2,1;  2,1;  0,0; 20,7; 25,5;  0,7;2,5;4,7;0,0;49,5;302,5
  02/1962;  1,6;  5,4;  2,0; 20,7; 28,2; 28,0; 29,1;  3,0;  3,0;  6,0;  2,0; 32,7;  1,1;  0,0;  9,0;  5,3; 32,7;  0,0;  0,4;  2,2;  2,0; 25,8;  0,8;  4,4; 25,2;  0,0;  0,4;  0,3;---;---;---;32,7;271,3
  03/1962;  0,0;  0,4; 59,8;  3,0;  0,0; 52,0;  0,2;  0,0;  0,0;  0,0;  5,7;  9,9; 32,7; 49,7; 17,3;  0,1;  0,5;  0,0;  0,0;  0,0;  4,0;  0,0;  0,0;  6,0; 32,7;  0,0;  0,0;  0,0;0,0;0,0;0,0;59,8;274,0
  04/1962;  0,0; 14,0;  0,0; 49,5; 10,3;  0,0;  0,0;  0,0;  0,0;  2,0;  7,0;  0,4;  0,0;  0,4;  0,0;  0,0;  0,4;  2,0;  9,9;  0,3;  0,0;  0,0;  0,0;  0,0;  0,0;  0,0;  0,0;  0,0;0,6;6,4;---;49,5;103,2
  06/1962;  0,0;  0,0;  6,0;  2,0;  5,0; 10,0;  1,0;  3,4;  0,0;  0,0;  0,0;  0,0;  0,0;  1,0;  0,0;  0,0;  0,0;  0,0;  0,0;  0,0;  0,0;  0,0;  0,0;  0,0;  0,0;  0,0;  0,0;  0,0;0,0;0,0;---;10,0;28,4
  07/1962;  0,0;  0,0;  0,0;  0,0;  0,0;  0,0;  0,0;  0,0;  0,0;  0,0;  0,0;  0,0;  0,0;  0,0;  0,0;  0,0;  0,0;  0,0;  0,0;  8,4;  1,6;  0,0;  0,0;  0,0;  2,0;  1,0;  0,0;  0,0;0,0;0,0;0,0;8,4;13,0
  08/1962;  2,4;  1,0;  0,0;  0,0;  0,0;  0,0;  0,0;  0,0;  0,0;  0,0;  0,0;  2,4;  0,0;  0,0;  0,0;  0,0;  0,0;  0,0;  0,0;  0,0;  0,0;  0,0; 18,3;  0,0;  0,0;  0,0;  0,0;  0,0;0,0;0,0;0,0;18,3;24,1
  09/1962;  3,0;  0,0;  0,0;  0,0;  0,0;  0,0;  0,0;  0,9;  0,9;  5,0;  2,0;  0,8;  7,0;  2,3;  0,3;  0,0;  0,0;  0,0;  0,0;  0,0;  0,0; 19,8; 34,8;  0,8;  0,0;  0,0;  0,0;  0,0;0,0;0,0;---;34,8;77,6
  10/1962;  0,0;  2,0;  9,9;  0,0;  0,0;  0,0;  0,0;  0,0; 19,8;  9,9;  6,2; 49,5;  9,9;  0,8;  0,0;  1,0;  0,0;  0,0;  3,0;  9,9;  7,0;  2,0;  2,0;  0,8; 29,7;  7,0;  0,0;  0,0;9,9;19,8;19,8;49,5;219,9
  11/1962;  9,0;  0,0;  0,0;  0,0;  0,0;  0,0;  2,0; 19,8; 19,8; 13,9; 39,6;  9,9;  1,0;  0,0;  0,0;  0,0;  0,0; 19,8;  0,0;  3,0;  5,0; 19,8; 19,8;  0,0;  9,9;  0,0;  0,0;  0,0;0,0;0,0;---;39,6;192,3
  12/1962;  9,9; 19,8;  2,0;  8,0;  5,0; 29,7;  9,9;  3,0;  1,0;  6,0; 19,8; 20,8; 10,9; 48,5;  9,9;  0,0;  7,0;  3,0;  9,9; 19,8;  9,9;  0,0; 19,8; 49,5;  0,0;  0,0;  5,0; 19,8;19,8;19,8;7,0;49,5;394,5
  01/1963; 10,9;  8,0;  9,9;  0,0;  0,0;  0,0;  0,0;  0,0;  0,0;  0,0;  0,0; 19,8;  6,2;  0,0;  0,0; 42,0;  0,0;  9,0;  6,0;  0,0; 19,8;  0,0;  0,0;  6,0;  0,0;  4,0;  0,0;  9,9;0,0;6,0;0,0;42,0;157,5
  02/1963;  0,0; 29,7;  0,0; 19,8;  9,9; 24,8; 19,8;  2,0; 20,8;  0,0;  0,0;  0,0; 19,8; 19,8; 12,9;  0,0;  1,0;  0,0; 29,7;  9,9; 19,8; 20,8;  4,0; 15,9; 19,8;  0,0;  0,0;  0,0;---;---;---;29,7;300,2
  03/1963;  0,0; 19,8;  1,0;  4,0; 19,8; 25,8;  0,0;  1,0;  0,0;  1,0;  0,0;  0,0;  0,0; 13,9;  9,9;  0,0;  0,0;  0,0;  0,0;  0,0;  0,0;  0,0;  0,0;  0,0; 19,8;  0,0;  0,0;  0,0;8,0;19,8;0,0;25,8;143,8
  04/1963;  0,0;  0,0;  0,0;  0,0;  0,0;  0,0;  0,0;  1,0;  0,0;  0,0;  0,0;  3,0;  0,0;  0,0;  0,0;  0,0;  8,0;  0,0;  0,0;  0,0;  0,0;  0,0;  0,0;  0,0;  0,0;  0,0;  0,0;  0,0;14,9;0,0;---;14,9;26,9
  05/1963;  0,0;  0,0;  0,0;  0,0;  0,0;  0,0;  0,0;  0,0;  0,0;  0,0;  0,0;  0,0;  0,0;  0,0;  0,0;  0,0;  7,0; 33,7;  2,0;  0,0;  0,0;  0,0;  0,0;  0,0;  0,0;  0,0;  0,0;  0,0;0,0;0,0;0,0;33,7;42,7
  06/1963;  0,0;  1,0;  0,0;  0,0;  0,0;  0,0;  0,0;  0,0;  0,0;  0,0;  0,0;  0,0;  0,0;  0,0;  0,0;  0,0;  0,0;  0,0;  0,0;  0,0;  0,0;  0,0;  0,0;  0,0;  0,0;  0,0;  0,0;  0,0;0,0;0,0;---;1,0;1,0
  07/1963;  0,0;  0,0;  0,0;  0,0;  4,0;  0,0;  0,0;  0,0;  0,0;  0,0;  0,0;  0,0;  0,0;  0,0;  0,0;  0,0;  0,0;  0,0;  0,0;  0,0;  0,0;  0,0;  0,0;  2,0;  0,0;  0,0;  0,0;  0,0;0,0;0,0;0,0;4,0;6,0
  08/1963;  0,0;  0,0;  0,0;  0,0;  0,0;  1,0;  1,0;  0,0;  0,0;  0,0;  0,0;  0,0;  0,0;  0,0;  0,0;  0,0;  9,9; 11,9;  0,0;  0,0;  0,0;  0,0;  0,0;  0,0;  0,0;  0,0;  0,0;  0,0;0,0;0,0;0,0;11,9;23,8
  09/1963;  0,0;  0,0;  0,0;  0,0;  0,0;  0,0;  0,0;  0,0;  0,0;  0,0;  0,0;  0,0;  0,0;  0,0;  0,0;  0,0;  0,0;  0,0;  0,0;  0,0;  0,0;  0,0;  0,0;  0,0;  0,0;  0,0;  0,0;  0,0;0,0;0,0;---;0,0;0,0
  10/1963;  1,0;  1,0;  1,0;  0,0;  2,0;  0,0;  0,0;  0,0;  0,0;  0,0;  0,0;  0,0;  0,0;  0,0;  7,0;  0,0;  7,0; 18,9;  0,0;  8,0;  0,0; 49,5;  5,0;  9,9;  2,0;  0,0;  7,0; 16,9;0,0;0,0;0,0;49,5;136,2
  11/1963;  0,0;  6,0;  9,0;  1,0;  0,0;  0,0;  3,0;  5,0;  9,0; 24,8; 26,8;  0,0;  0,0; 52,5; 29,7;  1,0;  0,0;  0,0;  0,0;  0,0; 19,8;  2,0;  0,0;  0,0;  0,0;  0,0;  0,0; 32,7;5,0;0,0;---;52,5;227,3
  12/1963; 36,9;  0,0;  0,0;  0,0;  0,0;  0,0;  3,0;  8,0;  2,0;  9,9; 15,9;  1,0;  0,0;  4,0;  0,0;  0,0;  0,0;  0,0;  7,0; 29,7; 16,9;  0,0;  0,0;  0,0;  0,0;  0,0;  0,0;  0,0;5,0;29,7;49,5;49,5;218,5
  03/1964; 13,9; 32,7;  0,0;  0,0;  0,0;  0,0;  5,0;  4,0;  6,0;  0,0;  0,0;  0,0;  0,0;  0,0;  8,0;  7,0;  1,0;  0,0;  3,1;  0,0;  0,0;  0,0;  0,0;  0,0;  0,0;  0,0;  0,0;  0,0;0,0;7,0;5,0;32,7;92,7
  04/1964; 31,7; 21,8;  7,0;  4,0;  6,0;  4,0;  0,0;  0,0;  0,0;  0,0;  2,0;  1,0;  0,0;  0,0;  0,0;  0,0;  0,0; 10,9;  0,0;  3,0;  0,0;  0,0;  0,0;  0,0;  0,0;  6,0;  0,0;  0,0;14,9;0,0;---;31,7;112,3
  05/1964; 21,8;  1,0;  0,0;  0,0;  0,0; 15,9;  0,0;  0,0;  0,0;  0,0;  0,0;  0,0;  0,0;  9,0;  4,0;  0,0;  0,0;  0,0;  0,0;  0,0;  0,0;  0,0;  3,0;  0,0;  0,0;  0,0;  0,0;  0,0;2,0;4,0;0,0;21,8;60,7
  06/1964;  0,0;  0,0;  0,0;  0,0;  0,0;  0,0;  0,0;  0,0;  0,0;  0,0;  0,0;  0,0;  0,0;  0,0;  0,0;  5,0;  0,0;  0,0;  0,0;  0,0;  0,0;  0,0;  0,0;  0,0;  0,0;  7,0;  9,9;  3,0;2,0;9,0;---;9,9;35,9
  07/1964;  1,0;  3,0; 14,9; 26,8;  3,0;  1,0;  0,0;  0,0;  0,0;  2,0;  0,0;  0,0;  0,0;  0,0;  0,0;  0,0;  4,0;  3,0;  0,0;  3,0;  0,0;  0,0;  0,0;  0,0;  0,0;  2,0;  0,0;  0,0;0,0;0,0;0,0;26,8;63,7
  08/1964;  0,0;  0,0;  0,0;  9,9;  7,0;  0,0;  0,0;  0,0;  3,0;  0,0;  0,0;  0,0;  0,0;  0,0;  0,0;  0,0;  0,0;  0,0;  0,0;  7,0;  4,0;  0,0;  5,0;  1,0;  0,0;  0,0;  0,0;  0,0;0,0;0,0;0,0;9,9;36,9
  09/1964;  0,0;  0,0;  6,0;  0,0;  0,0;  0,0;  0,0;  0,0;  0,0;  0,0;  0,0;  1,0;  1,0;  0,0;  0,0;  0,0;  0,0;  0,0;  0,0;  0,0;  0,0;  0,0;  0,0;  0,0;  2,0; 12,9;  3,0;  1,0;0,0;0,0;---;12,9;26,9
  10/1964; 18,9;  1,0; 27,8; 41,6;  4,0;  6,0;  9,9;  2,0;  7,0;  0,0;  2,0;  2,0;  8,0;  0,0;  0,0;  0,0;  0,0;  8,0;  0,0;  8,0;  9,0;  0,0;  0,0;  0,0;  2,0;  1,0; 17,9;  0,0;0,0;0,0;8,0;41,6;184,1
  11/1964;  2,0; 17,9;  9,9;  1,0;  0,0; 24,8;  1,0;  0,0;  0,0;  9,0;  0,0;  0,0;  0,0;  0,0;  0,0;  0,0;  7,0;  0,0; 45,6;  2,0; 25,8;  3,0;  0,0;  7,0;  0,0;  3,0;  0,0;  0,0;0,0;0,0;---;45,6;159,0
  12/1964; 42,6; 29,7;  4,0; 16,4;  2,0;  0,0;  0,0;  0,0; 11,9;  0,0;  2,0;  0,0;  3,0; 39,6; 15,9;  1,0;  0,0;  8,0; 11,9;  0,0;  0,0;  2,0; 24,8;  7,0;  2,0;  1,0; 13,9; 26,8;3,0;8,0;4,0;42,6;280,5
  01/1965;  1,0; 22,8;  2,0;  6,0; 31,7;  6,0;  3,0;  0,0; 24,8; 22,8; 13,9;  0,0;  0,0;  5,0;  9,9; 13,9;  0,0;  0,0;  1,0; 59,4;  3,0; 13,9; 12,9;  1,0; 19,8;  8,0;  0,0; 28,8;7,0;3,0;0,0;59,4;320,6
  02/1965;  8,0; 23,8;  0,0;  0,0;  3,0;  2,0;  2,0;  0,0; 22,8; 59,4;  1,0;  0,0;  4,0;  2,0;  4,0;  3,0; 29,7; 11,9;  1,0;  0,0;  6,0;  9,0; 12,9; 21,8; 13,9; 93,6;  3,0;  3,0;---;---;---;93,6;340,8
  03/1965;  0,0;  0,0;  9,9;  1,0;  0,0;  0,0;  6,0; 21,8;  3,0;  9,9; 17,9;  0,0;  0,0;  0,0;  0,0;  0,0;  1,0; 19,8;  3,0; 11,9;  2,0;  1,0;  3,0;  0,0;  0,0;  0,0;  5,0;  0,0;0,0;0,0;0,0;21,8;116,2
  04/1965;  2,0;  0,0;  0,0;  0,0;  0,0;  0,0;  0,0;  0,0;  0,0; 17,9;  5,0;  0,0;  0,0;  1,0;  7,0;  0,0;  0,0;  0,0;  0,0;  4,0;  0,0;  5,0;  0,0;  0,0;  0,0;  0,0;  0,0;  6,0;45,6;6,0;---;45,6;99,5
  05/1965; 11,9;  6,0;  0,0;  0,0;  0,0;  0,0;  0,0;  0,0;  0,0;  0,0;  0,0;  9,0;  1,0;  0,0;  2,0;  2,0; 13,9; 26,8; 18,9;  6,0;  0,0;  0,0;  0,0;  0,0;  0,0;  0,0;  0,0;  0,0;0,0;0,0;0,0;26,8;97,5
  06/1965;  0,0;  0,0;  0,0;  5,0;  0,0;  0,0;  0,0;  0,0;  0,0;  0,0;  0,0;  0,0;  0,0;  0,0;  2,0;  0,0;  2,0;  9,9;  0,0;  0,0;  0,0;  0,0;  0,0;  0,0;  4,0;  0,0;  0,0;  0,0;0,0;0,0;---;9,9;22,9
  07/1965;  0,0;  0,0;  0,0;  0,0;  1,0;  8,0;  9,9;  2,0;  4,0;  9,9;  2,0;  0,0;  0,0;  0,0;  0,0;  6,0;  1,0;  0,0;  0,0;  0,0;  0,0;  0,0;  1,0;  0,0;  0,0;  0,0;  0,0;  0,0;0,0;0,0;0,0;9,9;44,8
  08/1965;  4,0;  0,0;  0,0;  0,0;  4,0;  2,0;  0,0;  4,0;  0,0;  0,0;  0,0;  0,0;  0,0;  0,0;  0,0;  0,0;  0,0;  0,0;  0,0;  5,0;  0,0;  0,0;  0,0;  0,0;  0,0;  0,0;  0,0;  0,0;0,0;0,0;0,0;5,0;19,0
  09/1965;  0,0;  0,0;  0,0;  0,0;  0,0;  0,0;  0,0;  0,0;  0,0;  0,0;  0,0;  0,0;  1,0;  1,0;  0,0;  0,0;  0,0;  0,0;  0,0;  6,0;  3,0;  0,0;  0,0;  0,0;  0,0; 31,7;  9,9;  0,0;0,0;0,0;---;31,7;52,6
  10/1965; 12,9; 54,5;  7,0;  0,0;  0,0;  0,0;  0,0;  0,0;  5,0;  5,0;  2,0;  1,0;  0,0;  0,0;  3,0;  0,0;  0,0;  0,0;  0,0;  3,0; 45,6;  0,0;  5,0;  0,0;  2,0; 15,9;  8,0;  0,0;19,8;32,7;9,9;54,5;232,3
  11/1965;  4,0;  0,0;  0,0;  0,0;  0,0;  7,0;  1,0; 21,8;  2,0;  6,0;  0,0;  0,0;  0,0;  4,0; 22,8; 12,9;  9,9;  2,0;  0,0;  0,0;  0,0;  0,0;  1,0;  0,0;  0,0; 13,9;  9,9;  9,0;5,0;51,5;---;51,5;183,7
  12/1965;  8,0; 12,9;  9,0;  4,0;  8,0;  0,0;  4,0;  9,9;  3,0; 49,5; 11,9; 25,8;  3,0;  0,0; 22,8;  3,0;  2,0;  0,0;  0,0;  2,0;  3,0;  5,0;  8,0;  0,0; 19,8;  1,0;  0,0;  7,0;26,8;0,0;12,9;49,5;262,3
  01/1966;  9,0;  2,0;  4,0;  9,0; 23,8; 35,7;  9,0; 11,9;  9,0; 22,8; 11,9; 13,9; 61,4; 35,7;  3,0;  0,0;  0,0;  0,0;  0,0;  0,0;  0,0;  0,0;  0,0;  0,0;  3,0;  0,0;  0,0;  1,0;33,7;0,0;0,0;61,4;299,8
  02/1966; 23,8;  3,0;  6,0;  0,0;  1,0;  0,0;  0,0;  0,0;  0,0;  1,0;  6,0;  0,0;  0,0;  0,0;  0,0;  0,0;  0,0;  0,0;  0,0; 12,9;  2,0; 25,8; 23,8; 65,4;  0,0; 22,8;  3,0;  0,0;---;---;---;65,4;196,5
  03/1966;  0,0; 16,9;  4,0; 19,8; 13,9;  1,0; 89,1; 15,9; 18,9; 56,5;  1,0;  9,0;  0,0; 11,9;  0,0;  0,0;  0,0;  0,0;  1,9;  0,0;  0,0;  0,0;  0,0;  0,0;  0,0;  0,0; 27,8;  3,0;9,9;0,0;0,0;89,1;300,5
  04/1966;  0,0;  9,0;  3,0; 29,7;  9,9;  6,0;  6,0; 11,9;  7,0;  9,0;  2,0;  1,0;  0,0;  0,0;  0,0;  0,0;  0,0;  0,0;  0,0;  0,0;  0,0;  0,0;  0,0;  0,0;  0,0;  0,0;  0,0;  0,0;0,0;0,0;---;29,7;94,5
  05/1966;  0,0;  0,0;  0,0;  0,0; 69,3; 27,8;  2,0;  0,0;  0,0;  0,0;  0,0;  9,9;  0,0;  0,0;  3,0;  0,0;  0,0;  0,0;  0,0;  0,0;  0,0;  0,0;  3,0;  5,0;  0,0;  0,0;  0,0;  0,0;0,0;0,0;0,0;69,3;120,0
  06/1966;  0,0;  0,0;  0,0;  0,0;  0,0;  0,0;  0,0;  0,0;  0,0;  0,0;  0,0;  0,0;  0,0;  0,0;  0,0;  0,0;  0,0;  0,0;  0,0;  0,0;  0,0;  0,0;  0,0;  0,0;  0,0;  0,0;  0,0;  0,0;0,0;0,0;---;0,0;0,0
  07/1966;  7,0;  0,0;  4,0;  2,0;  0,0;  0,0;  0,0;  2,0;  0,0;  0,0;  0,0;  0,0;  0,0;  0,0;  0,0;  0,0;  0,0;  0,0;  0,0;  0,0;  0,0;  0,0;  1,0;  5,0;  4,0;  1,0;  0,0;  0,0;0,0;0,0;2,0;7,0;28,0
  08/1966; 17,9;  4,0;  0,0;  0,0;  0,0;  0,0;  0,0;  0,0;  0,0;  0,0;  0,0;  0,0;  0,0;  0,0;  0,0;  6,0;  6,0;  1,0;  0,0;  0,0;  0,0;  0,0;  0,0; 21,8;  0,0; 33,7;  0,0;  0,0;0,0;0,0;0,0;33,7;90,4
  09/1966;  0,0;  6,0;  3,0;  2,0;  3,0;  0,0;  0,0;  0,0;  0,0;  0,0;  0,0;  0,0;  0,0;  0,0;  0,0;  0,0;  3,0;  0,0;  0,0;  0,0; 14,9;  0,0;  0,0;  0,0;  0,0;  0,0;  0,0;  0,0;19,8;0,0;---;19,8;51,7
  10/1966;  0,0;  0,0;  0,0;  0,0;  1,0;  2,0; 12,9; 42,6; 13,9;  1,0;  0,0;  0,0;  2,0;  2,0;  0,0;  0,0;  1,0;  1,0; 32,7;  0,0;  0,0;  0,0; 15,9;  0,0;  0,0;  0,0;  0,0;  9,9;5,0;14,9;1,3;42,6;159,1
  11/1966;  0,1; 19,8; 23,8; 22,8;  0,0;  1,0;  0,0;  7,0;  0,0; 12,9; 11,9;  0,0;  9,9; 12,9;  8,0; 45,6; 11,9; 45,6; 19,8;  0,0;  0,0;  6,0; 14,9; 14,9;  0,0;  0,0;  0,0; 11,9;0,0;0,0;---;45,6;300,7
  12/1966;  0,0;  3,0;  2,0; 13,9;  0,0;  5,0;  0,0;  7,0; 10,9;  0,0;  0,0;  3,0;  4,0; 19,8;  4,0;  6,0;  5,0; 41,6;  0,0;  6,0; 23,8;113,9; 63,4; 79,2; 19,8;  2,0;  5,0; 40,6;0,0;0,0;2,0;113,9;480,9
  01/1967;  0,0;  0,0; 39,6;  0,0; 44,6; 29,7; 29,7;  2,0;  3,0; 16,9; 11,9; 97,1;  9,9;  3,0;  0,0;  8,0; 15,9;  9,9;  7,0;  8,0; 11,9;  0,0;  2,0; 12,0;  1,0;  3,0;  5,0;  9,0;7,0;5,0;23,8;97,1;415,9
  02/1967;  5,0;  4,0;  2,0; 19,8; 16,9;  2,0;  4,0;  9,9;  2,0;  0,0;  6,0; 16,9;  0,0;  0,0;  4,0;  0,0;  0,0;  6,0; 28,8; 17,9; 23,8;  0,0;  0,0;  0,0;  0,0;  0,0;  0,0;  0,0;---;---;---;28,8;169,0
  03/1967;  0,0;  7,0;  8,0; 12,9;  0,0; 15,9;  0,0;  0,0;  5,0; 12,9;  3,0;  0,0;  0,0;  0,0;  6,0; 24,8; 11,9;  2,0; 40,6; 19,8;  0,0; 18,9;  0,0;  0,0; 29,7; 86,2;  0,0; 13,9;12,9;0,0;6,0;86,2;337,4
  04/1967; 22,8;  2,0;  0,0; 87,2;  0,0;  0,0;  0,0;  0,0;  0,0;  0,0;  0,0;  0,0;  0,0;  0,0;  0,0;  0,0;  6,0;  0,0;  5,0;  0,0;  0,0;  0,0;  0,0;  0,0;  0,0;  3,0;  1,0;  0,0;0,0;0,0;---;87,2;127,0
  05/1967;  0,0;  0,0;  0,0;  0,0;  0,0;  0,0;  0,0;  0,0;  0,0;  0,0;  0,0;  0,0;  0,0;  0,0;  0,0;  0,0;  0,0;  0,0;  0,0;  0,0;  0,0;  0,0;  0,0;  0,0;  0,0;  0,0;  0,0;  0,0;0,0;0,0;0,0;0,0;0,0
  06/1967;  0,0;  0,0;  0,0;  0,0;  0,0;  9,9;  8,0;  0,0;  2,0;  0,0;  0,0;  6,0; 11,9;  8,0;  3,0;  0,0;  0,0;  0,0;  0,0;  0,0;  0,0;  0,0;  0,0;  0,0;  0,0; 19,8;  1,0;  0,0;0,0;0,0;---;19,8;69,6
  07/1967;  0,0;  0,0;  0,0;  0,0;  0,0;  0,0;  0,0;  0,0;  0,0;  0,0;  0,0;  2,0;  0,0;  0,0;  9,0;  0,0;  1,0;  0,0;  0,0;  0,0;  0,0;  0,0;  0,0;  0,0;  0,0;  0,0;  0,0;  0,0;0,0;0,0;0,0;9,0;12,0
  08/1967;  0,0;  0,0;  0,0;  0,0;  0,0; 11,9;  0,0;  0,0;  0,0;  0,0;  0,0;  0,0;  0,0;  0,0;  0,0;  0,0;  0,0;  0,0;  0,0;  0,0;  0,0;  0,0;  0,0;  0,0;  0,0;  0,0;  0,0;  0,0;0,0;0,0;0,0;11,9;11,9
  09/1967;  0,0;  0,0;  0,0;  0,0;  0,0;  0,0;  0,0;  3,0;  5,0;  3,0;  1,0;  4,0;  1,0;  9,9;  9,0;  0,0;  0,0;  0,0;  0,0;  0,0;  1,0;  9,0; 14,9;  0,0;  0,0;  0,0;  4,0;  0,0;0,0;0,0;---;14,9;64,8
  10/1967;  0,0;  0,0;  0,0;  5,0;  0,0;  0,0;  0,0;  0,0;  0,0;  0,0;  0,0; 13,9; 18,9;  6,0;  0,0;  0,0; 11,9;  0,0;  0,0;  0,0;  3,0;  0,0; 11,9; 14,9;  1,0; 13,9; 37,7; 14,9;12,9;9,9;1,0;37,7;176,8
  11/1967;  0,0;  0,0; 13,9;  4,0;  0,0;  0,0;  0,0;  5,0;  0,0; 84,2;  3,0;  0,0; 19,8;  3,0; 69,3;  5,0; 45,6;  0,0;  0,0;  2,0;  0,0;  0,0;  4,0; 16,9;  5,0; 19,8;  8,0; 14,9;9,0;0,0;---;84,2;332,4
  12/1967;  3,0;  0,0;  0,0; 54,5; 84,2;  9,0;  0,0;  0,0; 12,9; 14,9;  4,0;  9,0;  0,0;  0,0;  0,0;  0,0; 29,7; 13,9;  5,0;  0,0;  9,0; 10,9; 11,9;  3,0;  0,0;  0,0; 28,8; 19,8;18,9;2,0;22,8;84,2;367,2
  01/1968;  4,0;  2,0;  3,0; 14,9;  9,0; 14,9;  0,0;  5,0;  0,0;  0,0;  3,0; 10,9;  7,0;  9,0;  1,0; 11,9;  0,0;  2,0;  1,0;  7,0;  0,0; 29,7;  0,0; 21,8;  2,0;  0,0;  0,0;  0,0;0,0;0,0;0,0;29,7;159,1
  02/1968;  3,0;  5,0;  4,0;  0,0;  0,0;  0,0; 11,9;  0,0;  0,0;  0,0;  2,0;  0,0;  0,0;  0,0;  0,0; 29,8; 39,6;  0,0;  0,0;  0,0;  0,0;  0,0; 42,6; 49,5; 12,9;  3,0;  4,0;  6,0;11,9;---;---;49,5;225,2
  03/1968;  2,0;  0,0; 11,9; 24,8;  9,0;  0,0;  0,0;  0,0; 13,9; 21,8;  6,0;  4,0;  0,0; 36,7; 12,9;  0,0; 15,9;  0,0;  3,0;  0,0;  0,0;  0,0;  0,0;  0,0;  0,0;  0,0;  0,0;  0,0;12,9;16,9;0,0;36,7;191,7
  04/1968;  7,0;  5,0;  2,0;  0,0;  1,0; 15,9;  0,0;  0,0;  0,0;  0,0;  0,0;  0,0;  2,0;  0,0;  0,0;  0,0;  0,0;  0,0;  0,0;  5,0;  3,0;  5,0;  0,0;  0,0;  0,0;  0,0;  0,0;  0,0;0,0;0,0;---;15,9;45,9
  05/1968;  0,0;  0,0;  0,0;  0,0;  0,0;  0,0;  0,0;  0,0;  0,0;  0,0;  4,0;  0,0;  0,0;  0,0;  0,0; 28,8;  0,0;  0,0;  0,0;  0,0;  0,0;  0,0;  1,0;  0,0;  0,0;  0,0;  0,0;  0,0;0,0;0,0;0,0;28,8;33,8
  06/1968;  0,0;  0,0;  0,0;  0,0;  0,0;  0,0;  0,0;  0,0;  0,0;  0,0;  0,0;  0,0;  0,0;  0,0;  0,0;  0,0;  0,0;  0,0;  0,0;  0,0;  2,0;  0,0;  0,0;  0,0;  0,0;  0,0;  0,0;  0,0;0,0;0,0;---;2,0;2,0
  07/1968;  0,0;  0,0;  0,0;  0,0;  0,0;  0,0;  0,0;  0,0;  0,0;  3,0;  0,0;  0,0;  0,0;  0,0;  0,0;  0,0;  0,0;  0,0;  0,0;  0,0;  0,0;  9,9;  0,0;  0,0;  0,0;  0,0;  0,0;  0,0;0,0;0,0;0,0;9,9;12,9
  08/1968;  0,0;  0,0;  0,0;  0,0;  4,0;  6,0;  0,0;  0,0; 11,9;  2,0;  0,0;  0,0;  0,0;  0,0;  0,0;  0,0;  0,0;  0,0;  0,0;  0,0;  0,0;  0,0;  0,0;  8,0;  0,0;  0,0;  0,0;  0,0;0,0;0,0;2,0;11,9;33,9
  09/1968;  4,0;  0,0;  3,0; 35,7;  2,0;  0,0;  0,0;  0,0;  0,0;  0,0;  0,0;  0,0;  0,0;  0,0;  0,0;  0,0;  0,0;  0,0;  0,0;  0,0;  2,0; 14,9;  0,0;  0,0;  0,0;  0,0;  0,0;  0,0;0,0;0,0;---;35,7;61,6
  10/1968;  6,0; 16,9;  0,0;  0,0;  0,0;  0,0;  0,0;  0,0;  0,0;  7,0;  2,0;  4,0;  5,0; 18,9;  0,0;  1,0;  9,9;  2,0;  0,0;  0,0;  0,0;  9,9;  8,0;  5,0;  4,0;  0,0;  0,0;  0,0;0,0;0,0;24,8;24,8;124,4
  11/1968;  0,0;  0,0;  8,0;  0,0; 15,9;  0,0;  0,0;  0,0;  0,0;  0,0;  0,0;  0,0;  0,0;  0,0;  0,0;  0,0;  0,0; 14,9; 24,8;  0,0;  0,0;  0,0;  0,0;  0,0;  0,0;  0,0;  0,0;  9,9;44,6;11,9;---;44,6;130,0
  12/1968;  9,0;130,7; 15,9;  8,0;  4,0;  4,0;  0,0;  0,0; 21,8;  2,0;  0,0;  0,0;  0,0;  0,0;  0,0;  0,0; 22,8;  0,0; 39,6;  0,0;  0,0;  0,0;  0,0;  0,0;  0,0;  3,0; 11,9;  5,0;39,6;5,0;0,0;130,7;322,3
  01/1969;  0,0;  0,0;  0,0;  9,0;  9,9;  0,0;  0,0; 11,9; 13,9;  2,0;  0,0;  0,0;  9,0; 33,7;  2,0;  4,0;  1,0; 27,8;  1,0;  0,0; 18,9;  6,0; 13,9; 37,7;  0,0;  0,0;  8,0; 84,2;4,0;0,0;0,0;84,2;297,9
  02/1969;  0,0;  0,0; 12,9; 16,9;  0,0;  0,0;  0,0;  3,0;  0,0;  0,0;  0,0;  0,0; 44,6;  0,0;  4,0;  0,0;  0,0;  1,0;  0,0; 57,5; 17,9;  0,0; 10,9; 37,7;  0,0;  0,0;  0,0;  0,0;---;---;---;57,5;206,4
  03/1969; 31,7;  6,0;  2,0;  0,0;  0,0;  8,0;  0,0;  0,0;  8,0; 17,9;  2,0;  0,0;  0,0; 17,9; 27,8;  0,0;  0,0;  0,0;  0,0;  0,0;  0,0;  0,0;  0,0;  0,0;  0,0;  0,0;  8,0;  0,0;8,0;0,0;39,6;39,6;176,9
  04/1969;  0,0;  7,0; 24,8;  4,0;  0,0; 14,9;  0,0;  0,0; 11,9;  0,0;  2,0;  6,0;  3,0;  0,0;  0,0;  0,0;  0,0;  0,0;  0,0;  0,0;  0,0;  0,0;  2,0;  0,0;  0,0;  0,0;  0,0;  0,0;3,0;0,0;---;24,8;78,6
  05/1969;  0,0;  0,0;  0,0;  0,0;  0,0;  0,0;  0,0;  0,0;  0,0;  0,0;  0,0;  0,0;  0,0;  0,0;  0,0;  0,0;  0,0;  0,0;  0,0;  0,0;  0,0;  0,0;  0,0;  1,0;  0,0;  0,0;  0,0;  0,0;2,0;28,8;3,0;28,8;34,8
  06/1969;  0,0;  9,0;  1,0;  2,0;  0,0;  0,0;  0,0;  0,0;  0,0;  0,0;  0,0;  0,0;  0,0;  0,0;  0,0;  0,0;  0,0;  0,0;  0,0;  0,0;  1,0;  4,0;  0,0;  1,0;  0,0;  0,0;  0,0;  0,0;0,0;0,0;---;9,0;18,0
  07/1969;  0,0;  0,0;  0,0;  0,0;  0,0;  0,0;  0,0;  0,0;  0,0;  1,0;  0,0;  0,0;  0,0;  1,0;  0,0;  0,0;  0,0;  0,0;  0,0;  0,0;  0,0;  0,0;  0,0;  0,0;  0,0;  0,0;  0,0;  0,0;0,0;0,0;0,0;1,0;2,0
  08/1969;  0,0;  0,0; 44,6;  1,0;  0,0;  0,0;  9,0;  2,0;  0,0;  0,0;  0,0;  0,0;  0,0;  0,0;  0,0; 11,9;  0,0;  0,0;  0,0;  0,0;  3,0;  1,0;  0,0;  0,0;  0,0;  0,0;  0,0;  0,0;0,0;0,0;0,0;44,6;72,5
  09/1969;  0,0;  0,0;  0,0;  0,0;  0,0;  1,0;  0,0;  0,0;  0,0;  0,0;  0,0;  0,0;  0,0;  0,0;  8,0;  1,0;  1,0;  0,0;  0,0;  7,0; 15,9;  0,0;  0,0;  0,0;  0,0;  0,0;  0,0;  3,0;0,0;0,0;---;15,9;36,9
  10/1969; 15,9;  2,0;  1,0; 22,8;  0,0;  1,0;  9,0;  1,0;  1,0;  0,0;  0,0;  1,0;  0,0;  0,0;  0,0;  0,0;  0,0;  9,0;  1,0; 59,4;  6,0;  0,0; 12,9; 11,9;  7,0;  0,0;  0,0;  0,0;3,0;0,0;13,9;59,4;178,8
  11/1969;  9,9; 23,8;  4,0;  3,0;  0,0;  2,0;  0,0;  1,0;  7,0; 55,5;  6,0; 11,9;  4,0; 27,8;  2,0;  4,0; 11,9; 12,9;  9,9;  9,0;  9,9;  0,0; 26,8;  6,0;  0,0;  0,0;  0,0;  0,0;0,0;6,0;---;55,5;254,3
  12/1969;  7,0; 32,7;  3,0;  0,0;  0,0;  3,0; 58,5;  9,0;  5,0;  9,9;  0,0;  0,0; 14,9; 54,5;  1,0;  0,0;  0,0;  0,0;  0,0;  0,0;  0,0;  0,0;  0,0;  3,0; 34,7;  3,0; 19,8;  0,0;0,0;0,0;0,0;58,5;259,0
  01/1970;  8,0;  2,0; 36,7;  4,0; 28,8;  0,0; 26,8;  2,0; 29,7; 34,7;  2,0;  0,0;  0,0;  1,0;  0,0; 13,9; 41,6;  4,0; 18,9;  4,0;  0,0; 21,8;  0,0;  0,0;  0,0;  6,0; 21,8; 28,8;0,0;0,0;0,0;41,6;336,5
  02/1970;  0,0;  1,0; 16,9;  0,0;  3,0;  6,0;  0,0;  0,0;  0,0;  0,0; 30,7; 21,8;  3,0;  2,0; 12,9; 36,7;  2,0; 12,9;  9,0; 19,8;  9,0; 13,9;  4,0;  3,0;  0,0;  0,0;  0,0;  0,0;---;---;---;36,7;207,6
  03/1970;  0,0;  0,0;  0,0;  0,0;  0,0;  9,0;  2,0; 13,9;  0,0;  9,0;  0,0;  9,0;  1,0; 21,8; 27,8;  1,0;  2,0;  1,0;  5,0; 18,9;  0,0;  0,0;  0,0;  0,0;  0,0;  8,0;  1,0;  0,0;0,0;0,0;0,0;27,8;130,4
  04/1970;  9,9;  0,0;  0,0;  9,0;  2,0;  1,0;  0,0;  4,0; 25,8;  0,0;  0,0; 89,1;  9,0;  0,0;  0,0;  0,0;  0,0;  0,0;  0,0;  0,0;  0,0;  0,0;  0,0;  0,0;  0,0;  0,0;  0,0;  0,0;19,8;6,0;---;89,1;175,6
  05/1970;  0,0;  0,0; 11,9;  0,0;  0,0;  0,0;  0,0;  0,0;  2,0;  3,0;  0,0;  0,0;  0,0;  0,0;  0,0;  0,0;  0,0;  0,0;  0,0;  0,0;  9,0;  1,0;  0,0;  0,0;  0,0;  0,0;  0,0;  0,0;0,0;0,0;0,0;11,9;26,9
  06/1970;  0,0;  0,0;  0,0;  0,0;  0,0;  0,0;  0,0;  0,0;  0,0;  0,0;  0,0;  0,0;  0,0;  0,0;  0,0;  3,0;  0,0;  0,0;  0,0;  0,0;  0,0;  0,0;  0,0; 11,9; 16,9;  3,0;  2,0;  0,0;0,0;0,0;---;16,9;36,8
  07/1970;  0,0;  0,0;  1,0;  0,0;  0,0;  0,0;  0,0;  0,0; 10,9;  2,0;  1,0;  0,0;  0,0;  2,0;  0,0;  0,0;  0,0;  0,0;  0,0;  0,0;  0,0;  6,0;  9,0;  0,0;  0,0;  3,0; 17,9;  0,0;0,0;0,0;0,0;17,9;52,8
  08/1970;  0,0;  0,0;  0,0;  0,0;  0,0;  0,0;  0,0;  0,0;  7,0;  3,0;  2,0;  0,0;  0,0;  0,0;  0,0;  0,0;  0,0;  0,0;  0,0;  0,0;  0,0;  0,0;  0,0;  0,0;  0,0; 19,8; 34,7; 27,8;4,0;26,8;12,9;34,7;138,0
  09/1970;  0,0;  0,0;  0,0;  0,0;  0,0;  0,0;  7,0;  0,0;  0,0;  2,0; 12,9;  0,0;  0,0;  2,0;  7,0; 22,8;  5,0;  2,0;  0,0;  0,0;  0,0;  0,0; 24,8;  0,0;  2,0;  7,0;  5,0;  0,0;5,0;0,0;---;24,8;104,5
  10/1970;  0,0;  0,0;  1,0; 12,9; 23,8;  0,0;  0,0;  0,0;  6,0;  0,0;  0,0;  0,0;  2,0;  1,0;  0,0;  0,0;  0,0;  0,0;  4,0;  8,0;  0,0;  3,0;  8,0;  9,0;  4,0; 23,8;  2,0;  3,0;1,0;1,0;0,0;23,8;113,5
  11/1970;  0,0;  0,0;  6,0; 14,9;  8,0;  0,0;  0,0; 41,6; 24,8;  5,0;  0,0;  0,0;  2,0; 19,8; 17,9;  0,0;  0,0;  0,0;  5,0;  0,0;  0,0; 12,9;  6,0;  0,0;  0,0;  0,0;  0,0;  3,0;0,0;11,9;---;41,6;178,8
  12/1970;  5,0;  3,0;  0,0;  0,0;  0,0;  0,0;  0,0;  0,0;  0,0;  4,0;  7,0;  9,9; 12,9;  0,0;  7,0; 22,8; 35,7;  0,0;  0,0; 13,9;  4,0;  2,0;  0,0;  0,0;  0,0;  0,0;  0,0;  0,0;0,0;0,0;1,0;35,7;128,2
  01/1971;  1,0; 16,9;  0,0;  0,0;  0,0;  0,0;  1,0;  0,0;  0,0;  1,0;  0,0; 15,9;  2,0;  9,9; 13,9;  1,0;  0,0; 16,8;  1,0;  0,0;  7,0;  8,0;  0,0;  0,0;  0,0;  0,0;  0,0;  0,0;0,0;0,0;0,0;16,9;95,4
  02/1971;  7,0;  1,0;  0,0;  0,0;  0,0;  0,0;  1,0;  0,0;  0,0;  4,0;  0,0;  0,0;  0,0;  0,0;  0,0;  0,0;  0,0;  0,0;  0,0; 16,9; 14,9;  2,0;  1,0;  0,0;  2,0; 13,9;  2,0;  0,0;---;---;---;16,9;65,7
  03/1971;  0,0;  2,0;  1,0;  0,0;  2,0; 74,3; 17,9;  3,0;  0,0; 13,9; 15,9;  8,0; 16,9;  4,0;  0,0;  0,0;  0,0;  0,0;  0,0;  4,0;  2,0;  3,0;  0,0;  1,0;  4,0;  9,9;  4,0; 16,9;8,0;0,0;0,0;74,3;211,7
  04/1971;  1,0; 22,8;  0,0;  0,0;  2,0;  0,0;  0,0;  0,0;  3,0; 21,8;  1,0;  0,0;  1,0;  0,0;  0,0;  1,0;  0,0;  0,0; 11,9;  2,0;  0,0;  6,0;  1,0; 39,6;  1,0;  3,0;  0,0;  0,0;0,0;0,0;---;39,6;118,1
  05/1971;  0,0;  0,0; 11,9;  0,0;  0,0;  0,0;  0,0;  0,0;  0,0;  0,0;  0,0;  0,0;  0,0;  0,0;  0,0;  0,0;  0,0;  0,0;  0,0;  0,0;  0,0;  0,0;  0,0;  0,0;  2,0;  0,0;  0,0;  0,0;4,0;0,0;0,0;11,9;17,9
  06/1971;  0,0;  0,0;  0,0;  0,0;  0,0;  0,0;  2,0;  0,0;  5,0;  0,0;  0,0; 21,8;  5,0;  1,0;  0,0; 16,9; 42,6; 64,4; 12,9;  5,0;  7,0;  0,0;  0,0;  4,0;  0,0;  0,0;  0,0;  0,0;0,0;0,0;---;64,4;187,6
  07/1971;  0,0;  2,0;  9,0;  0,0;  0,0;  0,0;  0,0;  0,0;  0,0;  0,0;  0,0;  0,0;  0,0;  0,0;  0,0;  0,0;  0,0;  0,0;  0,0;  0,0;  0,0;  0,0;  0,0;  0,0;  0,0;  0,0;  0,0;  0,0;0,0;0,0;0,0;9,0;11,0
  08/1971;  0,0;  0,0;  0,0;  0,0;  0,0;  0,0;  0,0;  0,0;  0,0;  0,0;  0,0; 14,6;  0,0;  0,0;  1,0;  0,0;  1,0;  0,0;  0,0;  0,0;  0,0;  0,0;  0,0;  0,0;  0,0; 15,1; 17,4;  8,0;4,5;0,0;1,0;17,4;62,6
  09/1971;  0,0;  3,5;  0,0;  0,0;  0,0;  0,0;  0,0; 15,9; 31,7;  0,0;  0,0; 27,1;  2,0;  0,0;  0,0;  0,0;  0,0;  0,0;  0,0;  0,0;  0,0;  0,0;  0,0; 13,9;  3,0;  2,3;  0,0;  1,3;14,8;0,0;---;31,7;115,5
  10/1971;  0,0;  0,0;  0,0;  0,0; 19,8;  1,4;  1,0; 24,8;  0,0;  0,0; 15,4; 34,2;  8,0;  0,0;  1,2;  2,1;  0,0; 34,7;  0,0;  0,0;  0,0;  0,0;  0,0;  0,0;  0,0; 22,5;  4,0;  0,0;12,9;1,0;0,0;34,7;183,0
  11/1971;  0,0; 48,4;  9,9;  0,0;  0,0;  0,0;  0,0;  0,0;  0,0;  9,5;  2,0;  0,0; 11,8;  9,0;  1,0;  0,0;  0,0;  0,0;  0,0; 12,9;  1,8;  9,9;  4,0; 20,8; 13,2;  0,0; 19,5; 33,0;0,7;1,0;---;48,4;208,4
  12/1971; 18,6;  2,5; 14,9;  5,5; 11,9;  5,8;  0,0;  0,0; 14,9;  5,2;  0,0;  0,0;  0,0; 27,8; 30,7; 10,9;  0,0;  0,0;  0,0;  9,9;  0,0;  0,0; 25,1; 39,0;  4,0; 22,6; 29,7;  0,0;1,0;15,9;0,0;39,0;295,9
  01/1972;  0,0;  0,0;  0,0;  0,0;  0,0;  7,4;  0,0; 26,8;  0,0;  7,3;  0,0;  1,0;  2,8;  0,0;  0,0;  0,0;  0,0;  0,0; 20,8; 39,6; 34,2;  1,0; 31,2;  1,5;  9,9; 13,9;  8,0;  0,0;1,0;17,6;1,0;39,6;225,0
  02/1972; 14,9;  0,0;  4,5; 16,4;  0,0;  4,0;  9,7;  7,3;  0,0;  2,0; 12,6;  0,0;  2,2;  0,0;  2,0; 38,3;  2,7;  0,0;  0,0; 18,1;  6,6;  7,3;  9,9;  3,4; 43,5;  0,0;  2,0; 33,0;0,5;---;---;43,5;240,9
  03/1972;  0,0;  1,0;  0,0;  0,0;  0,0; 67,0;  0,0;  1,0;  5,1;  3,0;  4,6; 11,1; 13,9;  0,0;  1,2;  0,0;  1,2; 43,8;  1,0;  0,0;  0,0;  0,0;  1,0; 20,8; 24,8;  8,5;  2,0;  0,0;0,0;0,0;0,0;67,0;211,0
  04/1972; 19,1;  1,0;  0,0;  2,1;  9,9;  3,0;  1,0;  0,0;  1,0;  0,0;  0,0;  0,0;  0,0;  0,0;  0,0; 10,9;  1,6;  6,3;  6,5;  0,0;  0,0;  0,0;  0,0;  0,0;  0,0;  0,0;  0,0;  7,0;0,0;0,0;---;19,1;69,4
  05/1972;  0,0;  0,0;  0,0;  0,0;  0,0;  0,0;  0,0;  0,0;  0,0;  0,0;  0,0;  0,0;  0,0;  0,0;  0,0;  0,0;  0,0;  0,0;  0,0;  1,0;  0,0;  0,0;  1,0;  0,0; 24,3;  2,0;  0,0;  0,0;0,0;0,0;0,0;24,3;28,3
  06/1972;  0,0;  0,0;  0,0;  0,0;  0,0;  0,0;  0,0;  0,0;  0,0;  0,0;  0,0;  0,0;  0,0;  0,0;  0,0;  0,0;  0,0;  0,0;  3,9;  0,0;  0,0;  0,0;  0,0;  0,0;  0,0;  0,0;  0,0;  0,0;0,0;0,0;---;3,9;3,9
  07/1972;  0,0;  0,0;  0,0;  0,0;  0,0;  0,0;  0,0;  1,0;  0,0; 10,3;  0,0;  6,8; 43,5;  2,1;  0,0;  0,0;  0,0;  0,0;  0,0;  0,0;  0,0;  0,0;  0,0;  0,0;  0,0;  0,0;  6,2;  0,0;0,0;0,0;0,0;43,5;69,9
  08/1972;  0,0;  0,0;  0,0;  7,1; 14,4; 13,2; 10,2;  0,0;  5,1;  0,0;  0,0;  0,0;  4,2;  0,9;  0,0;  0,0;  0,0;  0,0;  0,0;  0,0;  0,0;  0,0;  0,0; 10,6;  0,0;  0,0;  0,0;  0,0;0,0;1,5;0,0;14,4;67,2
  09/1972;  0,6;  0,0;  0,0;  0,0;  8,8;  5,2;  0,0;  0,0;  0,0;  0,0;  0,0;  0,0;  0,0;  0,0; 10,8;  0,0;  0,0;  0,0;  0,0;  0,0;  0,0;  5,6; 12,4;  2,0;  1,9;  0,0;  0,0;  1,0;15,4;0,0;---;15,4;63,7
  10/1972;  0,0;  0,0;  0,0; 11,2; 22,3;  8,4; 18,4;  0,5;  3,5; 22,8; 19,6;  1,1;  2,0;  0,0;  9,1;  0,0;  5,9;  0,0;  0,0;  0,0;  0,0;  0,0;  0,0;  1,0;  0,0;  5,3;  0,0; 11,8;2,3;0,0;0,0;22,8;145,2
  11/1972; 10,7; 24,1; 63,4; 32,8;  0,0; 23,6;  0,0;  0,0;  0,3;  0,5;  8,1; 19,3;  5,2; 32,7; 39,6;  0,0;  4,7;  4,2;  1,5; 50,2;  9,9; 12,0;  2,4;  0,0;  0,0;  6,6;  8,5;  0,0;0,0;0,0;---;63,4;360,3
  12/1972; 14,0;  0,0;  1,7;  0,0;  1,0; 50,3;  2,3;  0,0;  0,0;  0,0;  0,0;  0,0;  2,4;  1,0;  0,0;  0,0;  0,0;  0,0;  6,9; 35,6;  0,0;  0,0; 49,5; 24,1;  0,8;  4,0;  0,0; 32,4;5,5;6,9;19,8;50,3;258,2
  01/1973; 22,3; 11,8;  5,5;  1,0;  0,0;  5,7; 27,8;  0,0;  2,0;  7,6; 38,8; 24,7;  0,0; 20,3;  0,0; 12,1;128,7;  7,0;  0,0;  0,0;  0,0;  1,0;  0,0;  1,0;  0,0; 25,5;  6,5;  0,0;1,7;1,0;28,8;128,7;380,8
  02/1973;  3,3;  7,7; 53,2;  2,0;  7,8; 34,7; 45,6;  0,0;  0,0;  0,0;  0,0;  7,0;  0,0;  4,0;  2,0; 16,4;  2,0;  5,6;  0,0;  1,1;  0,0;  7,0;  0,0;  0,0; 31,6;  0,0; 17,9;  1,1;---;---;---;53,2;250,0
  03/1973;  0,0;  0,0;  0,0;  0,0;  4,0;  0,0;  0,0;  0,0; 14,4;  4,0;  3,3;  4,0;  2,0; 22,4;  0,0;  0,0;  0,0;  2,0;  5,0;  0,0;  8,0; 11,9; 24,5; 23,1;  3,6;  1,0;  0,0;  0,0;3,0;1,0;35,5;35,5;172,7
  04/1973; 39,6; 47,6; 11,7;  0,0;  0,0;  0,0;  2,0;  0,0;  0,0; 12,4;  8,0;  0,0;  0,0;  0,0;  0,0;  4,0;  9,9;  0,0;  0,0;  0,0;  1,0; 33,7;  0,0;  0,0;  0,0;  0,0;  0,0;  0,0;0,0;0,0;---;47,6;169,9
  05/1973;  0,0;  0,0;  0,0;  0,0;  9,0;  4,0; 19,8;  4,4;  0,0;  4,0;  2,0; 12,3;  0,0;  0,0;  0,0;  0,0;  0,0;  0,0;  0,0;  0,0;  0,0;  9,9;  1,0;  0,0;  0,0;  0,0;  0,0;  0,0;0,0;0,0;0,0;19,8;66,4
  06/1973;  0,0;  0,0;  0,0;  0,0;  0,0;  0,0;  0,0;  0,0;  0,0;  0,0;  0,0;  0,0;  0,0;  0,0;  0,0;  0,0;  0,0;  0,0;  1,0;  0,0;  0,0;  0,0;  0,0;  0,0;  0,0;  1,0;  2,3;  3,6;0,0;0,0;---;3,6;7,9
  07/1973;  0,0;  0,0; 11,9;  8,0;  0,0;  0,0;  0,0;  0,0;  0,0;  0,0;  0,0;  0,0;  0,0;  0,0;  0,0;  0,0;  0,0;  0,0;  0,0;  0,0;  0,0;  8,6;  0,0;  0,0;  0,0;  0,0;  0,0;  6,8;10,6;0,0;0,0;11,9;45,9
  08/1973;  0,0;  0,0;  0,0;  0,0;  0,0; 11,2;  0,0;  0,0;  0,0;  0,0;  0,0;  0,0;  0,0;  0,0;  4,4;  4,1;  2,0;  0,0;  0,0;  0,0;  0,0;  1,0;  0,2;  0,6;  0,0;  0,0;  0,0;  0,0;0,0;0,0;0,0;11,2;23,5
  09/1973;  0,0; 23,9; 15,8;  0,0;  0,0;  0,0;  1,0;  3,2;  2,0;  4,0;  0,0;  0,0;  0,0;  0,0;  1,0;  0,0;  3,3;  0,0;  0,0;  0,5;  3,0; 11,2;  3,3;  0,0;  0,0;  2,9;  0,0;  0,0;2,8;9,7;---;23,9;87,6
  10/1973;  1,4;  0,0;  0,0;  0,0;  0,0;  0,0;  1,0;  0,0; 29,7;  5,6;  7,5; 13,3;  3,0;  2,0;  9,5;  0,0;  0,0;  0,0; 18,6;  0,3;  0,0;  0,0;  0,0;  0,0; 31,1;  2,0; 14,4;  8,0;4,2;0,0;44,1;44,1;195,7
  11/1973;  2,0;  2,1; 15,1;  1,2;  0,0;  0,0;  0,0;  0,0;  0,0;  0,0;  0,0;  1,0; 11,9; 12,2; 10,9;  0,0;  0,0;  7,6; 29,7;  3,0;  0,0;  0,0;  1,0;  0,0; 18,9; 17,4;  0,0;  0,0;0,0;0,0;---;29,7;134,0
  12/1973;  0,0;  0,0;  0,0; 32,7;  3,0;  9,6; 10,9; 11,9; 19,8;  6,0;  0,0;  0,0;  0,0;  2,0;  0,0;  7,4;  3,0; 53,0; 12,1; 43,6; 25,1; 55,7;  2,0;  3,6; 29,7; 19,8; 12,2;  0,0;0,0;0,0;0,0;55,7;363,1
  01/1974; 22,1; 70,3;  0,0;  4,0;  0,0;  5,4;  0,0;  0,0;  0,0;  0,0;  4,8;108,9; 13,4;  7,0; 13,6; 48,6;  2,0; 12,2; 38,1;  0,0;  0,0;  0,0;  0,0;  0,0;  0,0;  2,0;  2,3; 15,9;0,9;2,6;12,1;108,9;386,2
  02/1974;  1,3;  6,9;  7,8;  0,0;  0,0;  0,0;  0,0;  0,0;  0,0;  0,0;  8,0;  0,0; 15,8;  0,0; 38,2;  0,0;  5,0; 16,8;  6,4; 13,9;  3,9;  0,0;  0,0;  0,0; 25,3;  3,5;  2,0;  0,0;---;---;---;38,2;154,8
  03/1974;  0,0;  0,0;  0,0;  2,3;  1,0; 25,3; 19,7;  7,0;  0,0;  0,0; 15,9;  4,0;  3,8;  2,0;  3,1;  0,0;  0,0;  4,6; 11,9; 29,7; 63,4; 58,0; 57,8;  3,0; 62,5;  3,6;  1,8;  0,0;1,5;0,0;0,0;63,4;381,9
  04/1974;  0,0;  6,5; 20,8;  0,0;  0,0; 19,8;  1,0;  0,0;  0,0;  0,0;  2,0;  0,0;  4,0; 21,8;  0,0;  0,0;  0,0;  0,0;  0,0;  0,0;  3,0;  2,4;  5,0;  0,0;  1,8;  7,0;  0,0;  0,0;0,0;0,0;---;21,8;95,1
  05/1974;  4,0;  0,0;  0,0;  0,0;  0,0;  0,0;  0,0;  0,0;  0,0;  0,0;  0,0;  0,0;  0,0; 18,4;  0,0;  0,0;  0,0;  0,0;  0,0;  0,0;  7,8;  0,0;  0,0;  0,0;  0,0;  0,0;  0,0;  0,6;0,0;0,0;0,1;18,4;30,9
  06/1974;  0,1;  0,0;  0,4;  3,9;  2,2;  0,0;  0,0;  0,6;  0,0;  0,0;  0,0; 14,2;  0,3;  2,5;  0,0;  0,0;  0,0;  0,0;  0,0;  0,0;  0,0; 12,0;  2,0;  0,1; 10,7; 10,4; 13,1;  0,0;0,0;0,0;---;14,2;72,5
  07/1974;  0,0;  0,0;  0,0;  0,0;  0,0;  0,0;  0,0;  0,0;  0,0;  0,0;  0,0;  0,0;  0,0;  0,0;  0,0;  0,0;  0,0;  0,0;  0,0;  0,0;  0,0;  0,0;  0,8;  0,3;  0,0;  0,1;  0,0;  0,0;0,0;0,0;0,0;0,8;1,2
  08/1974;  0,0;  0,0;  0,0;  0,0;  0,0;  0,0;  0,0;  0,0;  1,0;  4,3;  0,0;  0,0;  0,0;  0,0;  3,7;  0,2;  0,2;  0,0;  0,0;  0,0;  0,0;  0,0;  0,0;  0,0;  0,0;  0,0;  0,0;  0,0;0,0;0,2;0,0;4,3;9,6
  09/1974;  0,0;  0,0; 11,2;  4,3;  0,0;  1,2;  3,1;  0,0;  0,0;  0,0;  0,0;  0,0;  0,0;  0,0;  0,0;  0,0;  0,0;  0,0;  0,0;  9,5;  2,5;  0,0;  0,0;  0,0;  0,0;  0,0;  0,0;  0,0;0,0;1,4;---;11,2;33,2
  10/1974;  1,5;  5,8;  0,3;  0,6; 12,0;  0,0;  0,0;  0,0;  1,0;  1,3;  0,0;  0,0;  1,6;  0,0;  0,0;  0,0;  0,0;  0,0;  9,0; 69,0;  1,2;  9,9;  8,8;  0,0; 12,1;  7,1; 11,6;  0,9;4,5;31,8;0,5;69,0;190,5
  11/1974;  0,0;  0,0;  0,0;  0,0;  0,0;  0,0;  2,7;  0,0;  0,0;  0,0; 10,6;  8,6;  0,0; 12,4;  0,0;  0,0;  1,0;  0,0;  0,0;  0,0; 19,9;  6,0; 11,9;  0,0;  0,0;  0,0;  0,0;  5,6;0,9;7,4;---;19,9;87,0
  12/1974;  6,9; 14,4;  2,0; 27,0; 32,0; 21,3;  1,0;  0,0;  0,0;  0,0;  2,8;  1,0;  0,0;  3,8; 34,0; 11,4;  1,4;  3,9; 25,0;  1,7;  0,6; 15,4; 13,5; 32,3; 15,3;  6,4;  1,5;  0,5;1,4;5,0;1,0;34,0;282,5
  01/1975;  9,2; 53,7; 17,9;  0,0;  2,3; 37,3;  0,0;  1,7;  0,0;  6,4;  0,0;  4,5;  6,8;  0,9;  3,3;  0,0;  0,0;  0,0;  2,0; 11,0; 13,9;  0,0;  0,0; 18,9;  2,9;  0,0;  0,0;  0,0;1,9;9,0;44,0;53,7;247,6
  02/1975;  3,1;  8,0; 34,2;  4,5;  1,9; 17,8;  2,3;  2,6;  2,7; 50,5;  0,0;  0,0;  0,0;  0,0;  0,0;  0,8;  0,0;  0,9; 26,7; 19,5;  2,8;  0,0; 13,5;  7,6;  0,0;  2,5;  0,4;  3,0;---;---;---;50,5;205,3
  03/1975; 30,3;  2,2;  0,9;  0,0;  0,0;  0,0;  0,0;  0,0;  0,6;  0,0;  4,9;  0,0;  0,1;  0,6;  0,0;  0,0;  0,4;  0,0;  0,0;  0,0;  0,0; 60,8;  0,3;  0,0; 11,0; 15,8;  0,5;  9,0;0,0;0,0;7,6;60,8;145,0
  04/1975; 29,5;  3,0;  6,0; 22,0;  2,0;  3,2;  0,0;  0,0;  0,0;  0,3;  2,0;  0,0;  0,0;  0,0;  0,0; 14,2;  0,0;  0,0;  0,0;  0,0;  0,0;  0,0;  0,0;  0,0;  0,0;  0,0;  0,0;  0,0;0,0;0,0;---;29,5;82,2
  05/1975;  0,0;  0,0;  0,2; 13,8;  4,3; 16,6;  6,9;  2,5;  0,0;  0,0;  0,0;  0,0;  0,0;  0,0;  0,0;  0,0;  0,0;  0,3;  0,0;  0,0;  0,0;  0,4;  0,0;  0,0;  0,4;  0,0;  0,0;  0,0;0,0;0,0;0,0;16,6;45,4
  06/1975;  0,0;  0,0;  0,0;  0,0;  2,7;  0,3;  0,0;  0,0;  0,0;  0,0;  0,0;  0,0;  0,0;  0,0;  0,5;  0,0;  0,0;  0,0;  0,0;  0,0;  0,0;  0,0;  0,0;  0,0;  0,0;  0,0;  0,0;  0,5;0,0;0,0;---;2,7;4,0
  07/1975;  0,0;  0,0;  0,0; 16,2;  0,0;  0,3;  0,0;  0,0;  0,0;  0,0;  0,0;  0,0;  0,0;  0,0;  0,0;  0,0;  0,1;  3,2;  0,1;  0,0;  0,0;  0,0;  0,0;  0,0;  0,0;  0,0;  0,2;  0,0;0,0;0,0;0,0;16,2;20,1
  08/1975;  0,0;  0,0;  0,0;  0,0;  0,0;  0,0;  0,0;  0,0;  0,0;  0,0;  0,0;  0,0;  0,0;  0,0;  0,0;  0,0;  0,0;  0,0;  0,0;  0,0;  0,0;  0,0;  0,0;  0,0;  0,0;  0,0;  0,2;  0,0;0,0;0,0;0,0;0,2;0,2
  09/1975;  0,0;  0,0;  1,3;  0,0;  0,0;  0,0;  0,0;  0,0;  0,0;  0,0;  0,0;  0,0;  0,0;  0,0;  0,0;  0,5;  0,0;  0,0;  0,0;  0,0;  0,0;  0,0;  0,0;  4,4;  0,2;  2,1; 15,8;  3,2;0,0;0,0;---;15,8;27,5
  10/1975;  9,2;  0,0;  3,7;  4,8;  0,1; 18,3;  1,0;  1,3;  4,6; 10,8;  1,9; 39,9;  6,8;  0,0;  1,8;  0,0;  0,0;  0,7; 24,8;  0,0;  3,3;  0,0;  0,0;  0,0;  0,0;  0,0;  0,0;  0,0;0,0;0,0;20,4;39,9;153,4
  11/1975; 37,3; 31,6;  2,0;  9,5;  0,0;  0,0;  0,3;  0,0;  0,0; 19,8;  3,7;  8,7;  0,0;  0,0;  0,0;  0,0;  0,2;  5,6; 29,0;  3,0; 47,2;  0,0;  0,0;  1,5;  9,4; 76,2; 54,7;  0,7;0,6;10,2;---;76,2;351,2
  12/1975; 12,6;  0,0;  0,0;  0,0;  0,0;  4,5;  0,0;  0,0;  8,9;  0,0;  0,0; 18,6; 58,2; 21,1; 13,9;  0,0;  0,6;  6,9; 13,3; 15,6;  1,2;  1,5; 15,2;  0,0; 12,5; 39,2;  4,9;  0,0;9,2;0,0;8,9;58,2;266,8
  01/1976;  0,0;  0,6;  8,7;  6,5; 21,8;  7,1;  3,5;  6,9;  1,2;  5,1;  1,5;  4,0;  0,0;  2,0;  0,0;  0,0;  0,0;  0,0;  0,0;  0,0;  0,0;  0,9; 12,4;  0,2;  0,0;  0,0;  0,5;  1,6;19,2;1,3;17,4;21,8;122,4
  02/1976;  2,6;  1,4;  8,4; 22,2;  0,9; 10,3; 35,4; 14,5; 17,9;  0,4;  0,0;  0,1;  0,0;  0,0;  0,0; 12,5;  1,8;  9,8; 11,0; 19,4;  5,3;  6,0; 16,9;  6,3;  0,5;  8,3; 14,4;  0,8;9,2;---;---;35,4;236,3
  03/1976; 17,8; 14,3;  0,0;  0,0;  0,0;  0,0;  0,0;  0,0;  0,0;  0,1;  0,0;  9,6;  9,6; 18,5;  0,0;  7,5;  0,1;  6,2;  1,1; 22,9;  0,0;  5,3;  7,9;  0,0; 16,8; 26,9;  6,3; 12,1;0,3;0,0;0,0;26,9;183,3
  04/1976;  0,0;  0,0;  0,0; 28,1;  0,0;  0,0;  0,0;  0,3;  0,0;  9,6;  1,3; 23,3; 30,3; 27,0;  0,0;  0,0;  0,0;  0,0;  0,0;  0,0;  0,0;  0,2; 12,1;  0,0;  0,0;  0,0;  0,0;  0,0;0,0;0,0;---;30,3;132,2
  05/1976;  3,4;  0,5;  0,1;  0,0;  2,2;  0,2;  0,0;  0,0;  0,0; 12,4;  0,0; 12,0;  0,0;  0,0;  0,0;  0,0;  0,0;  0,1;  0,9; 16,3;  2,8; 19,0;  0,0;  0,0; 29,3; 23,1;  0,0;  5,8;31,6;0,4;0,0;31,6;160,1
  06/1976;  0,0;  0,0;  0,0;  0,0;  0,0; 28,2;  0,0;  0,0;  0,0;  0,2;  0,8;  0,0;  0,4;  2,8;  0,0;  0,2;  0,0;  0,0;  0,0;  0,0;  0,0;  0,0;  0,0;  0,0;  0,0;  0,0;  0,0;  0,0;0,0;2,3;---;28,2;34,9
  07/1976;  8,1; 19,5; 26,9; 78,3;  0,0;  0,0;  0,0;  0,0;  1,0; 18,6;  2,1;  0,0;  0,0;  0,0;  0,6;  0,0;  0,0;  0,0;  0,0;  0,0;  0,0;  3,8;  0,0;  0,0;  0,0;  0,0;  0,0;  0,0;0,0;0,0;0,0;78,3;158,9
  08/1976;  0,0;  0,0;  0,0;  0,0;  0,0;  6,9;  0,5;  0,0;  0,0;  6,0; 11,7;  9,5; 12,1; 19,2;  3,9;  0,0;  0,0;  0,0;  0,0;  2,2; 14,1;  0,3;  0,0;  0,0;  0,0;  0,0;  0,0;  0,0;0,0;2,2;0,0;19,2;88,6
  09/1976;  0,0;  0,0;  0,0;  0,0;  0,0; 21,6;  7,0; 15,6;  1,0;  0,0;  0,0;  2,2;  0,0; 15,5;  5,1; 28,9;  0,4;  0,0;  0,0;  0,6;  0,0;  0,0;  5,9;  0,0;  0,0;  0,0; 37,2; 26,8;18,0;0,0;---;37,2;185,8
  10/1976;  0,0;  1,9;  0,0;  0,3;  0,0;  2,2;  0,0;  0,0;  0,0; 24,8;  0,0;  0,0;  0,0;  0,0;  0,0;  0,0;  0,0;  0,0;  0,8; 26,2; 22,2; 11,7; 11,1;  0,0;  5,6;  0,0; 10,8; 13,6;1,4;0,0;0,0;26,2;132,6
  11/1976;  0,0;  8,9;  0,0;  0,0; 17,1;  9,7;  0,0;  0,0;  0,0;  2,3; 12,3;  0,0; 10,7;  3,8;  8,8;  0,0;  8,8; 21,0; 66,0; 13,0; 31,1; 31,2;  0,0;  0,0;  0,0;  0,0;  8,5; 23,3;20,5;0,0;---;66,0;297,0
  12/1976;  0,0;  4,7; 45,5;  0,0; 43,4;  4,1;  8,7;  0,0; 38,3; 11,8;  0,8;  0,0;  1,2; 13,0;  0,0;  0,0; 16,7; 15,5;  0,8;  2,8;  0,0;  2,3;  2,7;  0,3;  7,9; 16,4; 29,9;  2,0;3,7;0,0;0,0;45,5;272,5
  01/1977;  0,0;  1,1; 15,6;  0,3; 10,7;  8,5; 25,3;  0,7;  0,0;  0,0; 21,4;  0,0;  0,0;  2,7;  0,0;  0,0;  5,6;  0,0; 87,2; 31,7;  0,0;  0,0;  0,0;  0,0;  6,8;  4,2;  7,6; 10,1;3,5;20,5;16,9;87,2;280,4
  02/1977;  8,6;  6,9;  0,0;  1,9;  0,4;  0,0;  0,0;  0,0;  0,0;  0,0;  0,0;  0,0;  0,0;  0,0;  0,0;  0,0;  0,0;  0,0;  0,0;  0,0;  0,0;  0,0;  0,0;  0,0;  0,0;  0,0;  0,0;  0,0;---;---;---;8,6;17,8
  03/1977; 11,2; 18,2;  1,5;  1,9;  2,6; 14,6;  0,0; 17,9;  0,0;  0,0;  9,0; 36,4;  0,0;  0,0;  0,0;  0,0;  0,9;  0,3; 37,7;  0,2; 31,6;  0,0;  0,9;  4,3;  0,0;  0,0; 15,4; 13,8;37,9;9,6;0,0;37,9;265,9
  04/1977;  0,9;  8,5;  5,7;  2,3;  7,3;  0,5;  1,7;  0,0;  7,3;  8,5;  0,0;  1,4;  0,0;  0,0;  0,0;  0,0;  0,0;  0,0;  0,0;  0,0; 61,2;  0,9;  0,4;  1,2;  0,1;  0,8;  5,0;  0,0;0,0;0,0;---;61,2;113,7
  05/1977;  0,0;  0,0;  0,0;  0,0;  0,0;  0,0;  0,0;  0,0;  0,0;  0,0;  0,0;  0,0;  0,0;  0,0;  0,0;  0,0;  5,7;  0,6;  0,0;  0,0;  0,0;  0,0;  0,0;  0,0;  0,0;  0,0;  0,0;  0,0;0,0;0,0;0,0;5,7;6,3
  06/1977;  0,0;  0,0;  0,0;  0,0; 17,7; 10,0;  0,0;  0,0;  0,0;  0,0;  0,0;  0,0;  0,0;  0,0;  0,0;  0,0;  0,2;  0,0;  0,0;  0,0;  0,0;  0,0;  0,0;  0,0;  0,0;  0,0;  0,3;  0,0;0,0;0,0;---;17,7;28,2
  07/1977;  0,0;  0,0;  0,0;  0,0;  0,0;  0,0;  0,0;  0,0;  0,0;  0,0;  0,0;  0,0;  0,0;  0,0;  0,0;  0,0;  0,0;  0,0;  0,0;  6,2;  0,9;  0,0;  0,0;  0,0;  0,0;  0,0;  0,6;  0,0;0,0;0,0;0,0;6,2;7,7
  08/1977;  0,0;  0,0;  0,0;  0,4;  0,0;  0,0;  0,0;  0,0;  0,0;  0,0;  0,0;  0,0;  0,0;  0,0;  0,0;  0,0;  0,0;  0,0;  0,5;  0,0;  0,0;  0,0;  0,0;  0,0;  0,0;  0,0;  1,7;  0,0;0,0;13,6;4,3;13,6;20,5
  09/1977;  0,2; 26,5;  0,9;  0,0;  0,0;  0,0; 15,6;  6,9;  0,0;  0,0;  0,0;  0,0;  0,0;  0,0;  0,0;  0,0;  0,0;  4,0;  0,0;  0,0; 26,0;  0,0;  0,2; 36,0; 21,7;  0,0;  0,0;  0,0;0,0;0,2;---;36,0;138,2
  10/1977;  0,0; 14,1;  2,8;  0,0;  1,4;  4,1;  2,5;  0,0;  0,0;  0,0;  0,0;  0,0;  5,6;  2,3;  0,0;  0,0;  0,0; 13,3; 17,3;  0,0;  2,0;  0,0;  0,0;  0,0;  0,0;  0,0;  0,0;  0,5;0,0;0,0;0,0;17,3;65,9
  11/1977;  0,8;  0,0; 38,5; 39,7;  0,0;  0,8;  2,5;  3,4;  0,0;  0,0;  0,0;  0,0;  2,2;  9,5;  4,3;  2,7; 32,3;  0,0;  3,0;  0,0;  4,4;  0,0; 27,9;  6,5;  0,5;  4,4;  0,0;  0,0;17,8;26,2;---;39,7;227,4
  12/1977;  6,5; 13,8;  3,5;  4,5;  0,0; 10,5;  0,0;  3,0;  6,3; 16,5; 12,8; 22,1;  0,0;  0,3;  0,0;  0,0;  0,0;  0,0; 16,7; 24,8;  3,2; 33,7; 22,2; 40,7;  0,0; 10,7;  0,0;  0,0;0,0;0,0;7,5;40,7;259,3
  01/1978;  0,0; 14,2; 29,9;  0,0;  0,0;  3,4; 22,0;  1,2;  0,0;  0,0; 55,9; 61,9; 31,8; 21,0; 33,0; 32,2;  2,7;  0,0;  0,0;  0,0;  2,3;  0,3; 27,6;  0,0;  0,0;  0,0;  0,0;  0,0;0,0;16,8;0,0;61,9;356,2
  02/1978;  0,0;  0,0;  0,0;  0,0;  0,0; 25,3; 22,2;  3,6;  3,8;  0,0;  0,0; 62,3;  8,7;  0,0;  0,0;  0,0;  3,2;  0,2;  6,9;  0,0;  5,3;  4,1; 20,9; 19,5;  0,0;  0,0;  0,0;  0,0;---;---;---;62,3;186,0
  03/1978;  0,0;  0,0;  0,0; 10,3;  0,0; 17,3; 26,8; 52,7; 21,7;  3,9;  0,0;  0,0;  0,0;  0,0;  0,0;  0,0;  0,0;  0,0;  0,0;  0,0;  0,0;  0,0;  0,0;  0,0;  0,0;  0,0;  0,0;  0,0;0,0;8,5;0,0;52,7;141,2
  04/1978;  1,4;  0,0; 14,2;  0,0;  0,0;  0,0;  0,0;  0,0;  0,0;  0,0;  9,1;  0,0;  0,0;  0,0;  0,0;  3,7;  0,0;  8,8;  0,0;  0,0;  0,0;  0,0;  3,3;  6,1;  0,0;  0,0;  0,0;  0,0;0,0;0,0;---;14,2;46,6
  05/1978;  0,0;  0,0;  0,0;  0,0;  0,0;  0,0;  0,0;  0,0;  0,0;  0,0;  0,0;  0,0;  0,0;  0,0;  0,0;  0,0; 27,4;  8,4; 18,8;  0,0; 10,9; 13,5;  0,0;  0,0;  0,0;  0,0;  0,0;  0,0;0,0;2,6;0,0;27,4;81,6
  06/1978; 19,1;  0,0;  0,0;  0,0;  0,0;  0,0;  0,0;  0,0;  9,0; 37,4;  0,0;  0,0;  0,0;  0,0;  0,0;  0,0;  0,0;  0,0;  0,0;  0,0;  0,0;  0,0;  0,0;  0,0;  0,0;  0,0;  0,0;  0,0;0,0;0,0;---;37,4;65,5
  07/1978;  0,0;  0,0;  0,0;  0,0;  0,0;  0,0;  0,0;  0,0;  0,0;  0,0;  0,0;  0,0;  0,0;  0,0;  0,0;  0,0;  9,4;  0,0;  0,0;  0,0;  3,3;  6,0;  4,8;  0,0;  0,0;  0,0;  0,0;  0,0;0,0;0,0;0,0;9,4;23,5
  08/1978;  0,0;  0,0;  0,0;  0,0;  0,0;  0,0;  0,0;  0,0;  0,0;  0,0;  0,0;  0,0;  0,0;  0,0;  7,8;  0,0;  0,0;  0,0;  0,0;  0,0;  0,0;  0,0;  0,0; 18,3;  0,0;  0,0;  0,0;  0,0;0,0;0,0;4,1;18,3;30,2
  09/1978;  2,7;  0,0;  0,0;  0,0;  0,8;  0,0;  0,0;  0,0;  0,0;  0,0;  0,0;  0,0;  0,0;  0,0;  0,0;  2,6;  0,0;  0,0;  0,0;  0,0;  0,0;  0,0;  0,0;  0,0;  0,0;  0,0;  0,0;  0,0;0,0;0,0;---;2,7;6,1
  10/1978;  0,0;  0,0;  0,0;  0,0;  0,0;  0,0;  0,0;  0,0;  0,0;  0,0; 13,9;  4,9;  0,0;  9,2;  1,8;  0,2; 43,2;  9,7; 18,4;  4,9;  0,0;  0,0;  0,0;  0,0;  0,0;  0,0;  0,0;  1,2;0,0;0,0;0,0;43,2;107,4
  11/1978; 25,5; 71,9;  1,6;  0,0; 15,8; 22,7;  0,0;  0,0;  0,0;  0,0; 24,9;  5,9; 58,9;  0,0;  0,2;  0,0;  0,0;  0,0;  0,0;  0,0;  0,0; 17,2; 10,6; 12,1; 12,3;  0,0;  0,0; 42,9;0,0;0,0;---;71,9;322,5
  12/1978;  0,0;  0,0;  0,0;  0,0;  0,0;  0,0;  5,1; 62,2; 21,9; 42,9; 25,9;  0,0;  0,0;  0,0;  0,0;  6,3;  5,8;  9,2;  0,0;  0,0;  0,0;  0,0;  0,0;  0,0;  0,0;  0,0; 42,6; 14,9;2,2;9,8;34,9;62,2;283,7
  01/1979;  5,2;  0,0;  0,0;  9,2;  9,3;  2,4;  0,0;  0,0;  5,7;  0,1;  0,0;  5,9;  6,4;  4,3;  0,0;  0,0;  0,0;  0,0;  0,0; 18,2; 80,5; 51,8; 11,4;  0,0;  0,0;  6,9;  0,0; 15,9;0,0;37,6;0,0;80,5;270,8
  02/1979;  8,9;  6,6; 33,8;  0,0;  6,9;  0,7;  0,0;  0,0;  0,0;  0,0;  0,0; 12,5;  7,5;  2,7; 84,5;  7,6;  0,0; 13,5; 12,5;  5,9;  0,0; 24,7;  8,9;  0,0;  0,0;  0,0;  0,0;  0,0;---;---;---;84,5;237,2
  03/1979;  0,0; 39,4; 24,8;  0,0;  0,0; 20,9;  6,5; 14,6;  0,0;  0,0;  4,6; 42,7; 12,8;  8,9; 11,1;  0,1;  0,4;  0,0;  0,3;  2,7;  0,0;  0,0;  0,0;  0,0; 13,3;  0,6;  1,3;  0,0;0,0;0,0;0,0;42,7;205,0
  04/1979;  0,0;  0,0;  0,0;  7,5;  0,0;  0,1;  0,8;  0,5;  0,0;  0,0;  0,0;  0,0;  0,0;  0,0;  0,0;  0,0;  0,0;  0,0;  0,0;  2,5;  0,0;  0,0;  0,0;  4,6;  0,4;  0,0;  0,0; 11,4;12,4;0,0;---;12,4;40,2
  05/1979;  0,0;  0,0;  0,0;  8,3;  0,0;  1,1;  0,0;  3,1;  0,0;  1,1;  8,3;  0,0;  0,0;  7,9;  0,7;  0,0;  0,0;  0,0;  0,0;  0,0;  0,0;  0,0;  0,0;  5,5;  0,0;  0,0;  0,0;  0,0;0,0;11,2;3,3;11,2;50,5
  06/1979;  0,0;  0,0;  0,0;  0,0;  0,0;  0,0;  0,0;  0,0;  0,0;  1,6;  0,0;  0,0;  0,0;  0,0;  0,7;  2,4;  0,0;  0,0;  0,0;  0,0;  0,0;  0,0;  0,0;  0,0;  0,0;  0,0;  0,0;  4,6;0,0;0,0;---;4,6;9,3
  07/1979;  0,0;  0,0;  0,0;  0,0;  0,0;  0,0;  0,0;  0,0;  0,0;  5,5;  4,2;  0,7;  0,0;  0,0;  0,0;  0,0;  0,0;  0,0;  0,0; 41,2;  0,0;  0,0;  0,0;  0,0;  0,0;  0,0;  0,0;  0,0;0,0;0,0;0,0;41,2;51,6
  08/1979;  0,0;  0,0;  0,0;  0,0;  0,0;  0,0;  0,0;---;---;---;---;---;---;---;---;---;---;---;---; 24,5;  2,3;  0,1;  0,0;  0,0;  0,1;  0,0;  3,0;  0,0;0,0;0,0;0,0;---;---
  09/1979;  0,0;  0,0; 14,9;  2,3;  4,6;  0,1;  0,0;  0,0;  0,0;  0,0;  0,0;  0,0;  0,0;  0,1; 19,9;  4,2;  4,3; 27,5;  7,5;  1,3;  0,0;  0,0;  7,9;  0,0;  0,0;  0,0;  0,0;  0,0;0,0;1,4;---;27,5;96,0
  10/1979;  0,0;  0,0; 14,6;  0,0; 12,2;  0,0;  0,9;---;  0,0;  1,4;  0,0;  0,0;  0,0;  0,0;  0,7;  0,0;  0,0;  0,0;  0,0;  0,0;  0,0;  0,0;  0,0;  0,0;  0,0;  0,0;  0,9;  5,2;0,0;13,1;18,7;---;---
  11/1979; 13,1; 11,4; 62,7; 34,1;  7,9;  0,0;  0,0;  0,0;  6,3; 29,4; 56,9;  9,1;  0,0;  6,7;  6,4;  0,0;  0,0;  0,0;  0,0;  7,3;  0,0;  3,2; 22,5;  0,2; 18,9; 26,9; 14,9;  0,0;0,0;0,0;---;62,7;337,9
  12/1979;  0,0;  1,3; 57,4;  7,1; 13,1;  0,0;  0,0;  8,5;  0,0;  0,0;  2,1; 57,3;  7,2;  0,3;  0,1;  3,1;  3,3;  0,7;  5,9;  2,4;  5,3; 23,3; 37,9; 22,3;  7,9; 12,7; 55,5;  3,5;0,0;0,0;0,0;57,4;338,2
  01/1980; 18,9;  2,2;  3,4;  0,0;  0,0;  0,0;  0,0;  3,5;  1,3;  5,5;---;  5,9;---;  3,9;---;  5,9;---;---;  5,4;  0,9;---;  1,4;  0,6;  0,0;  1,1;  0,9;  6,9;  8,7;---;4,5;0,0;---;---
  02/1980;  1,3; 49,1;  4,1; 13,8;  0,3;  0,0;  0,0;  0,0;  0,0;  0,0;  0,0;  0,0;  0,0;  5,1;  3,1;  0,8;  8,1;  8,9;  5,2;  0,2;  0,4; 57,1;  4,5;  1,6;  1,2;  0,0;  0,0;  1,1;0,0;---;---;57,1;165,9
  03/1980;  0,0;  0,0;  0,0;  0,0;  0,0;  0,0;  0,0;  0,0;  0,0; 16,1;  6,2; 51,2;  0,0;  9,6;  2,1; 13,8;  0,4;  8,3;  0,6;  0,0;  0,0;  0,0;  0,0;  0,0;  0,0;  0,0;  0,0;  0,0;0,0;0,3;1,2;51,2;109,8
  04/1980;  6,9;  0,3;  7,2; 32,6; 33,4;  7,5;  2,2;  3,8;  0,0;  5,7;  0,0;  9,5;  0,3;  9,1; 25,5; 11,9;  3,3;  0,3;  0,0;  0,0;  0,0;  0,0;  0,0;  0,0;  0,0;  0,0;  0,0;  0,0;0,0;0,0;---;33,4;159,5
  05/1980;  0,0;  0,3; 10,4;  3,9;  0,0;  0,0;  0,0;  0,0;  0,0;  0,0;  0,0;  0,9;  0,0;  0,0;  0,0;  0,0;  0,0;  0,0;  0,1;  0,0;  0,0;  0,0;  0,1;  0,0;  0,0;  0,0;  0,0;  0,0;0,0;0,0;0,0;10,4;15,7
  06/1980;  0,0;  0,3;  1,9;  2,7;  0,0;  0,1;  0,0;  0,0;  0,0;  0,0;  0,0;  0,0;  0,0;  7,5;  0,0;  0,0;  0,0;  0,0;  0,0;  0,0;  0,0;  5,9;  0,0;  0,0;  0,0; 34,7; 18,5;  0,9;0,3;0,0;---;34,7;72,8
  07/1980;  0,0;  0,0;  0,0;  0,1;  0,0;  0,0;  0,0;  0,0;  0,0;  0,0;  0,0;  0,0;  0,0;  0,0;  0,0;  0,5;  0,0;  0,0;  0,0;  0,0;  0,0;  0,0;  1,3;  0,2;  0,0;  0,0;  0,0;  0,0;0,0;0,0;3,9;3,9;6,0
  08/1980;  3,1;  0,0;  0,0;  0,0;  0,0;  0,0;  3,6;  0,0;  0,0;  0,0;  0,0;  1,3;  0,0;  0,0;  0,0;  4,6;  0,0; 10,0;  0,0;  0,0;  0,0;  0,0;  0,0; 17,5;  5,1;  0,4; 12,9;  3,9;0,0;0,0;0,0;17,5;62,4
  09/1980;  0,0;  0,0;  0,0;  0,0;  0,0;  0,0;  0,1;  0,0;  0,0;  0,0;  3,6;  0,6;  0,4;  0,0;  0,0;  0,5;  1,1;  6,3; 10,3;  0,0; 11,9;  7,5;  0,4;  0,0;  0,1;  0,7;  0,0;  0,0;0,5;0,0;---;11,9;44,0
  10/1980;  0,1;  0,0;  0,0;  0,0;  0,0;  2,7;  5,2; 15,3; 11,7;  0,3;  0,0; 39,7; 22,9; 19,8; 11,5;  0,0;  0,0;  0,0;  0,0;  0,0;  0,0;  0,0; 15,7;  5,8;  3,1;  0,0;  0,4;  0,0;8,4;0,5;0,1;39,7;163,2
  11/1980;  1,7;  0,0;  0,0;  0,0;  0,0;  0,0;  0,0; 35,6; 11,7;  3,9; 43,5; 39,7;  4,6; 13,7;  1,2;  0,0;  0,0;  0,0;  0,0;  5,8;  0,2;  0,0;  0,0; 17,7; 27,1;  1,0;  0,0;  0,0;0,0;14,9;---;43,5;222,3
  12/1980; 14,3; 19,9; 17,3;  0,4;  7,9;  6,3;  0,9;  0,8;  5,9;  0,0;  1,2;  0,7; 18,1;  3,4;  0,7;  0,5;  0,0; 18,9;  0,0;  0,0;  0,5;  0,2; 66,2;  0,3;  9,7; 15,9;  5,1;  9,1;4,7;16,7;10,6;66,2;256,2
  01/1981;  0,0;  0,7;  5,1;  0,0;  1,8;  0,2; 20,3;  2,1; 40,5;  9,6; 18,1; 40,8; 22,1;  3,6; 36,7; 44,5; 10,8;  0,7;  0,0;  0,0; 11,7; 27,4;  9,8;  0,0; 29,4; 19,1;  0,0;  0,0;0,0;0,0;0,0;44,5;355,0
  02/1981;  0,0;  0,0;  0,0;  0,0;  0,0;  0,0; 13,3; 34,9; 16,3; 40,9; 45,5;  0,0;  0,0;  0,0;  0,0;  0,0;  0,0;  0,0;  0,0;  3,6;  0,3;  4,1;  0,0;  0,0;  0,0;  1,8;  0,0;  0,0;---;---;---;45,5;160,7
  03/1981;  0,0;  1,1;  0,0; 15,5; 16,9;  2,2; 14,5;  5,1; 10,7; 14,2;  0,2; 27,8;  4,5;  0,0;  0,0;  1,7;  5,2; 36,9;  2,4;  4,5;  0,2; 14,5;  0,0;  0,0;  0,0;  0,0; 10,6; 27,3;18,8;---;1,2;---;---
  04/1981;  0,0;  8,7;  8,5;  0,0;  0,0;  0,7;  0,0;  0,0;  0,0;  0,0;  0,0;  0,0;  0,0;  0,0;  0,0;  4,7;  5,5;  5,1;  2,9;  0,0;  0,0;  0,0;  0,0;  0,0;  4,9;  0,0;  0,0;  5,9;0,3;0,9;---;8,7;48,1
  05/1981;  1,1;  0,0;  0,0;  0,0;  0,0;  0,0;  0,0;  0,0;  0,0;  0,5;  0,0;  0,0;  0,0;  0,0;  0,0;  0,0;  0,8;  0,0;  0,0; 16,8;  0,6;  0,0;  0,0;  0,0;  0,0;  0,0;  0,0;  0,0;0,7;0,0;0,0;16,8;20,5
  06/1981;  0,0;  0,0;  0,0;  0,0;  0,0;  0,0; 39,4;  0,1;  0,0;  0,0;  0,0;  0,0;  0,0;  0,0;  0,0; 23,3; 22,8;  0,6;  0,0;  0,0;  1,7;  0,9;  0,0;  0,0;  0,0;  0,0;  0,0;  0,0;0,0;0,0;---;39,4;88,8
  07/1981;  0,0;  0,0; 11,4;  0,6;  1,8;  0,5;  0,0;  0,0;  0,0;  0,0;  0,0;  0,0;  0,0;  0,0;  0,0;  0,0;  0,0;  0,0;  3,1;  1,5;  0,0;  0,0;  0,0;  0,0;  9,9;  0,6;  0,0;  0,0;0,0;0,0;0,0;11,4;29,4
  08/1981;  0,0;  0,0;  0,0;  0,0;  0,0;  0,0;  0,0;  0,0;  0,0;  0,0;  4,1;  0,0;  0,0;  4,4;  0,0;  0,4;  0,0; 10,8;  4,2;  0,0;  0,0;  0,0;  0,0;  0,0;  0,0;  0,0;  0,0;  0,0;0,0;0,0;0,0;10,8;23,9
  09/1981;  2,9;  0,0;  0,2;  6,2;  0,0;  0,0;  0,0;  0,0;  0,0;  0,0;  0,0;  0,0;  0,0;  0,0;  0,0;  0,0;  0,7;  0,0;  0,0;  0,0;  0,0;  0,0;  0,0;  0,0;  0,9;  1,1; 14,7;  4,8;0,0;0,5;---;14,7;32,0
  10/1981; 11,3;  0,0;  0,1;  0,4;  4,9;  3,5;  0,0; 33,9;  3,5;  2,3;  3,2;  0,4;  0,7;  7,5;  0,0; 32,3;  0,0;  0,0;  0,0; 42,7;  0,8;  0,0;  0,0;  0,0;  0,0; 29,1;  3,3; 13,5;1,2;14,7;30,5;42,7;239,8
  11/1981;  0,7;  0,5;  1,4; 14,6; 16,3;  0,0;  0,0; 21,9;  0,4; 32,9; 14,7; 22,8;  9,9; 13,7; 10,4;  0,0;  6,5;  0,0;  0,9;  0,7; 18,6;  2,7;  0,2;  0,0;  0,2;  2,5;  7,3;  0,0;4,1;2,7;---;32,9;206,6
  12/1981;  0,7;  5,9;  9,7;  6,1;  1,5;  5,1; 15,6; 41,4; 23,1; 62,3;  1,6;  4,8;  5,5; 12,2;  2,1;  4,7; 33,5; 19,7; 11,1;  0,8;  0,0;  0,0;  0,0;  0,0; 12,5; 11,9;  3,2; 12,1;17,5;9,7;0,0;62,3;334,3
  01/1982;  0,0; 35,9; 46,1; 11,8;  6,8;  2,4;  0,3; 10,3;  4,8;  7,7;  5,5; 16,3;  7,5;  0,9;  0,0;  0,0;  0,0;  0,0;  0,0;  8,9;  7,7;  0,0; 24,3; 16,8;  6,4;  0,2;  0,1;  1,7;31,7;8,6;0,0;46,1;262,7
  02/1982;  0,0;  2,6;  2,7;  0,0; 10,8;  1,1;  7,1;  7,7;  0,0;  0,0;  0,0;  0,0;  0,0;  0,0;  0,0;  0,0;  0,3;  0,0;  0,0; 25,8;  0,0;  3,2;  0,2;  0,0;  8,6;  7,7;  1,1;  6,5;---;---;---;25,8;85,4
  03/1982; 32,1;  8,1;  9,5;  5,7;  0,0;  0,0;  9,2; 12,5; 20,2; 18,8; 36,4;123,1; 34,4;  4,5;  4,6;  3,4;  7,9; 13,2;---; 24,2;  4,3;  0,5; 16,3;  5,9; 55,8; 18,1; 31,4;  0,4;2,1;1,7;2,7;---;---
  04/1982;  0,7;  8,1;  0,0;  9,7;  0,0;  0,0;  0,0;  0,0;  0,0;  0,5;  0,0;  0,0;  0,0;  0,0; 10,6; 16,7;  4,5;  0,3;  0,0;  0,0;  0,0;  0,0;  0,0;  0,0;  0,4;  0,0;  1,2;  0,0;16,7;0,0;---;16,7;69,4
  05/1982;  0,0;  0,0;  0,0;  3,1;  0,1;  0,0;  0,0;  0,0;  0,0;  0,0;  0,0;  0,0;  0,0;  0,0;  0,0;  0,0;  0,0;  0,2;  0,0;  3,5;  0,0;  0,7;  0,6;  0,0;  3,5; 26,9;  0,0;  0,0;0,0;0,0;0,0;26,9;38,6
  06/1982;  2,4;  0,0;  0,0;  0,0;  0,0;  0,9;  0,0;  0,0;  0,0;  0,0;  0,0;  0,0;  7,1;  0,0;  0,0;  0,0;  1,4;  0,0;  0,7;  0,0;  0,0;  0,4; 22,5;  1,6; 20,7;  8,9;  3,3;  0,0;0,0;0,9;---;22,5;70,8
  07/1982;  7,9;  1,3;  0,2;  0,0;  0,0;  0,0;  0,0;  0,0;  0,2;  0,0;  0,0;  0,1;  0,3;  7,8;  0,3;  0,2;  0,0;  0,0; 20,3;  4,4;  0,1;  0,0;  0,0;  0,0;  0,0;  0,0;  0,0;  0,0;0,0;15,8;0,0;20,3;58,9
  08/1982;  0,2;  0,0;  0,0;  0,9;  0,7;  0,5;  0,0;  0,0;  0,0;  0,0; 28,6; 10,3;  0,0;  0,0;  0,0;  0,0;  0,0;  0,0;  4,3;  0,2;  0,1;  0,0;  0,0;  0,9;  0,0;  0,0;  0,0;  0,0;0,0;23,3;2,1;28,6;72,1
  09/1982;  5,8;  0,6;  0,5;  0,0;  0,0;  0,2;  2,7;  0,0;  0,0;  0,0;  0,0;  0,0;  0,0;  0,0;  0,0;  0,0;  0,0;  0,0;  0,0;  0,3;  0,0;  0,3;  1,5;  0,0;  0,0;  0,0;  0,0; 12,3;0,0;0,5;---;12,3;24,7
  10/1982;  0,0;  0,0;  9,5;  0,0;  0,0;  0,0;  0,9;  0,2;  9,7; 15,1; 19,5;  0,3; 35,9; 15,9;  0,0;  0,2;  0,0;  0,0;  0,2;  0,0;  4,7;  0,0;  0,0;  0,0;  0,0;  1,2;  0,2;  6,9;4,3;24,1;0,4;35,9;149,2
  11/1982;  0,0;  0,0;  0,5;  1,8;  0,0;  0,0;  0,0;  2,2;  0,2; 14,2;  2,8;  4,7;  1,2;  0,3; 14,5;  6,5;  1,9;  0,6;  0,5;  5,7;  0,3;  1,2;  5,9;  1,9;  5,1;  1,7;  0,6; 11,6;1,7;7,1;---;14,5;94,7
  12/1982;  0,5;  0,3;  7,1;  1,5;  3,7;  0,4; 17,5;  5,7; 16,5;  0,7;  7,2;  2,3;  7,9; 12,4; 23,7; 69,6;  5,4;  0,0;  0,3; 10,9; 21,1; 39,8; 14,8; 21,3;  6,1;  4,9;  3,9;  0,4;1,9;15,5;12,1;69,6;335,4
  01/1983; 34,5;  7,7;  7,8;  8,4;  0,2; 23,3;  3,5;  0,0;  2,9;  2,1;  0,1; 37,3;  9,4;  4,1;  4,3;  0,0;  0,8; 12,3;  2,6; 24,6; 11,7;  0,0;  0,0;  5,9;  1,3; 11,5;  3,2;  6,1;0,2;0,0;2,6;37,3;228,4
  02/1983;  4,1; 25,1; 11,7;  7,9;  0,7;  8,4;  5,9; 12,8; 24,1;  6,1;  4,7; 17,1;  2,1; 42,4; 21,8;  0,0;  0,0;  0,0;  0,0;  0,0;  0,0;  0,0;  0,0;  9,6;  7,5;  5,7;  0,3;  8,5;---;---;---;42,4;226,5
  03/1983;  0,0;  4,3; 48,3;  2,8;  0,0; 26,9; 35,4; 25,5;  0,0;  0,0;  0,0;  0,0;  2,3;  0,5; 15,1;  0,0;  0,0;  0,0;  0,0; 25,7; 13,8; 18,4;  0,8; 22,2;  1,0;  0,0;  4,2; 44,2;0,0;0,2;0,0;48,3;291,6
  04/1983;  1,7;  0,0;  0,0;  0,1;  0,0; 19,0; 34,3;  0,4;  0,0;  0,0;  0,0;  1,2;  1,2;  0,0;  0,0;  0,0;  0,3;  0,4;  0,0;  0,0;  0,3; 14,7;  4,2;  0,0; 13,3;  0,1;  0,0;  0,0;0,2;0,0;---;34,3;91,4
  05/1983;  0,0;  0,0;  3,1;  1,4;  0,2;  0,0;  0,0;  0,0;  5,3;  6,7;  0,0;  0,0; 10,7;  0,8;  0,2;  0,0;  0,0;  0,2;  0,0; 10,2;  0,0;  0,0;  0,0;  3,9;  0,4;  0,3;  0,1;  0,7;20,3;28,6;50,7;50,7;143,8
  06/1983;  0,9;  5,7; 15,7; 19,3; 12,0; 15,7; 30,2;  0,0;  2,4; 33,3;  0,0; 15,5;  0,0;  0,0;  0,0;  0,0;  0,0;  0,0;  0,0;  0,0;  0,0;  0,0;  0,0;  0,0;  0,0;  0,0;  0,0;  3,1;16,4;0,1;---;33,3;170,3
  07/1983;  0,0;  0,0;  0,0;  0,0;  0,0;  0,0;  0,0;  0,0;  0,0;  0,0;  0,0;  0,0;  0,0;  0,0;  0,0;  0,0;  0,0; 14,6; 22,6;  7,3; 28,3;  0,3;  0,0;  0,0;  0,0;  0,0;  0,0;  0,0;0,0;0,0;0,0;28,3;73,1
  08/1983;  0,0;  3,6;  0,0;  0,0;  0,0;  0,0;  0,0;  0,0;  0,0;  0,0;  0,0;  0,0;  0,0;  0,0;  0,0;  0,0;  0,0;  0,0;  0,5;  0,2;  3,7;  2,3;  0,0;  0,2;  0,0;  0,0;  0,0;  0,0;0,0;0,0;0,0;3,7;10,5
  09/1983;  0,0;  0,4;  3,8;  1,1;  5,7; 60,2;  5,4;  8,6; 17,9;  1,1;  6,3;  7,1; 18,7;  0,0;  0,0; 35,9;  3,7; 18,5; 26,2;  6,7;  2,6;  2,4; 24,1; 32,6; 18,8;  0,1;  0,3;  0,0;0,0;0,0;---;60,2;308,2
  10/1983; 10,8;  6,5; 13,1;  2,6; 23,4;  8,1;  0,0;  0,0;  0,0;  0,0;  2,5;  2,8;  6,5; 30,6; 10,8;  0,0;  0,0;  0,3; 33,0;  4,7;  0,4;  0,2; 14,9; 35,4;  1,2;  0,0;  0,0;  0,0;0,0;6,7;0,0;35,4;214,5
  11/1983; 12,4;  0,0; 45,5;  0,3; 12,5;  0,0;  0,0;  0,0;  0,0;  2,2;  7,3; 23,8;  1,1;  0,0;  3,4;  3,2;  0,0;  0,0;  0,0;  7,2; 12,6;  9,3; 10,2;  0,0;  0,0;  0,0;  0,0;  0,0;0,0;16,9;---;45,5;167,9
  12/1983;  0,0;  7,1; 48,6;  4,4;  0,6;  7,8;  0,0;  0,2;  0,0;  4,5;  6,3; 20,5;  8,8; 45,2; 26,7;  0,0; 12,7; 10,7;  0,0;  0,1; 13,4;  4,4; 12,7; 11,4; 12,5;  4,1;  3,1; 21,6;14,9;0,5;2,3;48,6;305,1
  01/1984;  0,0;  0,0; 17,8;  0,3;  0,0;  3,6;  3,1;  0,0;  0,0;  1,1;  2,7;  0,0;  0,0;  0,0;  0,0;  0,0;  0,0;  0,0;  0,0;  0,4;  1,6;  5,9; 23,7;  2,9;  8,3;  0,7;  9,3;  2,4;9,0;0,0;9,9;23,7;102,7
  02/1984;  0,0;  0,0;  0,0;  0,0;  0,0;  0,0;  0,0;  4,9;  0,9;  0,0; 10,8;  0,0;  0,0;  0,0;  0,0;  0,0;  0,0; 13,0;  0,0;  0,0;  0,0;  0,0;  0,2;  0,0;  0,0;  0,0;  0,3;  0,0;0,0;---;---;13,0;30,1
  03/1984;  0,0;  0,0; 11,9;  0,0;  0,0;  6,9;  9,6;  5,2;  0,4;  8,3;  1,8;  0,0;  1,2;  2,8;  0,1;  0,0;  0,0;  0,0;  0,3;  0,1;  0,8; 23,2; 27,3;  0,0;  0,0;  0,0;  0,0; 26,1;0,0;7,1;2,3;27,3;135,4
  04/1984;  0,9;  0,0;  0,0;  8,8;  7,9;  0,0;  1,3;  3,9;  0,4;  3,1;  0,3;  0,3;  0,0;  0,0;  0,0;  0,2;  0,0;  0,0;  1,9; 19,8; 19,9;  0,8;  0,0;  0,0;  4,2;  2,7;  3,3;  6,9;0,0;4,2;---;19,9;90,8
  05/1984;  0,3; 39,1; 11,7;  0,0; 21,1;  7,2;  0,0;  0,0;  0,0;  0,0;  0,0;  0,0;  0,0; 10,8;  8,9; 16,5;  0,0;  5,2;  0,0;  0,0;  0,0;  0,0;  0,0;  0,0;  0,0;  0,0;  0,0;  0,0;0,0;0,0;0,0;39,1;120,8
  06/1984;  1,5;  0,1;  0,0;  0,0;  0,0;  0,0;  0,0;  0,0;  0,0;  0,0;  0,0;  0,0;  0,0;  0,0;  0,0;  0,0;  0,0;  0,0;  0,0;  0,0;  0,0;  0,0;  0,0;  0,0;  0,0;  0,0;  0,0;  1,0;4,0;1,8;---;4,0;8,4
  07/1984;  0,0;  0,6;  0,0;  0,0;  0,0;  0,0;  0,0;  0,0;  0,0;  0,0;  0,0;  0,0;  0,0;  0,0;  0,0;  1,1;  0,0;  0,0;  0,0;  0,0;  0,0;  0,0;  0,0;  0,0;  0,0;  0,0;  0,0; 12,6;0,0;0,5;0,0;12,6;14,8
  08/1984;  0,0;  0,0; 17,5; 16,3;  0,0;  0,0;  0,0;  0,0;  0,0;  0,0;  0,0;  0,0;  0,0;  0,0;  0,5;  1,4;  4,5;  1,3;  0,0;  0,3;  0,5;  0,0; 20,6; 13,7;  0,5; 18,1;  0,1;  1,0;0,7;1,9;0,3;20,6;99,2
  09/1984;  2,1;  3,1;  0,0;  0,0;  0,0;  0,0;  4,6;  0,2;  9,8;  0,0;  0,0;  0,0;  0,0;  0,0;  0,0;  0,0;  0,0;  0,0;  0,0;  0,0; 16,7;  1,0;  0,0;  0,0; 28,4;  0,0; 17,1;  2,7;0,0;0,0;---;28,4;85,7
  10/1984;  0,0;  0,3;  0,0;  0,0;  0,0;  0,0;  0,0;  0,7;  0,5;  0,0; 21,1;  3,1;  0,0;  0,0;  0,0;  2,3;  0,0;  0,0; 12,1; 14,9;  0,0;  0,0;  0,0;  0,0;  0,7;  0,0;  0,0;  0,0;0,0;0,0;0,0;21,1;55,7
  11/1984;  0,0;  0,0;  0,0;  0,0;  0,4;  1,9;  0,0;  0,7;  0,0;  0,9;  4,8; 10,7; 10,0; 11,3;  0,1;  0,0;  5,2;  3,7;  4,4;  0,0; 14,9;  0,0;  2,8;  1,5;  0,0; 11,4;  3,6;  5,9;0,0;0,0;---;14,9;94,2
  12/1984;  0,5; 13,9;  0,0; 50,5;  0,3;  0,0;  2,5; 31,9;  6,0;  4,8;  1,0;  0,4;  1,1;  6,9; 30,5; 16,2; 12,9; 12,8;  0,0;  0,0;  0,0;  0,0;  0,0;  0,0;  0,0;  7,6; 27,7; 31,5;1,3;33,4;0,6;50,5;294,3
  01/1985;  1,9;  2,8; 18,2;  0,0;  4,2;  1,4;  0,2; 15,7; 39,6;  1,1;  0,0;  0,0;  0,3;  0,1; 11,9;  0,0; 45,2; 20,4; 29,6; 11,9; 57,5; 11,5; 63,3; 11,9; 16,5; 19,1;  5,9;  6,7;52,9;29,3;36,0;63,3;515,1
  02/1985; 11,6;  2,9;  0,3;  0,0;  0,0;  5,4; 22,4;  0,0;  0,7; 24,7; 38,9;  2,1; 29,7;  3,8; 61,1;  1,4;  1,1;  0,0;  0,0;  0,0;  0,0; 10,5; 25,3; 12,1;  1,3; 18,7; 21,3; 27,4;---;---;---;61,1;322,7
  03/1985;  7,4;  7,3;  1,5; 59,9;  8,5;  2,7;  3,0;  0,0;  6,4;  0,5; 11,1;  0,0;  0,0;  0,0; 16,3;  6,5; 11,1; 25,5; 12,9;  6,5;  0,0;  0,7;  0,0;  0,0;  0,0;  1,3;  1,3;  5,5;0,0;0,0;5,0;59,9;200,9
  04/1985;  3,3;  0,4;  0,0;  0,0; 17,9;  0,9;  0,2;  0,0;  1,3;  0,5;  0,0;  0,5;  1,9;  0,0;  0,0;  0,0;  3,4;  8,9;  7,3;  7,3;  0,0;  0,0;  0,0;  0,0;  0,0;  0,0;  0,3;  0,5;0,0;0,0;---;17,9;54,6
  05/1985;  9,9;  7,5;  3,4;  0,5;  0,0;  0,0;  0,0;  0,0;  0,0;  1,1;  2,7;  0,3;  0,0;  0,0;  0,0;  0,0;  0,0;  0,0;  0,0;  0,0;  0,3; 29,3;  0,2;  0,0;  0,0;  0,0;  0,0;  0,0;0,0;0,0;0,0;29,3;55,2
  06/1985;  0,0;  0,0;  0,0;  8,9;  1,1;  0,0;  0,0;  0,0;  0,0;  2,4;  0,0;  0,0;  0,0;  0,0;  0,0;  0,0;  0,0;  0,0;  0,0;  0,2;  0,0;  0,0;  0,0;  0,0;  0,0;  0,0;  0,0;  0,0;0,0;0,0;---;8,9;12,6
  07/1985;  0,0;  0,0;  0,0;  0,0;  0,0;  0,0;  5,2;  0,0;  0,0;  0,0;  0,0;  0,4;  0,0;  0,0;  0,0;  0,0;  0,0;  0,0;  0,0;  0,0;  0,0;  0,0;  0,0;  0,0;  0,0;  0,0;  0,0;  0,0;0,0;0,0;0,0;5,2;5,6
  08/1985;  0,0;  0,0;  0,0;  0,0;  0,0;  0,0;  0,0;  0,0;  0,0;  0,0;  0,0;  2,9;  0,0;  0,1;  0,0;  0,0;  0,0;  0,0;  0,0;  0,0;  0,0;  0,6;  6,4;  0,0;  0,0;  0,0;  0,0;  1,5;1,4;0,0;32,5;32,5;45,4
  09/1985; 19,9;  7,4;  3,4;  0,9; 10,9; 11,5; 16,5;  0,0;  0,0;  0,0;  0,0;  0,0;  0,0;  0,0;  0,0;  0,0;  0,0;  0,0;  0,0;  0,0;  5,9;  0,0;  0,0; 23,4;  0,0;  0,0;  0,4;  0,0;1,2;28,1;---;28,1;129,5
  10/1985;  0,0;  0,0;  3,8;  0,0;  0,0;  0,0;  0,0;  9,7;  0,0;  0,5;  1,2;  0,0;  0,0;  0,0;  0,0;  0,0;  0,0;  0,5;  0,0;  0,0;  1,2;  0,0;  0,5;  2,8;  2,9;  5,3;  3,9;  0,1;30,8;1,3;32,9;32,9;97,4
  11/1985;  0,0; 13,6; 27,8; 15,6; 14,5; 10,9;  3,1;  0,0;  0,0;  0,0;  0,0;  0,0;  0,0;  0,0;  0,0;  0,0;  0,0;  0,0;  0,0;  0,0;  6,2; 49,6;  0,0; 27,6;  0,4;  3,1; 17,6;  6,5;9,2;5,6;---;49,6;211,3
  12/1985;  0,0;  0,0;  7,9; 47,7; 15,1;  3,1;  2,2;  0,0;  0,0;  0,0;  0,0;  0,0;  0,0;  0,0;  0,0;  1,6;  9,2;  0,0;  0,0;  0,0;  0,4;  0,7;  0,9; 42,6; 39,4; 11,9; 28,0;  0,9;1,8;30,3;0,7;47,7;244,4
  01/1986;  1,9;  0,0; 14,8;  0,0;  0,0; 15,5;  0,0;  0,2;  2,2;  0,4;  0,2; 16,7;  1,9;  0,0; 66,7; 10,2;  0,0;  0,0;  0,0;  0,0;  0,0;  2,7;  4,9;  3,8; 23,9;  1,1;  5,6;  6,3;0,0;0,0;0,0;66,7;179,0
  02/1986;  0,0;  0,0; 17,9;  7,7;  1,4;  0,0;  0,0;  1,2;  1,4;  2,3;  9,6; 16,5; 34,4;  2,9; 20,8; 10,2;  3,7; 12,1; 22,3;  8,5; 12,7; 15,2;  0,0; 12,9;  0,1;  4,4;  1,7; 16,1;---;---;---;34,4;236,0
  03/1986;  0,0; 56,4; 22,4; 16,3; 23,7;  7,8;  6,3;  7,7; 13,4; 17,8;  2,4;  0,0;  0,0;  1,2;  0,0;  0,0;  0,0;  0,0;  0,4; 60,4;  5,7;  0,0;  0,0; 11,3;  7,5;  2,1; 12,1;  0,2;0,0;18,1;3,1;60,4;296,3
  04/1986;  0,0;  0,0;  0,0;  0,0;  0,0;  0,0;  0,3;  2,5;  0,0;  4,1;  2,2;  0,0;  0,0;  0,0;  5,5; 41,6;  2,1;  0,0;  0,0;  0,0;  0,0;  0,0;  0,2;  1,4;  0,0;  0,0;  1,9;  7,3;0,1;0,0;---;41,6;69,2
  05/1986;  0,0;  0,0;  0,0;  0,0;  0,0;  0,0;  0,0;  1,6;  8,8;  9,6;  0,0;  0,9;  9,9;  0,0;  0,8;  0,0;  0,0;  0,0; 25,4;  0,0;  0,0;  0,3;  0,0;  0,0;  0,0;  0,0;  0,7;  0,0;0,0;0,0;11,9;25,4;69,9
  06/1986;  3,6;  0,0;  0,0;  0,0;  0,0;  0,0;  0,0;  0,0;  0,0;  0,0;  0,0;  0,0;  0,0;  0,0;  0,0;  0,0;  0,0;  0,0;  0,0;  0,0;  0,0;  0,0;  0,0;  0,0;  0,0;  2,1;  0,1;  0,0;0,0;0,0;---;3,6;5,8
  07/1986;  0,0;  4,3; 14,1;  0,0; 11,3; 11,1;  3,3; 18,1;  0,2;  0,0;  0,0;  0,0;  0,0;  0,0;  0,0;  0,0;  0,0;  0,0;  0,0;  0,0;  0,0;  1,7; 21,8;  0,7;  0,0;  0,0;  0,0;  0,0;0,0;0,0;0,0;21,8;86,6
  08/1986; 13,3;  0,0;  0,0;  0,0;  0,0;  0,0;  0,0;  0,0;  0,0;  0,0;  0,0;  0,0;  6,3;  0,0;  0,6;  0,0;  0,5;  0,0;  0,5;  0,0;  7,5; 27,3;  0,7;  9,5;  0,7;  0,5;  8,5;  0,0;0,0;0,0;0,0;27,3;75,9
  09/1986;  1,3;  0,0;  0,0;  0,0;  0,0;  0,2;  0,0;  0,0;  0,0;  0,0;  0,0;  0,0;  0,0;  0,0;  0,0;  0,0;  0,0;  0,0;  0,2; 10,7; 14,9;  0,9;  0,0;  0,0;  1,4;  1,5; 13,1;  0,2;12,9;0,0;---;14,9;57,3
  10/1986;  0,0;  0,0;  0,0;  0,0;  0,0;  0,0;  0,0;  0,0;  6,5;  0,0;  3,4;  0,0;  0,3;  0,2;  0,5;  0,0;  0,0;  0,0;  1,9;  7,3; 12,4; 21,3;  3,1;  0,0;  0,0;  0,0;  0,0; 26,1;3,7;0,0;0,0;26,1;86,7
  11/1986;  0,0;  0,0;  0,0;  0,0;  0,8;  0,2;  0,1;  4,7;  0,0; 28,9; 36,3; 33,7;  0,1;  0,0;  0,0;  0,0;  0,0;  0,0;  0,0;  0,0;  0,0;  0,0;  0,0; 14,3; 25,1;  0,2;  0,0;  0,0;3,6;0,5;---;36,3;148,5
  12/1986;  2,1;  3,1;  0,0;  3,9; 34,9;  0,7;  8,9; 23,7; 12,9; 25,7;  0,0;  0,0; 29,9;  1,4;  5,8;  6,8; 21,2;  0,9;  0,0;  1,3; 44,2;  4,9;  6,1; 14,1;  7,9; 18,4; 44,8;  2,5;0,4;6,7;3,1;44,8;336,3
  01/1987;  0,0;  0,9;  0,0;  4,9;  0,0; 12,6;  0,0;  0,0;  1,9;  0,7; 11,1;  2,2; 10,0;  0,0;  0,0;  0,0; 17,2; 29,7;  5,3;  5,3;  0,0;  0,0;  0,0; 24,5;  2,7;  7,6;  7,5; 19,7;10,0;6,6;2,9;29,7;183,3
  02/1987;  0,0;  0,0;  3,0;  0,5; 11,7;  9,5;  5,1;  0,0;  0,0; 32,3;  1,6;  0,0;  1,7;  3,7; 42,2; 17,9; 37,5; 24,5;  0,0; 16,5;  0,0;  0,0;  0,0;  0,0;  0,0;  0,0;  0,0;  0,0;---;---;---;42,2;207,7
  03/1987;  0,0;  0,0;  0,0;  0,0;  0,0;  0,0;  0,0;  0,0; 20,7; 27,9; 13,5;  0,0;  0,0;  0,0;  4,0;  0,5;  0,0;  0,0;  0,7;  0,0;  2,3;  0,0;  0,0;  0,0;  0,0;  0,0;  0,0;  0,0;0,0;0,0;0,0;27,9;69,6
  04/1987;  0,0;  0,0;  8,7; 46,7; 86,9; 62,8;  0,1; 10,2;  0,0;  0,0;  0,8;  0,0;  0,0;  0,0;  1,8;  0,0;  0,0;  0,0;  0,0;  0,0;  1,7;  6,7;  0,0;  9,5;  0,2;  0,0;  2,1; 10,2;0,0;0,0;---;86,9;248,4
  05/1987;  3,3;  1,7;  0,0;  0,1; 16,8; 14,2;  0,0; 12,3; 14,1;  2,4;  0,9;  0,0;  0,7;  0,0;  0,0; 13,1;  0,2; 23,5;  0,1;  1,1; 15,7; 11,6;  0,0;  0,2;  6,8;  0,0;  0,0;  0,0;1,2;0,0;0,0;23,5;140,0
  06/1987;  0,0;  0,0;  0,0;  0,0;  0,0;  0,0; 19,5;  8,9;  0,0;  0,0;  0,0;  0,0;  0,0;  0,0; 18,4; 13,5;  2,4;  0,9;  0,0;  0,0;  0,0;  0,0;  8,1;  1,8;  0,2;  0,0;  0,2;  0,0;0,0;0,0;---;19,5;73,9
  07/1987;  0,0;  0,0;  0,0;  0,0;  0,0;  0,2;  0,0;  0,0;  0,0; 11,7;  0,0;  0,0;  0,0;  0,0;  0,0;  0,0;  0,0;  0,0;  0,0;  0,0;  0,0;  0,0;  0,0;  0,0;  0,0;  0,0;  0,0;  0,0;0,0;0,0;10,7;11,7;22,6
  08/1987;  0,5;  0,0;  0,0;  0,0;  0,0;  0,0;  8,4;  0,0;  0,0;  0,0;  0,0;  0,0;  0,0;  0,0;  0,0;  0,0;  0,0;  1,2;  2,3;  0,5;  0,0;  0,0;  0,0;  0,0;  0,0;  0,0;  0,0;  0,0;0,0;0,0;0,0;8,4;12,9
  09/1987;  3,1;  0,1;  0,0; 10,7;  0,0; 21,9;  3,7;  0,5;  0,0;  0,0; 12,9;  5,6;  1,1;  0,0;  0,0;  0,0;  0,2; 34,6; 14,1;  2,3;  1,4; 39,9;  6,6;  0,2;  8,3;  0,0;  0,0;  4,2;0,0;0,4;---;39,9;171,8
  10/1987;  0,0;  5,7;  5,3;  0,1;  0,0; 39,7;  0,0;  0,0;  0,0;  0,0;  0,0;  0,0;  0,0;  0,0;  0,0;  0,0;  0,4;  0,0;  1,1;  4,2; 15,1;  1,9;  0,0;  5,6; 19,1;  1,3;  0,0; 24,7;0,7;7,1;0,0;39,7;132,0
  11/1987;  0,0;  0,0;  0,0;  0,0;  0,0;  0,0;  0,9;  0,0;  0,5; 36,9;  2,6;  0,7;  0,0;  0,0;  5,2; 39,3; 33,9;  0,0;  0,0;  0,0;  0,0;  9,2;  5,9;  0,9;  0,0;  9,1;  6,9;  0,0;0,3;0,0;---;39,3;152,3
  12/1987;  0,0;  0,0;  0,0;  3,1;  3,9;  9,4; 38,1;  5,2;  2,4;  5,7; 13,1; 26,4;  0,0; 27,3;  0,0;  0,0;  0,0;  1,7; 39,1;  9,7; 19,5;  1,9;  0,0;  0,0;  0,1;  0,7;  2,7;  3,7;1,9;0,0;0,0;39,1;215,6
  01/1988;  2,6;  8,2; 24,5;  0,6;  3,8; 22,2; 14,5; 44,5;  8,5; 31,4; 11,9; 27,2;  1,4;  1,3;  0,0;  9,3;  4,3;  0,0;  1,2;  0,0; 10,4;  0,0;  3,5;  5,6;  4,7;  1,9;  4,7;  0,0;2,4;0,0;0,2;44,5;250,8
  02/1988;  1,2;  3,1;  1,6; 44,7;  5,7; 28,8;  5,2;  3,8;  8,9;  0,0; 28,9; 32,7; 13,7;  0,0; 16,6;  0,0;  0,6;  7,4; 23,7; 66,7;  0,2;  5,8; 23,8;  0,0;  0,0;  0,0;  0,0;  0,0;0,8;---;---;66,7;323,9
  03/1988;  0,0;  3,4; 23,9;  2,2; 12,7;  0,0; 15,9;  4,6;  4,6; 10,5;  0,0;  0,0;  0,0;  0,0;  0,0;  0,0; 39,4; 17,1; 63,7;  0,0;  0,0;  0,0;  0,0;  0,0;  0,0;  0,0;  0,0;  0,0;0,0;0,0;0,0;63,7;198,0
  04/1988;  0,2;  0,3; 32,5;  0,0;  0,0;  1,5;  0,0;  2,8;  2,2;  2,4;  0,1;  7,3;  8,4; 32,9;  0,7;  0,0;  0,0;  0,8;  0,1;  2,9;  3,6;  9,3;  0,8;  0,0;  0,1;  0,0;  0,2; 11,1;5,9;1,9;---;32,9;128,0
  05/1988;  0,7;  0,0;  0,0;  0,0;  1,6;  1,2;  0,5;  0,0;  6,5;  0,0;  0,0;  0,1;  3,7; 16,1;  0,0;  0,3;  0,0; 23,2;  0,3;  0,0;  0,0;  3,1;  0,7;  1,4; 17,5;  2,4;  2,6;  0,0;0,0;40,3;6,1;40,3;128,3
  06/1988;  0,0;  0,0;  0,0; 14,3;  7,4;  0,0;  0,0;  0,0;  0,0;  0,0;  0,0;  0,0;  0,0;  2,2; 19,9;  0,2;  0,0;  0,0;  0,0;  0,0;  0,0;  0,0;  0,0;  0,0;  1,7; 11,9;  0,1;  0,2;0,0;0,0;---;19,9;57,9
  07/1988;  0,0;  0,0;  0,0;  0,0;  0,0;  0,0;  0,0;  0,0;  0,9;  0,0;  0,3;  2,9;  2,1;  1,6;  0,0;  0,0;  0,0;  0,0;  0,0;  0,0;  0,0;  0,0;  0,0;  0,0;  0,0;  0,0;  0,0;  0,0;0,0;0,0;0,0;2,9;7,8
  08/1988;  0,0;  0,0;  0,0;  0,0;  0,0;  0,0;  0,0;  0,0;  0,0;  0,0;  0,0;  0,0;  0,0;  0,0;  0,0;  0,0;  0,0;  0,0;  0,0;  0,0;  0,0;  2,1;  0,0;  0,0;  0,0;  0,0;  0,0;  0,0;0,0;0,0;0,0;2,1;2,1
  09/1988;  0,0;  0,0;  0,0;  0,4;  0,6;  0,0;  0,0;  0,0;  0,0;  0,0;  0,0;  0,0;  0,0;  0,0; 14,6;  2,6;  0,3; 29,3;  4,5;  0,1;  0,0;  0,0;  0,0;  0,0;  0,0;  0,0;  0,0;  0,0;4,3;0,6;---;29,3;57,3
  10/1988;  0,0;  0,0;  0,0;  0,0; 13,1; 47,1;  6,3;  0,0;  0,0;  0,0; 11,1;  0,3; 46,6;  2,5;  0,0;  0,0;  0,6; 14,6;  0,7; 14,7;  3,1; 13,7;  1,1;  1,3;  0,2; 27,8; 11,1; 13,4;0,0;0,0;1,1;47,1;230,4
  11/1988;  4,9; 20,9;  2,9;  8,9; 13,1; 10,9;  0,7;  7,3;  8,8;  0,0;  0,0;  0,0;  0,0;  4,4; 12,5; 49,9;  0,0;  0,0;  0,0;  0,0;  0,9;  0,1;  0,4;  3,5;  0,1;  0,0;  5,5;  8,2;0,2;0,0;---;49,9;164,1
  12/1988;  0,0;  0,0;  1,6;  0,0;  0,0;  0,0;  0,1;  0,0;  0,0;  0,5;  0,0; 20,3;  0,0; 14,1; 19,1;  7,4;  4,1;  0,0;  0,0;  2,9; 36,7;  6,2;  6,3; 36,1;  1,3;  4,2;  2,6;  0,0;0,0;4,1;8,7;36,7;176,3
  01/1989;  3,7;  5,7; 22,1;  7,8; 10,8; 13,6; 24,9;  3,9;  9,6;  4,8;  1,9; 57,6;  2,1;  7,4;  1,3; 17,0;  0,1;  1,3;  0,7; 23,6;  1,4;  0,0;  6,8; 45,4;  0,0;  0,0;  0,0;  0,5;0,0;0,0;0,0;57,6;274,0
  02/1989;  0,0;  0,0; 13,1;  4,8; 10,7; 12,7;  1,6; 22,5; 17,8; 31,3;  9,4;  0,3;  0,2; 21,4; 16,1;  8,2;  0,0;  2,2;  0,0;  0,0;  0,0;  0,0;  0,0;  0,0; 67,3; 19,3;  0,0;  0,0;---;---;---;67,3;258,9
  03/1989;  5,6; 16,5;  5,1; 22,9; 41,5; 34,9;  7,9; 25,7; 21,8;  0,9;  0,0;  0,0;  0,0; 48,3;  8,1; 17,8;  0,0; 13,9;  1,7;  0,0;  0,0;  0,0;  0,0;  9,5;  0,0;  0,0;  0,0;  0,0;19,9;0,0;0,0;48,3;302,0
  04/1989;  2,7;  0,0;  0,0;  6,4;  0,0;  5,4;  0,0;  9,6;  0,0;  0,0;  0,0; 34,1;  6,5; 13,9;  0,7;  0,0;  0,0;  0,0;  0,0;  7,3;  0,0;  0,1;  0,0;  0,0;  0,0;  0,0;  0,0;  0,0;0,0;0,0;---;34,1;86,7
  05/1989;  0,0;  6,9;  0,0;  0,0;  0,0;  8,2;  0,4;  0,5;  0,0;  0,0;  0,0;  0,0;  0,0;  0,0;  0,0;  0,0;  0,0;  0,0;  0,0;  0,0;  0,0;  0,1;  0,0;  0,0;  0,0;  3,5;  0,0;  2,1;0,5;0,0;0,0;8,2;22,2
  06/1989;  0,0;  0,0;  0,0;  0,0;  0,0;  0,0;  0,0;  0,0;  0,0;  0,0;  4,8; 38,1;  1,5;  0,0;  0,0;  0,0;  0,0;  0,0;  0,0;  0,0;  0,0;  0,0;  0,0;  0,0;  4,2; 11,7;  0,0;  0,0;0,0;0,0;---;38,1;60,3
  07/1989;  0,0;  0,0;  0,0;  0,0;  0,0;  0,0;  0,1;  6,1;  0,8;  0,0;  0,0;  0,0;  0,0;  0,0;  0,0;  0,0;  0,0;  0,0;  0,0;  0,0;  0,0;  0,0;  0,0;  0,0;  0,0;  0,0;  1,9; 15,6;12,2;2,4;34,7;34,7;73,8
  08/1989;  0,0;  0,0;  0,0;  0,0;  0,0;  0,0;  1,4;  0,0;  0,0;  0,0;  0,0;  0,0;  0,8;  0,0;  0,0;  0,0;  0,0;  0,0;  0,0;  0,0;  0,0;  0,0;  4,9;  0,0;  0,0;  4,9;  0,0;  4,9;0,5;0,0;0,0;4,9;17,4
  09/1989;  0,0;  7,2;  0,0;  0,0;  0,0;  8,4;  0,0;  0,5; 11,5;  4,5;  0,0;  0,0; 17,6;  0,0;  0,0;  0,0;  0,0;  0,0;  0,0;  0,0;  0,0;  0,0;  0,0;  0,0;  0,0; 10,7; 43,3;  2,8;6,1;0,4;---;43,3;113,0
  10/1989;  4,6;  0,0;  0,0;  0,0;  0,0;  0,3;  0,0;  0,0;  0,0;  2,1;  0,0; 14,5;  0,0;  0,0;  0,0;  4,5;  0,0;  0,0;  0,0;  0,0;  0,0; 12,8;  0,0;  0,0;  0,0;  0,0;  0,0;  7,1;0,0;0,0;0,0;14,5;45,9
  11/1989;  7,7;  0,0;  0,0;  2,9;  0,0;  0,0;  0,0;  0,0;  0,0; 27,9;  7,4;  1,4; 13,7;  0,0;  0,0;  0,0; 48,1;  0,0;  0,0; 23,3;  0,0;  4,9; 13,9;  4,2; 17,1;  0,0;  0,0;  0,0;0,0;12,7;---;48,1;185,2
  12/1989;  0,0;  0,0;  0,0;  0,0;  0,0;  0,0;  0,0;  0,0;  0,0;  0,0;  0,9; 27,5; 14,1; 52,7; 54,1; 19,3;  0,0;  0,0;  2,1; 36,7; 13,2;  0,0;  0,0;  0,0;  0,0;  0,0; 13,7;  4,1;2,1;2,1;0,0;54,1;242,6
  01/1990; 15,3; 15,5;  1,8; 17,6;  2,2;  3,2;  0,0;  0,0;  0,0;  0,0;  0,0;  0,0;  0,0;  3,7;  0,0;  0,5;  0,0;  0,0;  0,0;  3,4;  0,0;  0,0;  0,9;  0,0;  0,0;  2,8;  0,0;  0,0;0,0;0,0;0,0;17,6;66,9
  02/1990;  0,0;  0,0;  0,0;  0,0;  0,0;  0,0; 23,9; 13,8;  0,0;  0,0;  0,0;  0,0; 25,5;  3,9;  7,4;  0,0;  0,0;  0,0;  0,0;  0,0;  0,0;  1,1; 12,2;  0,0; 17,4; 35,1;  0,0; 30,9;---;---;---;35,1;171,2
  03/1990; 31,2;  0,0; 15,8;  0,0; 50,3;  0,4;  0,0;  1,5;  2,3;  1,4;  0,0; 21,9;  0,0;  0,0;  0,0;  8,1;  3,6;  0,0;  2,5;  3,9;  3,2; 10,8;  9,7;  1,7;  0,0; 43,4;  5,7;  6,4;7,8;0,0;0,0;50,3;231,6
  04/1990;  0,0;  0,0;  0,0;  0,0; 20,5; 17,5;  0,0; 10,8;  0,0;  5,9;  0,0;  0,0;  0,0;  0,0;  0,0;  0,0;  0,0;  7,9;  8,9; 21,4;  1,3;  0,0;  0,0;  0,0;  0,0;  0,0;  0,0;  0,0;0,0;0,0;---;21,4;94,2
  06/1990;  0,0;  0,0;  0,0;  0,0;  0,0;  0,0;  0,0;  0,0;  0,0;  0,0;  0,0;  0,0;  1,2;  0,0;  0,0;  0,0;  0,3;  0,0;  0,0;  0,0;  0,2;  0,0;  0,0;  0,0;  0,0;  0,0;  0,0;  0,0;0,0;0,0;---;1,2;1,7
  07/1990;  0,0;  0,0;  0,0;  0,0;  0,0;  0,5;  0,0;  0,0;  0,0;  0,0;  6,4;  2,8;  0,0;  0,0;  0,0;  0,0; 21,5; 11,8;  0,0;  2,4;  0,2;  0,0;  0,0;  0,0;  0,0;  0,0; 10,5;  0,0;0,0;0,0;0,0;21,5;56,1
  08/1990;  0,0;  0,0;  0,0;  0,0;  0,0;  0,0;  0,0;  0,0;  0,0;  0,0;  0,0;  0,0;  0,0;  0,0;  0,0;  0,0; 14,9;  7,5;  0,0; 19,7;  2,6; 13,7;  6,1;  9,9;  0,0;  0,0;  0,0;  3,9;1,1;0,5;0,0;19,7;79,9
  09/1990;  0,0; 13,1;  1,2;  0,0;  0,0;  0,7;  0,0;  0,0;  0,0;  0,0;  0,0;  0,0;  4,4; 42,6; 15,4;  0,0;  0,0;  0,0;  0,0;  0,0;  0,0;  0,0;  0,0; 37,9;  1,9;  0,0;  0,0;  0,0;0,0;0,0;---;42,6;117,2
  10/1990;  0,0; 17,5;  5,3;  2,5; 18,5;  0,0;  0,0;  0,0;  0,0;  0,0;  0,0;  2,9;  6,6;  0,5;  0,0; 27,2; 18,8;  4,3;  1,2; 22,3;  1,1;  0,0;  0,0;  0,0;  4,9;  5,8;  0,0;  0,0;1,2;0,0;0,0;27,2;140,6
  11/1990; 17,8;  0,0;  2,5;  0,0;  0,5; 17,5;  0,5;  0,0;  4,1;  0,0;  0,6;  0,7;  0,0;  0,0;  0,0;  0,0;  0,0;  0,0; 39,8;  0,0;  0,0;  0,0;  0,0; 12,3;  5,1;  0,6;  0,0; 21,7;8,8;3,3;---;39,8;135,8
  12/1990;  0,0;  0,0;  0,0;  0,0;  0,0;  0,0;  0,0;  8,3;  4,6;  0,0;  5,1; 54,9;  3,5;  5,7; 19,5;  1,8; 18,5;  0,0;  0,0;  5,2;  0,0;  0,0;  0,0;  0,0; 10,9; 24,0;  1,9; 21,4;0,0;4,6;0,0;54,9;189,9
  01/1991;  0,0;  1,2;  0,9;  3,1;  7,6;  0,0;  0,0;  0,0;  0,9; 33,1;  3,3; 18,7;  2,6; 12,9; 18,6; 83,4; 20,5;  1,5;  1,3;  3,4; 24,6;  0,0;  0,3;  7,3;  8,3;  9,2; 34,1;  4,0;0,0;2,1;0,0;83,4;302,9
  02/1991;  0,3;  0,0;  7,8;  8,9; 23,6;  0,5; 22,6;  9,2;  4,7;  5,3;  0,0;  3,3;  7,0;  1,3;  0,5;  0,0;  0,0;  2,7; 22,3;  0,5;  0,0;  0,0;  0,0;  7,3;  0,0;  0,0;  0,0;  0,0;---;---;---;23,6;127,8
  03/1991;  1,2;  0,0;  4,7; 15,4; 31,6;  5,3;  7,1; 15,8;  0,0;  0,0;  0,0; 43,7;  5,0; 64,7;  1,7;  0,0;  0,0;  0,0;  0,0;  4,7; 14,7; 44,5; 25,6;  2,5;  7,9;  6,2;  0,5; 51,1;59,4;42,9;10,7;64,7;466,9
  04/1991;  0,5;  0,0;  1,4;  0,0;  5,2;  4,5;  0,0;  0,0;  0,0; 11,3;  0,0;  0,0;  0,0; 13,1; 21,1;  5,7;  0,0;  0,0;  0,0; 15,3;  0,0;  0,0;  0,0;  0,0;  0,0; 42,9; 23,7;  0,0;0,0;0,0;---;42,9;144,7
  05/1991;  0,0;  0,0;  0,0;  0,0;  0,0;  0,2;  2,2;  5,6;  4,2;  0,0;  0,0;  0,0;  0,0;  0,0;  0,0;  2,3;  0,0;  0,0;  0,0;  0,0;  5,5;  0,0;  2,3;  0,0;  0,0;  0,0;  0,0;  0,0;0,0;0,0;0,0;5,6;22,3
  06/1991;  0,0;  0,0;  0,0;  0,0;  0,0;  0,0;  0,0;  0,0;  0,0;  7,2;  0,0;  0,0;  0,0;  0,0;  0,0;  0,0;  0,0;  0,0;  0,0;  0,0;  0,0;  0,0;  3,6;  8,3; 18,5;  0,0;  0,0;  0,0;0,0;3,9;---;18,5;41,5
  07/1991;  3,7;  0,0;  0,0;  0,0;  0,0;  0,0;  0,0;  0,0;  0,0;  0,0;  0,0;  4,9;  5,6;  4,4;  6,4;  0,0;  4,5;  0,0;  0,0;  0,0;  0,0;  0,0;  0,0;  0,0;  0,0;  0,0;  0,0;  0,0;0,0;0,0;0,0;6,4;29,5
  08/1991;  0,0;  0,0;  2,8;  0,0;  0,0;  0,0;  0,0;  3,9;  0,0;  0,0;  0,0;  0,8;  0,0;  0,3;  0,0;  0,0;  0,0;  0,0;  0,0;  0,0;  0,0;  0,0;  0,0;  0,0;  0,0;  0,0;  0,0;  0,0;0,0;0,0;0,0;3,9;7,8
  09/1991;  0,0; 33,2;  2,6;  0,0;  0,0;  0,0;  0,0;  0,0;  0,0;  0,0;  0,0;  0,0;  0,0;  0,0;  0,0;  0,0;  0,0;  0,0;  0,0;  9,1;  0,0;  0,0;  0,0;  1,2;  0,7; 22,8;  0,0;  0,0;11,7;20,2;---;33,2;101,5
  10/1991; 23,4;  0,6; 37,8;  1,6;  0,0;  0,0; 67,6;  2,8;  2,3;  7,3; 16,2;  0,0;  0,0;  0,0;  0,0;  0,0;  0,0;  8,4;  0,0;  0,0;  1,3;  0,0;  0,0;  0,0;  0,0; 16,0; 10,0;  0,0;0,0;9,0;0,5;67,6;204,8
  11/1991;  6,1; 11,4; 26,7;  0,0; 11,7;  0,0;  0,0;  0,0;  2,4;  3,7;  0,0;  0,0;  5,7; 38,3;  0,0;  0,0;  0,0;  0,0; 13,9;  0,0;  0,0;  0,0;  0,0;  0,0;  0,2;  0,0;  0,0;  0,0;0,0;3,9;---;38,3;124,0
  12/1991;  0,0;  7,0;  0,0;  0,0;  0,0;  2,7; 13,4;  0,3; 12,4; 29,8;  4,5;  0,0; 15,2;  0,0;  0,0;  8,3;  1,7;  0,8;  1,4;  4,5;  0,0;  0,0;  0,0; 10,5;  0,0; 12,9;  0,0; 41,9;0,0;0,8;5,0;41,9;173,1
  01/1992; 61,5;  0,0; 10,3;  0,0; 10,7; 13,9;  0,0;  0,0;  0,0;  1,9;  0,0;  0,0;  0,0;  2,6;  0,0;  0,9; 65,9; 55,8; 11,5;  5,3;  0,5; 51,9; 70,9; 58,8;  0,0;  0,0;  0,0;  0,0;0,0;33,4;22,9;70,9;478,7
  02/1992;  7,1;  0,0;  0,0;  1,0;  5,5;  3,9; 19,2; 15,5;  1,4;  0,0;  0,0;  0,0;  0,0;  0,0;  0,0;  0,0;  0,0;  0,0;  0,0;  0,0;  0,0;  0,0;  0,0; 11,3;  0,0;  8,2;  3,1;  6,3;8,4;---;---;19,2;90,9
  03/1992;  3,4; 14,5;  4,7;  0,3;  5,1;  0,0; 40,8;  0,0;  4,2; 19,0;  0,0;  0,0;  0,0;  1,3;  0,0;  0,0;  4,3;  6,5; 15,0; 26,6;  3,0;  0,0;  0,0;  0,0;  0,0;  4,1; 12,0;  0,0;0,0;5,8;33,5;40,8;204,1
  04/1992;  0,5;  2,3; 14,5;  0,0;  0,0;  0,0;  0,5;  0,0;  1,2;  5,5;  0,0;  0,0;  0,0; 13,9;  9,1;  0,4;  1,7;  0,0;  0,0;  0,0;  0,0;  0,9;  0,0;  0,0;  6,1;  0,0; 28,9;  0,0;0,0;0,0;---;28,9;85,5
  05/1992;  0,5;  8,7;  8,6; 26,9;  0,0;  0,0;  6,7;  0,0;  0,0;  0,0;  0,0;  0,0;  0,0;  0,0;  2,5;  0,0;  0,0;  0,0;  0,0; 27,6;  6,3;  0,0;  6,9;  0,0;  1,2;  0,0;  0,0;  0,0;0,0;0,0;0,0;27,6;95,9
  06/1992;  3,1;  0,0;  0,0;  0,0;  0,0;  0,0;  0,0;  0,0;  0,0;  0,0;  0,0;  0,0;  0,0;  0,0;  0,0;  0,0;  0,0;  0,0;  0,0;  0,0;  0,0;  0,0;  0,0;  0,0;  0,0;  0,0;  0,0;  0,0;0,0;0,0;---;3,1;3,1
  07/1992;  0,0;  0,0;  0,3;  0,0;  0,0;  0,0;  4,3; 29,7; 47,3;  4,3;  0,0;  0,0;  0,0;  0,0;  0,0;  0,0;  0,0;  0,0;  0,0;  0,8;  0,0;  0,0;  0,7;  0,8; 11,5;  0,0;  0,0;  0,0;0,0;0,0;0,0;47,3;99,7
  08/1992;  0,0;  0,0;  5,1;  0,0;  0,0;  0,0;  0,0;  0,0;  0,0;  0,0;  0,0;  0,0;  4,3;  0,0;  0,0;  0,0;  0,0;  0,0;  0,2;  0,0;  2,2;  5,0;  2,7;  1,4;  0,0;  0,0;  0,0;  0,0;2,5;2,0;0,0;5,1;25,4
  09/1992;  0,0;  0,0;  0,0;  2,4;  0,0;  1,3; 55,6;  4,1;  0,3;  0,0;  0,0;  2,5;  8,5;  0,0;  0,0; 18,7;  0,7; 15,6;  0,0;  0,0;  0,0;  0,0;  0,0;  0,0;  0,0;  7,6; 15,7; 15,9;3,1;0,0;---;55,6;152,0
  10/1992;  0,0;  0,2; 22,6;  0,0;  0,0;  0,0;  6,5;  5,6; 27,1;  7,7;  0,0;  0,0; 20,5;  0,0;  0,0;  0,0;  0,0; 18,1; 10,7;  8,5;  0,0;  1,5;  0,0;  0,0;  0,0; 24,8;  0,0;  4,7;1,6;16,8;9,4;27,1;186,3
  11/1992; 11,1; 59,6;  0,0;  1,7; 44,5; 18,1; 36,3;  3,1;  0,5; 18,0;  0,0;  0,0;  0,0;  3,4;  0,0;  0,0;  5,7;  0,7;  0,0;  0,0;  3,1;  7,6;  5,3;  1,4; 11,9;  7,3; 12,4; 16,9;0,3;0,0;---;59,6;268,9
  12/1992;  0,0;  9,9;  4,7;  0,0;  0,0;  0,0;  0,0;  2,3;  3,9;  8,0;  8,1; 27,8; 15,3;  6,5;  0,0;  0,0;  0,0; 24,1;  3,7;  0,0;  0,0;  0,0;  0,0;  0,0;  0,0; 26,3;  0,0;  0,0;0,0;2,4;0,0;27,8;143,0
  01/1993;  0,0;  0,0;  4,2; 25,7; 13,3;  2,1; 36,2;  0,0;  3,3;  0,5;  0,0;  5,0;  4,1;  3,1;  0,0;  0,0;  2,6; 23,5; 12,5;  3,8;  2,7;  2,7;  0,8;  2,4;  4,0;  0,9;  8,9;  1,9;0,0;22,4;0,0;36,2;186,6
  02/1993;  5,9;  3,1;  1,1; 26,5; 23,1;  9,7;  3,3;  0,0;  0,0;  0,0;  1,3; 29,5;  3,1;  5,9; 43,2; 23,9;  5,1;  0,0;  0,9;  0,0;  0,0;  9,9;  0,5;  2,2;  4,9;  9,2; 31,4; 22,3;---;---;---;43,2;266,0
  03/1993;  1,2; 39,7;  0,0;  0,0; 37,2;  0,0;  0,0;  0,0;  0,0;  7,2;  0,0;  9,9;  2,8;  6,3;  0,0;  2,9;  6,4; 29,2;  2,2;  4,9; 10,9;  0,9;  0,0; 24,9; 16,1;  0,0;  0,0;  3,8;0,0;2,4;0,0;39,7;208,9
  04/1993;  0,0;  1,2;  1,2;  7,5;  0,0;  0,9;  0,0;  0,0; 97,3;  0,0;  0,0;  1,0;  0,0;  0,0;  0,0;  0,0;  0,0;  0,0;  0,0;  0,1; 33,6;  2,3;  4,4;  3,6; 13,8;  1,0;  0,0;  0,0;0,0;0,0;---;97,3;167,9
  05/1993;  2,5;  1,8;  0,0;  3,7;  0,0;  9,3;  0,0;  0,0;  0,0;  0,0;  0,0;  0,0;  0,0;  7,7;  0,0;  2,2;  0,7;  0,9;  0,0;  0,0;  0,0;  0,0;  0,0;  0,0;  0,0;  0,0;  0,0;  0,1;0,2;0,1;38,3;38,3;67,5
  06/1993;  0,0;  2,5;  0,1;  0,0;  0,0; 14,3;  0,0;  0,0;  0,0;  0,0; 15,7;  3,5;  2,3;  0,0;  0,0;  0,0;  0,0;  7,2;  9,6;  0,0;  0,0;  0,0;  0,0;  0,0;  0,0;  0,0;  0,0;  0,0;0,0;0,0;---;15,7;55,2
  07/1993;  0,0;  0,0;  0,0;  0,0;  0,0;  0,0;  0,0;  0,0;  0,0;  0,0;  0,0;  0,0;  0,0;  0,0;  5,5; 14,9;  0,1;  0,0;  0,0;  0,0;  0,0;  0,0;  0,0;  0,0;  0,0;  0,0;  0,3;  0,0;0,0;0,0;0,0;14,9;20,8
  08/1993;  0,0;  0,0;  0,2;  0,1;  0,0;  0,0;  0,0;  0,0;  0,2;  0,1;  0,3;  0,0;  0,0;  0,0;  0,1;  0,0;  0,0;  0,0;  0,7;  0,7;  1,0;  0,0;  0,1;  0,2;  5,5;  0,0;  0,0;  0,0;0,0;0,0;0,0;5,5;9,2
  09/1993;  0,0;  0,0;  0,0;  0,2;  0,2;  0,0;  0,0;  0,0;  0,1;  0,2; 18,5;  9,4;  2,0;  0,1; 11,1;  0,4;  0,1;  5,0;  1,1;  2,0;  2,4;  0,1; 12,0; 20,4;  4,1; 12,0;  3,1;  9,4;0,1;12,0;---;20,4;126,0
  10/1993;  0,4;  0,2;  0,1; 18,5;  2,0;  3,1;  9,4;  1,1;  0,0;  0,0;  0,0;  0,0;  0,0;  0,0;  0,0;  0,0;  2,5;  8,5;  4,9;  0,2;  0,5;  0,0;  0,2;  2,5;  0,0;  0,0;  0,0;  2,6;4,1;3,1;0,0;18,5;63,9
  11/1993;  0,0; 12,0; 13,3;  1,5;  0,0;  0,0;  0,0;  0,0;  0,0;  0,0;  2,0;  0,0;  0,0;  0,0;  0,0;  0,0;  0,0; 17,5;  9,7;  6,5; 13,8;  0,0;  5,3; 39,5;  0,0; 12,1;  4,9;  0,0;0,0;0,0;---;39,5;138,1
  12/1993;  0,0;  0,0;  2,6;  0,0;  2,7;  2,9;  3,5; 11,0;  3,1; 25,3; 47,4; 14,0;  0,0;  2,3;  0,6;  0,0;  2,2; 14,6;  1,2;  2,5; 23,5;  0,0;  1,7; 11,0;  2,7; 16,2;  0,0;  0,0;15,7;2,5;14,0;47,4;223,2
  01/1994;  0,7;  5,2;  0,3; 11,0;  9,5; 15,0;  0,0;  0,3;  0,5; 18,5;  0,0;  0,1;  0,3; 18,4; 20,5;  2,8;  0,0;  0,0;  3,5;  6,0; 11,9;  0,0;  2,0;  9,0; 10,0;  4,0;  9,0; 30,0;0,5;0,0;0,0;30,0;189,0
  02/1994;  0,0;  0,5;  0,6;  2,5;  4,0; 19,5;  1,0;  0,0;  0,7;  1,0; 20,0;  0,0;  0,0;  9,5;  1,0;  0,0;  0,0;  0,0;  0,0;  0,0;  0,0;  0,0;  0,0;  0,0;  5,2;  8,3;  0,5; 18,7;---;---;---;20,0;93,0
  03/1994;  0,7;  5,5; 19,5;  5,4;  3,7;  6,0;  9,5;  6,2;  0,4; 17,5; 16,0;  1,0;  0,7;  0,0;  0,0;  0,5; 10,0;  3,5;  0,5;  3,5;  0,0;  0,5;  3,0;  0,0;  0,5;  6,5;  0,0; 28,5;0,0;0,0;0,0;28,5;149,1
  04/1994; 19,0; 13,0;  4,5;  0,0;  0,0;  0,0;  0,0;  0,0;  0,0;  0,0;  0,0; 10,0; 13,0;  8,0;  3,5;  0,0;  5,0;  3,5;  0,0;  0,0;  0,0;  0,0;  5,0;  0,0; 15,5;  0,0;  0,0;  0,0;0,0;0,0;---;19,0;100,0
  05/1994;  0,0;  0,0;  0,0;  3,5;  0,0;  0,0;  0,0;  0,0;  3,5;  0,0;---;---;---;---;---;---;---;---;---;---;---;---;---;  0,0;  0,0;  0,0;  1,0; 18,0;29,0;0,0;0,0;---;---
  06/1994;  0,0;  0,0;  0,0;  0,0;  1,0;  0,0;  0,0;  2,0;  4,5;  5,0;  0,0;  0,0;  0,0;  2,0;  0,0;  0,0;  0,0;  0,0;  0,0;  0,0;  0,0; 28,5;  1,0;  2,0;  0,0;  2,0;  0,0;  0,0;0,0;0,0;---;28,5;48,0
  07/1994;  0,0;  0,0;  0,0;  0,0;  0,0;  0,0;  0,0; 14,0;  0,0;  0,0;  0,0;  0,0;  0,0;  0,0;  0,0;  0,0;  0,0;  0,0;  0,0;  0,0;  0,0;  0,0;  0,0;  0,0;  0,0;  0,0;  0,0;  0,0;0,0;0,0;0,0;14,0;14,0
  08/1994;  0,0;  0,0;  0,0;  0,0;  0,0;  0,0;  0,0;  0,0;  0,0;  0,0;  0,0;  0,0;  0,0;  0,0;  0,0;  0,0;  0,0;  0,0;  0,0;  0,0;  0,0;  0,0;  0,0;  0,0;  0,0;  0,0;  0,0;  0,0;0,0;0,0;0,0;0,0;0,0
  09/1994;  0,0;  0,0;  0,0;  0,0; 13,0;  0,0;  0,0;  0,0;  0,0;  3,1;  0,0;  0,0;  0,0;  0,0;  0,0;  0,0;  2,4;  0,0;  0,0;  0,0;  0,0;  0,0;  0,0;  0,0;  0,0;  0,0;  7,0;  0,0;0,0;0,0;---;13,0;25,5
  10/1994;  0,0;  0,0;  0,0;  0,0;  0,0;  2,0; 16,0;  0,0;  0,0;  0,0;  0,0;  0,0;  0,0;  0,0;  0,0;  0,0;  0,0;  0,0; 24,0;  0,0;  3,4;---;  0,0;  0,0;  0,0;  4,4;---;---;---;---;1,5;---;---
  11/1994;  0,0;  0,0;  0,0;  1,0;---;---;---;---;---;---;---;---;---;---;---;---;---;---;---;---;---;---;---;---;---;---;---;---;---;---;---;---;---
  12/1994;---;---;---;---;---;---;---;---;---;---;---;---;---;---;---; 13,8;---;---;---;  8,9;  0,0;  2,0;  6,4;  4,2;  1,0;  1,0; 10,8;  3,6;0,0;0,0;0,0;---;---
  01/1995;---; 15,5;  7,3;  4,9;  0,0;  6,7;  0,0;  0,0;  0,0;  0,0;  0,0;  1,0;  0,0;  0,0;  3,8; 10,3;  0,0;  0,0; 13,9;  0,0;  0,0;  4,8;  5,7;  4,5;  0,0;  0,0;  0,0;  6,7;8,5;14,1;3,9;---;---
  02/1995;  3,5;  0,0; 11,7;  6,0;  6,0;  0,0;  8,5; 12,1; 17,2;  7,1; 29,3; 10,1;  7,9;  0,1; 31,0;  8,4;  2,0;  6,4;  3,6;  2,8; 12,0;  0,0;  0,0;  0,0;  0,0;  0,0;  0,0;  0,0;---;---;---;31,0;185,7
  03/1995;  0,0;  0,0;  0,0; 18,7;  0,1;  7,4;  2,5;  0,0;  0,0;  0,0;  0,0;  1,5;  7,6; 47,2;  1,3;  3,5;  0,0;  0,0;  1,5;  4,7;  1,0;  3,6;  0,0;  0,0;  0,0;  0,0; 18,3;  0,0;0,0;10,6;7,1;47,2;136,6
  04/1995;  1,2;  3,1;  5,0;  0,0;  0,0;  0,0;  0,0;  0,0;  0,0;  0,0;  0,0;  0,3;  0,0;  0,0;  0,0;  0,0;  0,0;  0,0;  1,4;  0,0;  7,0;  0,0;  0,0;  0,0;  0,0;  0,0;  0,0;  0,0;0,0;0,0;---;7,0;18,0
  05/1995;  0,0;  0,0;  0,0;  0,0;  0,0;  0,0;  1,1;  4,6;  0,0;  0,3;  0,5;  0,0;  0,1;  0,0;  0,0;  0,0;  0,0;  6,4;  1,5;  0,0;  0,1;  0,0;  0,0;  0,0;  0,0;  0,6;  6,0;  0,0;0,0;0,0;0,0;6,4;21,2
  06/1995;  0,0;  0,0;  0,0;  0,0;  0,0;  0,0;  0,0;  0,0;  0,0;  0,0;  0,0;  0,0;  0,0;  0,0;  0,0;  0,0;  0,0;  0,2;  3,1;  1,0;  0,0;  0,0;  0,0;  0,0;  0,0;  4,1;  5,8;  0,0;0,0;1,3;---;5,8;15,5
  07/1995;  0,0;  0,0;  0,0;  0,0;  0,0;  0,0;  0,0;  0,0;  3,4;  4,7;  0,0;  0,1;  0,0;  0,0;  0,0;  0,0;  0,0;  0,0;  0,0;  0,0;  0,3;  8,7;  9,6;  0,1;  0,0;  0,0;  0,0;  0,0;0,0;0,0;0,0;9,6;26,9
  08/1995;  0,0;  0,0;  0,0;  0,0;  0,2;  0,0;  0,0;  0,0;  0,0;  0,0;  0,0;  0,0;  0,0;  0,0;  0,0;  0,0;  0,4;  0,0;  0,0;  0,0;  0,0;  0,0;  0,0;  0,0;  0,0;  0,0;  0,0;  0,0;0,0;0,0;0,0;0,4;0,6
  09/1995;  0,0;  0,0;  0,0;  0,0;  0,0;  0,0;  0,0;  0,0;  0,0;  0,0;  0,0;  0,2;  0,0;  0,0;  0,0;  0,3;  0,1;  0,0;  1,0;  7,2;  1,0;  0,0;  0,0;  0,0;  0,0;  0,0; 10,1;  0,0;0,0;0,0;---;10,1;19,9
  10/1995;  1,0;  0,0;  0,0;  0,0;  0,0;  1,0;  0,0;  0,0;  7,3;  0,0;  0,0;  0,0;  0,6;  4,5;  0,7;  0,0; 10,3;  1,0;  0,2; 16,3;  0,0;  0,0;  0,0;  0,0;  0,0;  0,0;  0,0;  0,0;3,0;14,2;6,1;16,3;66,2
  11/1995;  2,3;  0,0;  0,0;  0,0;  0,0;  0,0;  0,0;  0,4;  0,0;  0,0;  0,0; 15,2;  0,8;  0,4;  0,0;  0,6;  2,5;  0,0;  0,0;  0,0;  0,0;  0,0;  0,0;  2,6;  0,0;  4,6;  0,0;  0,8;0,0;0,0;---;15,2;30,2
  12/1995;  0,0;  4,4;  0,0;  0,0;  3,8;  0,0;  0,0;  0,0;  0,0;  0,0;  0,0;  4,1;  3,9;  3,4;  4,2;  0,0;  0,0;  0,6;  3,2;  0,1;  6,2;  1,8;  0,0;  3,8;  4,2;  0,4;  0,0;  7,3;0,7;0,0;4,7;7,3;56,8
  01/1996; 10,3;  8,4;  7,1;  9,3;  8,2;  6,4;  6,3;  7,2;  8,3;  4,1;  9,2;  0,1;  0,0;  0,0;  0,0;  3,1;  0,0;  2,0;  1,3;  7,2;  8,4;  4,1;  0,0;  2,1;  3,0;  0,0;  0,0;  0,0;0,0;0,0;0,0;10,3;116,1
  02/1996;  7,3;  0,0; 10,2;  8,1;  7,4;  3,2;  4,1;  8,2; 10,1;  9,3;  8,4; 10,2;  6,3;  4,2; 12,3;  0,0; 14,3;  8,1; 10,3;  7,2; 15,3; 10,2;  8,1; 12,3; 14,2; 10,5; 12,3; 14,4;0,0;---;---;15,3;246,5
  03/1996;  0,0;  6,1; 12,4; 23,5;  2,1; 12,3; 13,4; 16,3;  2,1;  1,0;  0,0;  8,1;  6,2;  0,0;  0,0;  8,3; 10,4; 16,2;  8,1;  3,2;  8,1; 35,8; 45,5;  0,0;  0,0;  0,0;  0,0; 54,4;0,0;0,0;0,0;54,4;293,5
  04/1996; 63,5;  0,0;  0,0;  0,0;  0,0;  0,0;  0,0;  0,0;  0,0;  0,0;  0,4;  0,0;  2,2;  0,0;  0,0;  0,0; 14,3; 65,5;  0,0; 71,4;  0,0;  0,0;  0,0;  0,0;  0,0;  0,0;  0,0; 23,4;0,0;0,0;---;71,4;240,7
  05/1996;  0,0;  0,0;  0,0; 10,5;  0,0;  0,0;  1,5;  0,0;  0,0;  0,0; 66,4;  0,0;  0,0;  0,0;  0,0;  0,0; 44,1;  0,0; 51,5;  0,0;  0,0; 40,3; 48,4;  0,0;  0,0;  0,0;  0,0;  0,0;0,0;0,0;0,0;66,4;262,7
  06/1996;  0,0;  0,0;  0,0;  0,0;  0,0;  0,0; 12,5;  0,0;  0,0;  0,0;  0,0;  0,0;  0,0;  0,0;  0,0;  0,0;  0,0;  0,0;  0,0;  0,0;  0,0;  0,0;  0,0;  0,0;  0,0;  0,0;  0,0;  0,0;0,0;0,0;---;12,5;12,5
  07/1996;  8,4;  0,0;  0,0;  0,0;  0,0;  0,0;  0,0; 15,4;  0,0;  0,0;  0,0;  0,0;  0,0;  0,0;  0,0;  1,0;  1,0;  1,0;  0,0;  0,0;  0,0;  0,0;  0,0;  0,0;  0,0;  0,0;  0,0;  0,0;0,0;0,0;6,3;15,4;33,1
  08/1996;  0,0;  0,0;  0,0;  0,0;  0,0;  0,0;  0,0;  0,0;  0,0;  0,0;  0,0;  0,0;  0,0;  0,0; 12,3;  0,0;  0,0;  0,0;  0,0;  0,0;  0,0;  0,0;  0,0;  0,0;  0,0;  0,0;  0,0;  0,0;0,0;0,0;0,0;12,3;12,3
  09/1996;  0,0; 31,4;  0,0; 37,5;  1,1;  0,0;  0,0;  0,0;  0,0; 10,0; 36,4; 76,4; 53,0;  0,0;  0,0;  0,0;  0,0;  0,0;  0,0;  0,0;  0,0;  0,0;  0,0; 12,4;  0,0;  0,0;  0,0;  0,0;0,0;0,0;---;76,4;258,2
  10/1996;  0,0;  0,0;  0,0;  0,8;  0,0;  0,0; 32,1;  1,0;  0,0;  0,0;  5,5;  0,0;  0,0;  0,0;102,1;  3,1;  0,0;  0,0;  0,0;  0,0;  0,0; 56,5;  0,0;  0,0;  0,0;  1,4;  0,0; 55,4;12,5;0,0;0,0;102,1;270,4
  11/1996; 65,3;  0,0;  3,4; 88,4;  0,0;  0,0;  0,0;  0,0;  0,0;  0,0;  0,0;  0,0;  0,0; 54,4;  0,0;  0,0; 32,5; 87,5;  0,0;  0,0; 48,5; 19,4;  0,0;  0,0;  0,0;  0,0;  0,0;  0,0;0,0;0,0;---;88,4;399,4
  12/1996; 45,4;  0,0; 50,3; 43,5;  0,0;  0,0; 32,5;  0,0;  0,0;  0,0;  0,0; 25,5; 16,5; 52,5; 21,4;  0,0; 31,2;  0,0;  0,0; 33,4; 60,5;  0,0; 36,4; 32,5;  6,4;  0,0; 28,4; 10,5;0,0;8,4;38,5;60,5;573,8
  01/1997; 46,1;  0,0; 16,4; 30,5;  0,0;  0,0;  0,0;  0,0; 68,5;  0,0;  0,0;  0,0;  0,0;  0,0; 31,4; 70,5; 10,0; 43,5;  0,0;  0,0; 51,5;  0,0;  0,0;  0,0; 51,4; 77,4; 42,5;  9,8;0,0;0,0;0,0;77,4;549,5
  02/1997;  0,0;  0,0;  0,0;  0,0;  0,0;  0,0;  0,0;  0,0;  0,0;  0,0; 53,5;  0,0;  0,0;  0,0;  5,7;  0,0;  0,0;  0,0; 81,4; 10,0;  0,0; 43,5;  0,0; 30,5; 93,1; 35,8;  2,1; 48,5;---;---;---;93,1;404,1
  03/1997;  0,0;  1,0;  0,0;  0,1;  0,0; 44,4;  6,5; 13,5; 56,4;  0,0; 10,3;  0,0;  0,0; 43,5; 12,1;  0,0;  0,0;  0,0;  0,0;  0,0;  0,0;  0,0;  0,0;  0,0;  0,0;  0,0;  0,0;  0,0;0,0;18,5;0,0;56,4;206,3
  04/1997;  0,0;  0,0;  0,0;  0,0;---;  0,0;  0,0;---;  0,0;  0,0;  0,0;  0,0;  0,0;  0,0;  0,0;  0,0;  0,0;  0,0;  0,0;  0,0;  0,0; 42,4;  0,0;  0,0;  0,0; 81,4;  0,0;  0,0;0,0;0,0;---;---;---
  05/1997;  0,0;  0,0;  0,0;  0,0;  1,0;  0,0;  0,0;  0,0;  0,0;  0,0;  0,0;  0,0;  0,0;  0,0;  0,0;  0,0;  0,0;  0,0;  0,0;  0,0;  0,0;  0,0; 58,5;  0,0; 48,4;  0,0;  0,0;  0,0;0,0;0,0;0,0;58,5;107,9
  06/1997;  0,0;  0,0;  0,0;  0,0; 58,5;  0,0;  0,0;  0,0;  0,0;  0,0;  0,0;  0,0;  0,0;  0,0;  0,0;  0,0;  6,6;  0,0;  0,0;  0,0;  0,0;  0,0;  0,0;  0,0;  0,0;  0,0;  0,0;  0,0;0,0;0,0;---;58,5;65,1
  07/1997;  0,0;  0,0;  0,0;  0,0;  0,0;  0,0;  0,0;  0,0;  0,0;  0,0;  0,0;  0,0;  0,0;  0,0;  0,0;  0,0;  0,0;  0,0;  0,0;  0,0;  0,0;  0,0;  0,0;  0,0;  0,0;  0,0;  0,0;  0,0;0,0;0,0;0,0;0,0;0,0
  08/1997;  0,0;  0,0;  0,0;  0,0;  0,0;  0,0;  0,0;  0,0;  0,0;  0,0;  0,0;  0,0;  0,0;  0,0;  0,0;  0,0;  0,0;  0,0;  0,0;  0,0;  0,0;  0,0;  0,0;  0,0;  0,0;  0,0;  0,0;  0,0;0,0;0,0;0,0;0,0;0,0
  09/1997;  0,0;  0,0;  0,0;  0,0;  0,0;  0,0;  0,0;  0,0;  0,0;  0,0;  0,0;  0,0;  0,0;  0,0; 43,5;  0,0; 27,5;  0,0;  0,0;  0,0; 83,5;  0,0;  0,0;  0,0;  0,0; 38,5;  0,0;  0,0;0,0;48,5;---;83,5;241,5
  10/1997;  0,0; 83,5;  0,0;  0,0;  0,0;  0,0; 10,0;  0,0;  0,0;  0,0;  0,0;  0,0;  0,0;  0,0;  0,0; 72,5; 66,5; 22,4;  0,0;  0,0;  0,0;  0,0;  0,0;  0,0;  0,0;  0,0;  0,0;  0,0;0,0;0,0;0,0;83,5;254,9
  11/1997;  0,0;  0,0; 22,3;  5,1;  0,0;  0,0;  0,0;  0,0;  0,0;  0,0;  0,0;  2,1; 14,4;  0,2; 17,3; 26,5; 12,1; 33,4;  3,4;  5,2;  0,0;  9,2; 10,3; 67,3; 23,0;  0,7; 14,7; 16,4;26,4;0,0;---;67,3;310,0
  12/1997;  0,0; 29,9; 14,2; 10,3; 24,2;  0,0; 39,4;  1,8; 18,4; 29,7;  0,0; 89,4;  0,0; 26,4; 16,7;  3,9; 37,5; 13,7;  0,8;  0,0;  0,0;  0,0;  0,0;  0,0;  0,0; 37,5;  0,0;  0,0;8,0;0,0;0,0;89,4;401,8
  01/1998;  0,0;  0,0; 14,5;  4,7;  5,1;  5,9; 10,3; 46,4;  5,1;  0,0;  0,0;  0,0;  0,0;  0,0;  0,0;  0,0;  9,5;  1,7; 24,9;  5,9;  0,0;  0,0;  0,0;  1,3; 10,2; 20,6;  8,4; 10,3;12,1;24,9;0,0;46,4;221,8
  02/1998; 12,3; 25,5;  0,0;  0,0;  0,0;  0,0;  0,0;  0,0;  0,0;  0,0; 12,5; 23,5;  0,0; 21,4;  0,0; 13,5; 12,4; 14,5; 13,5;  0,0;  0,0; 25,4; 34,2;  0,0; 13,2;  0,0; 12,3;  0,0;---;---;---;34,2;234,2
  03/1998; 23,2; 15,2; 13,1;  0,0;  0,0; 12,4; 34,2; 32,5;  0,0;  0,0;  0,0;  0,0; 12,4;  0,0;  0,0; 32,5;  0,0;  0,0;  0,0;  0,0;  0,0;  0,0;  0,0;  0,0; 12,4;  0,0; 23,5; 24,3;0,0;0,0;12,2;34,2;247,9
  04/1998; 13,4; 23,2;  0,0;  0,0;  0,0;  0,0;  0,0; 15,4;  0,0;  0,0;  0,0;  0,0;  0,0;  0,0;  0,0;  0,0;  0,0;  0,0;  0,0;  0,0;  0,0;  0,0;  0,0;  0,0; 21,3;  0,0;  0,0;  0,0;0,0;0,0;---;23,2;73,3
  05/1998;  0,0;  0,0;  0,0;  0,0;  0,0;  0,0;  0,0;  0,0;  0,0;  0,0;  0,0;  0,0;  0,0;  0,0;  0,0;  0,0;  0,0;  0,0;  0,0;  0,0;  0,0;  0,0;  0,0;  0,0;  0,0;  0,0;  0,0;  0,0;0,0;0,0;0,0;0,0;0,0
  06/1998;  0,0;  0,0;  0,0;  0,0;  0,0;  0,0;  0,0;  0,0;  0,0;  0,0;  0,0;  0,0;  0,0;  0,0;  0,0;  0,0;  0,0;  0,0;  0,0;  0,0;  0,0;  0,0;  0,0;  0,0;  0,0;  0,0;  0,0;  0,0;0,0;0,0;---;0,0;0,0
  07/1998;  0,0;  0,0;  0,0;  0,0;  0,0;  0,0;  0,0;  0,0;  0,0;  0,0;  0,0;  0,0;  0,0;  0,0;  0,0;  0,0;  0,0;  0,0;  0,0;  0,0;  0,0;  0,0;  0,0;  0,0;  0,0;  0,0;  0,0;  0,0;0,0;0,0;0,0;0,0;0,0
  08/1998;  0,0;  0,0;  0,0;  0,0;  0,0;  0,0;  0,0;  0,0;  0,0;  0,0;  0,0;  0,0;  0,0;  0,0;  0,0;  0,0;  0,0;  0,0;  0,0;  0,0;  0,0;  0,0;  0,0;  0,0;  0,0;  0,0;  0,0;  0,0;0,0;0,0;0,0;0,0;0,0
  09/1998;  0,0;  0,0;  0,0;  0,0;  0,0;  0,0;  0,0;  0,0;  0,0;  0,0;  0,0;  0,0;  0,0;  0,0;  0,0;  0,0;  0,0;  0,0; 15,2; 14,3;  0,0;  0,0;  0,0;  0,0;  0,0;  0,0;  0,0;  0,0;0,0;0,0;---;15,2;29,5
  10/1998;  0,0;  0,0;  0,0;  0,0;  0,0;  0,0;  0,0;  0,0;  0,0; 12,4; 35,2; 12,3;  0,0; 21,3;  0,0;  0,0;  0,0; 24,3; 32,5; 13,2;  0,0;  0,0;  0,0;  0,0; 13,4; 35,2;  0,0; 35,4;42,1;0,0;0,0;42,1;277,3
  11/1998;  0,0;  0,0;  0,0;  0,0;  0,0;  0,0;  0,0; 12,5; 35,2; 13,3; 15,4;  0,0;  0,0;  0,0;  0,0;  0,0;  0,0;  0,0;  0,0;  0,0;  0,0;  0,0;  0,0;  0,0;  0,0;  0,0;  0,0;  0,0;0,0;0,0;---;35,2;76,4
  12/1998;  0,0;  0,0;  0,0;  0,0;  0,0; 24,2; 32,4;  0,0;  0,0;  0,0;  0,0;  0,0;  0,0;  0,0;  0,0;  0,0;  0,0;  0,0;  0,0;  0,0;  0,0;  0,0;  0,0;  0,0;  0,0;  0,0;  0,0;  0,0;0,0;0,0;0,0;32,4;56,6
  01/1999;  0,8;  0,2; 13,6;  0,0; 14,7; 22,5; 40,8; 13,2;  0,0;  0,0; 19,5; 33,2;  0,0;  0,0; 12,5; 45,7; 12,6;  0,0;  0,0;  0,0;  0,0;  0,0;  0,0; 45,7;  0,0;  0,0;  5,3; 13,0;26,5;0,0;0,0;45,7;319,8
  02/1999; 46,1; 32,3;  0,8;  0,0; 46,3; 10,3;  2,3;  9,5;  0,0;  1,3; 45,0; 32,6;  0,0;  0,8;  0,0; 36,1;  1,0;  3,4; 22,5; 26,3;  0,0; 45,1; 27,3; 46,0;  0,0;  2,5;  1,0;  0,0;---;---;---;46,3;438,5
  03/1999; 35,3; 10,2;  8,4;  3,0;  0,0;  0,0;  0,0;  0,0;  0,0; 18,2; 38,3; 21,2;  7,6;  0,0;  0,0;  1,0;  0,0;  0,0; 48,0;  0,0; 13,6;  0,0;  0,0; 32,6;  0,0;  6,7;  0,0;  0,0;0,0;10,6;0,0;48,0;254,7
  04/1999;  0,0;  0,0;  0,0;  0,0; 18,2;  0,0;  0,0;  0,0; 25,0;  1,0;  0,0;  0,0;  0,0;  0,0;  0,0;  0,0;  0,0;  0,0;  0,0;  0,0;  0,0;  0,0;  0,0;  0,0;  0,0;  0,0;  0,0;  0,0;0,0;0,0;---;25,0;44,2
  05/1999;  0,0;  0,0;  0,0;  0,0;  0,0;  0,0; 35,0;  0,0;  0,0;  0,0;  0,0;  0,0;  0,0;  0,0;  0,0;  0,0;  0,0;  0,0;  0,0;  0,0;  0,0;  0,0;  0,0;  0,0;  0,0;  0,0;  0,0;  0,0;0,0;0,0;0,0;35,0;35,0
  06/1999;  0,0;  0,0;  0,0;  0,0;  0,0;  0,0;  0,0; 25,3;  0,0;  0,0;  0,0;  0,0; 13,5;  0,0;  0,0;  0,0;  0,0;  0,0;  0,0;  0,0;  0,0;  0,0;  0,0;  0,0;  0,0;  0,0;  0,0;  0,0;0,0;0,0;---;25,3;38,8
  07/1999;  0,0;  0,0;  0,0;  0,0;  0,0;  0,0;  0,0;  0,0;  0,0;  0,0;  0,0;  0,0;  0,0;  0,0;  0,0;  0,0;  0,0;  0,0;  0,0;  0,0;  0,0;  0,0;  0,0;  0,0;  0,0;  0,0;  0,0;  0,0;0,0;0,0;0,0;0,0;0,0
  08/1999;  0,0;  0,0;  0,0;  0,0;  0,0;  0,0;  0,0;  0,0;  0,0;  0,0;  0,0;  0,0;  0,0;  0,0;  0,0;  0,0;  0,0;  0,0;  0,0;  0,0;  0,0;  0,0;  0,0;  0,0;  0,0;  0,0;  0,0;  0,0;0,0;0,0;0,0;0,0;0,0
  09/1999;  0,0;  0,0;  0,0;  0,0;  0,0;  0,0;  0,0;  0,0;  0,0;  0,0;  0,0;  0,0;  0,0;  0,0;  0,0;  0,0;  0,0;  0,8;  0,0;  0,0;  0,0;  0,0;  1,5;  0,0;  0,0;  0,0;  0,0;  0,0;0,0;0,0;---;1,5;2,3
  10/1999;  0,0;  0,0;  0,0;  0,0;  0,0;  0,0;  0,0;  0,0;  0,0;  0,0;  0,0;  0,0;  0,0;  0,0;  0,0;  0,0;  3,2;  0,0;  0,0;  7,2;  4,3;  2,1;---;---;---;---;---;---;---;---;---;---;---
  11/1999;  0,0;  0,0;  0,0;  0,0;  0,0;  0,0;  0,0; 13,2;  6,1;  2,0;  0,0;  0,0;  0,0;  0,0;  0,0; 10,2;  2,1;  0,0;  0,0;  0,0;  0,0;  0,0;  0,0;  0,0;  7,3;  3,2;  6,3;  0,0;0,0;12,1;---;13,2;62,5
  12/1999;  4,3;  2,1;  0,0;  9,2;  3,1;  0,0; 10,3; 18,2; 16,3; 25,2;  6,5; 32,2; 10,1;  2,1;  0,0;  0,0;  0,0;  0,0;  0,0;  0,0;  0,0;  0,0;---;---;---;---;---;---;---;---;---;---;---
