PREFIXO: ;G4-003
NOME DO POSTO: ;ITACURUCA
MUNICÍPIO: ;CANANEIA
CURSO D'ÁGUA: ;RIBEIRA DO IGUAPE,R DA/RIBEIRA,R/RIBEIRINHA,R
LATITUDE: ;25°06'00"
LONGITUDE: ;47°55'00"
 
Obs: valores com --- representam dados inexistentes.
 
Dados de chuva (mm)
 
Mês/Ano;1;2;3;4;5;6;7;8;9;10;11;12;13;14;15;16;17;18;19;20;21;22;23;24;25;26;27;28;29;30;31;Chuva máxima;Chuva total
  02/1959;  0,0;  0,0;  3,0; 10,0;  6,0;  0,0;126,0;  0,0;  7,0; 14,0;  4,0; 25,0; 40,0;  0,0;  9,0; 20,0; 23,0; 14,0;  0,0;  0,0;  0,0;  0,0;  0,0;  1,0;  7,0;  0,0;  6,0;  7,0;---;---;---;126,0;322,0
  03/1959;  0,0;  0,0;  0,0;  0,0;  0,0;  0,0;  0,0;  7,3;  0,0;  0,0; 35,0;  2,5;  4,0;  1,0;  0,0;  0,0;  0,0;120,0; 10,0; 43,5; 34,5; 36,0; 76,0; 20,0;  7,3;  2,0;  2,5;  0,0;0,0;1,0;0,0;120,0;402,6
  04/1959;  0,0;  0,0;  0,7; 93,0;  0,0; 11,5;  0,0;  1,0;  0,0;  0,0; 38,0;  0,0;  0,0;  0,0;  0,0;  0,0;  5,0;  0,0; 16,6;  0,0;  0,0;  0,0;  2,5;  0,0;  0,6; 18,0; 26,1;  0,0;2,0;0,0;---;93,0;215,0
  05/1959;  0,0;124,0;  2,2;  1,7; 10,5;  0,0;  4,2;  0,0;  0,7;  0,3;  0,0;  0,0;  0,0;  0,0;  0,3;  0,0;  0,0;  0,0; 24,5; 44,0; 24,5;  3,8;  0,0;  0,0;  0,0;  0,0;  6,0;  0,0;7,3;23,0;0,0;124,0;277,0
  06/1959;  0,0;  0,0;  0,0;  0,3;  0,0; 10,0;  0,0;  0,0;  0,0;  4,5;  0,0;  0,0;  0,0;  0,0;  0,0;  0,0;  0,0;  0,0;  0,0;  0,3;  0,0;  0,0;  0,0;  4,3;  0,0;  0,0;  0,0;  0,0;0,0;0,3;---;10,0;19,7
  07/1959;  0,0;  0,0;  0,0;  0,0;  0,0;  3,0;  0,0;  0,0;  0,0;  0,0;  0,0;  0,2;  0,0;  0,0;  0,0;  0,0;  0,0;  3,0;  0,0;  0,0;  0,0;  0,0;  0,0;  0,0;  0,0;  0,3;  0,0;  0,0;0,0;0,0;2,3;3,0;8,8
  08/1959; 28,0; 13,3;  1,5;  0,0;  4,3;  0,0;  4,5; 13,8;  0,0;  0,0;  0,0;  0,0;  8,3;  2,0;  7,0;  0,0;  0,0;  1,7;  0,8; 22,3;  3,5;  0,0;  0,0;  0,0;  0,0;  0,0;  0,0;  0,0;0,0;20,0;18,3;28,0;149,3
  09/1959;  0,0;  1,3;  8,7; 18,3; 12,8;  0,0;  0,0;  0,0;  0,0;  0,0;  1,8; 18,0; 20,0;  9,0;  5,0;  0,0;  0,0;  0,0;  0,0;  0,0;  5,0;  0,2;  0,0;  0,0;  0,0; 10,5;  0,0;  5,0;0,0;0,0;---;20,0;115,6
  10/1959;  0,0;  0,0;  0,0;  0,0;  6,5;  0,0;  4,0;  6,0;  0,0;  0,0;  0,8;  6,4; 24,0;  0,0;  0,0;  3,5;  4,0;  0,0;  3,0; 15,0;  4,0;  0,0;  0,0;  0,5;  0,0;  0,0;  0,0;  0,0;64,0;1,5;0,0;64,0;143,2
  11/1959;  0,0;  0,0;  0,0;  0,0;  0,0; 12,0;  0,0;  0,0;  0,0;  0,0;  0,0; 17,0; 17,5;  0,0;  2,8;  0,0;  2,6;  0,0;  0,0;  0,0;  0,0;  2,5;  1,0;  0,0;  8,6; 45,7;  0,6;  9,5;0,0;3,5;---;45,7;123,3
  12/1959;  0,0;  3,5;  0,6;  3,5; 27,3;  0,0; 17,5;  0,0;  8,3; 11,0; 23,0;  1,0;  0,0;  0,0;  0,3;  0,0;  0,6;  7,5;  0,0;  0,0; 41,7; 13,0;  0,8;  0,0; 23,2;  4,0;  0,0;  0,0;0,7;3,0;0,0;41,7;190,5
  01/1960; 12,5;  0,0;  8,0;  1,0;  0,8;  0,0; 13,3; 34,5;  3,2;  4,8; 33,2; 34,0; 23,0;  0,8;  0,0;  0,0;  0,7;  0,9;  7,0; 15,0;  0,0;  1,0;  8,0; 30,0;  1,5;  0,0;  0,0;  0,8;0,5;5,0;0,0;34,5;239,5
  02/1960;  8,0;118,4; 17,5;  0,4;  0,0;  0,8; 10,8;  6,7;  0,3;139,0;  0,7;133,3;  0,5; 73,0;123,2; 16,5;  1,2;  0,8; 90,0;  3,0;112,3; 38,0;  0,0;  0,0;  0,0;  8,0; 17,3;  5,0;110,0;---;---;139,0;1034,7
  03/1960;103,5;  6,0; 10,0;  0,5;  0,0;  0,0;  0,0;  0,0;  0,0;  0,0;  0,0;  7,5;  8,3;  7,6;  5,0; 10,0;  0,0;  8,8;  0,0;  0,3;  3,3; 38,6;  0,0;  0,0;  0,0;  0,0;  5,5;  4,4;0,0;1,6;0,0;103,5;220,9
  04/1960;  0,0;  0,0;  1,3;  2,7; 26,0;  0,0;  4,0;  5,5;  0,0; 67,5; 13,9;  0,7;  0,4; 13,7;  0,0; 10,0; 20,0; 10,0; 10,0;  0,0;  0,0;  0,0;  0,0;  0,0;  0,0;  3,1;  2,7;  0,0;3,3;1,7;---;67,5;196,5
  05/1960;  0,0;  0,0; 10,7;  6,7;  0,0;  0,0;  0,0;  0,0;  0,0;  1,5;  0,0;  0,0;  0,0;  1,7; 45,2;  0,0;  3,2;  0,0;  0,0; 18,4; 98,4;  0,0;  0,0;  0,0;  0,5;  1,9;  0,0;  0,0;0,0;9,0;2,9;98,4;200,1
  06/1960;  0,5; 16,5;  7,2;  0,0;  0,0;  0,0;  0,0;  0,0;  3,3;  0,2;  0,0;  0,0;  0,0;  0,0;  2,2;  1,8;  0,0;  0,6;  0,0;  0,0;  0,0;  0,0; 11,4; 14,0;  0,0;  0,0;  6,5; 13,5;0,0;0,0;---;16,5;77,7
  07/1960;  0,0;  0,0;  0,0;  0,0;  0,0;  0,0;  0,0;  0,0;  1,5;  0,0;  4,8;  2,0;  0,0;  0,0;  0,0;  0,0;  0,0;  0,0;  8,7; 16,0;  0,0;  0,0;  0,0;  0,0; 11,6;  2,3;  0,3;  0,0;0,0;0,0;0,0;16,0;47,2
  08/1960;  5,1; 25,0; 12,6;  0,0;  1,9;  0,0;  0,0;  0,0;  0,0;  0,0;  0,0;  0,0;  0,0;  0,0; 43,0;  9,2; 15,7;  6,5;  0,0;  0,0;  4,9;  3,0;  6,4;  0,0;  0,0;  0,0;  7,4; 10,0;0,0;0,0;0,0;43,0;150,7
  09/1960; 68,5;  1,1;  0,0;  0,0;  0,0;  0,0;  0,0;  0,0;  0,0;  0,0;  0,0;  0,0;  0,0; 11,3;  0,8;  0,0;  0,0;  0,0;  0,0;  1,2;  0,0;  0,0;  0,0;  0,0;  0,0;  4,2;  0,0;  0,5;3,4;4,5;---;68,5;95,5
  10/1960;  0,0;  0,0;  0,5;  1,0;  0,7;  0,9;  0,0;  0,0;  0,0;  3,0;  0,0;  0,0;  0,0;  3,3;  0,0; 22,6;  7,0; 15,7;  1,0;  0,0;  0,5;  0,0;  0,0;  0,0;  0,2; 58,5; 46,2; 57,5;14,8;3,0;1,5;58,5;237,9
  11/1960;  1,0;  1,3;  0,0;  0,0;  6,6;  0,3;  2,5;  3,4;  0,0;  9,4; 16,0;  0,0;  9,6;  2,5; 40,3;  0,0;  0,0;  0,3;  0,0; 19,0; 16,5;  0,0;  0,0;  1,3; 23,3;  1,0; 91,0; 28,3;3,2;7,9;---;91,0;284,7
  12/1960;  6,5;  5,0;  6,5;  0,0;  0,0;  2,0;  0,0;  0,0;  0,0;  0,0; 14,6;  7,9;  2,0;  0,0;  0,0;  5,8;  0,0;  2,0; 13,6;  0,0;  2,0;  2,2;  0,0; 18,5;  0,0; 10,8; 32,0;  0,0;0,0;9,5;5,2;32,0;146,1
  01/1961; 27,0; 18,8;  0,7;  0,0;  0,0;  0,2;  0,1;  0,0;  0,3;  9,9;  0,0;  0,3;  3,2;  0,0;  0,0;  0,0;  0,0;  0,0; 26,2; 15,8;  0,0;  0,0; 68,2;  2,7;  0,0;  0,0; 24,7;  0,0;46,3;13,3;3,0;68,2;260,7
  02/1961;  0,0;  0,0;  7,0; 66,0;  9,8;  0,0;  9,3;  7,0; 41,8; 20,0; 22,2; 66,2;  0,0;  0,0;  7,1; 83,4;126,6; 60,0;  7,0;  0,0;  0,0;  0,0; 20,0;  0,0;  0,0;  0,0; 14,5;135,0;---;---;---;135,0;702,9
  03/1961; 27,0;  6,2;  0,0;  0,0;  0,0;  6,8; 46,0; 26,0;  1,6;  0,0;  0,0; 11,4;  0,0;  9,8;  6,2;  0,0;  0,0; 64,0; 36,0; 29,0;  1,8;  1,3;  0,0;  0,5;  0,0;  0,0;  6,3;  5,9;1,5;0,9;6,1;64,0;294,3
  04/1961;  0,0;  0,0;  0,5; 80,0; 22,0;  2,3; 10,2;  4,3;  0,0;  0,5;  0,0;  0,0;  7,0;  0,0;  0,0; 78,2;  0,0;  0,0; 52,2; 22,7; 30,0; 12,0;  0,0;  0,0; 55,7; 76,0; 25,5;  0,0;0,0;0,0;---;80,0;479,1
  05/1961;  0,0;  0,0; 16,0; 46,5;  2,6;  0,0;  0,0;  0,0;  0,3;  0,8;  1,3; 20,5;  1,5;  0,0;  0,0;  0,0;  0,0;  0,0;  0,0;  0,0;  0,0;  0,5;  2,0;  0,0;  0,0; 25,2;  0,0;  0,0;0,0;0,0;0,0;46,5;117,2
  06/1961;  0,0;  0,0;  0,0;  0,0;  0,0;  1,0;  0,0;  0,0;  0,0;  1,0;  0,0; 65,9; 20,0; 20,8; 66,5;  0,4;  0,0;  0,0;  4,0;  0,0;  2,2; 21,5;  0,0;  0,0;  0,3;  0,5;  0,0;  0,2;0,2;0,1;---;66,5;204,6
  07/1961;  0,0;  0,0;  0,0;  0,6;  3,0;  0,0;  0,7;  1,8;  3,2;  8,8;  0,0;  0,3;  0,0;  0,0;  0,0;  0,0;  0,0;  0,0;  0,0;  0,0;  0,0;  0,0;  0,7;  0,0;  0,0;  0,0; 13,0; 18,0;5,2;0,0;0,0;18,0;55,3
  08/1961;  0,0;  4,1;  1,6;  0,0;  0,0;  0,3;  0,3;  0,0;  0,0;  0,0;  0,0;  0,0;  0,0;  0,0;  0,0;  1,5;  0,6;  0,3;  0,0;  0,0;  0,0;  0,5;  0,4;  0,0;  0,0;  9,8;  0,0;  0,0;0,0;0,0;1,3;9,8;20,7
  09/1961;  1,7;  0,0;  0,0;  0,0;  0,0;  1,4; 60,8; 77,0; 72,2; 10,3; 26,2; 28,0;  0,0;  0,0;  0,0;  3,2;  0,0;  0,6;  3,1;  7,9;  0,6;  7,4;  5,0;  7,0;  1,1;  1,6;  0,0;  0,0;18,0;24,5;---;77,0;357,6
  10/1961;  0,0;  0,0;  0,0;  0,0;  0,0;  0,0;  0,0;  0,0;  6,3;  0,0;  7,9;  0,0;  0,0;  0,0;  0,0; 13,5; 20,0; 21,1;  0,0;  0,0;  0,0;  0,7; 24,2; 26,0;  0,0; 11,6;  0,0;  0,0;0,0;2,1;12,0;26,0;145,4
  11/1961;  5,0;  6,3;  0,3; 16,0;  0,7; 16,0; 30,0;  0,0;  0,0;  0,6;  4,6;  0,9;  6,4; 11,0; 13,0;  0,0;  0,0;  0,0;  0,0;  0,0;  5,0;  0,6;  4,7; 11,4;  0,0;  0,0; 17,8;  3,7;0,0;0,0;---;30,0;154,0
  12/1961;  0,0;  1,8;  5,6;  9,1;  0,0;  4,5;  7,2; 11,5;  0,0;  0,0;  0,0;  0,0;  0,0;  0,0;  9,5;  5,3;  5,2;  0,0;  0,0;  0,0;  0,7; 10,5;  0,0;  0,4; 55,0;  1,3; 30,1; 15,8;2,0;28,2;0,3;55,0;204,0
  01/1962;  2,2;  0,0; 28,3; 16,3;  0,0;  0,0;  0,0; 10,0;  0,0;  0,0;  0,0;  8,4;  0,0;  0,0; 22,4; 22,5;  0,7; 23,7; 31,1;  9,3;  2,3;  0,0;  0,0; 13,0; 22,0;  8,5;  2,0;  5,0;6,4;76,2;2,6;76,2;312,9
  02/1962;  0,0;  0,0;  0,0;  7,6; 31,7;  1,3;  0,0;  0,0;  7,5;  0,0;  0,0;  1,4;  0,0;  0,0;  0,0;  5,1; 28,0;  0,0; 69,0;  1,5;  4,7; 26,0;  3,8;  6,2;  0,0;  7,5; 70,2;  0,0;---;---;---;70,2;271,5
  03/1962;  2,5;115,5; 29,3;  0,0;  0,0;  0,0;  0,0;  0,0;  0,0;  2,7; 22,0; 77,2; 66,8; 60,2; 50,3;  7,5; 40,4;  0,4;  0,0;  2,9;  0,0;  0,0;  0,0;  0,0;  0,0;  0,0;  0,0;  0,0;0,0;0,0;1,4;115,5;479,1
  04/1962;  0,0;  0,0; 12,0; 51,0; 10,9;  0,0;  0,0;  0,0;  4,0; 53,0;  0,0;  0,0;  0,0;  0,0;  0,0;  0,0; 21,1;  7,0;  9,0;  2,0;  0,0;  0,0;  0,0; 45,0;  3,3;  2,5;  2,6;  0,0;9,2;0,0;---;53,0;232,6
  05/1962;  0,0; 19,2;  8,5;  1,1;  0,0;  0,0;  0,0;  1,0; 11,0;  4,0;  0,0;  0,0;  0,0;  0,0;  0,0;  0,0;  0,0;  9,0; 21,0;  3,8;  0,0;  0,0;  0,0;  0,0;  0,0;  0,0;  0,0;  1,4;40,0;0,0;8,8;40,0;128,8
  06/1962;  0,6;  0,6;  7,1;  0,0;  0,0;  0,0;  1,3;  0,6;  1,1; 10,0;  0,0;  0,0;  2,0;  0,6; 11,0;  1,6;  0,0;  0,0;  0,0;  0,0;  0,0;  7,0; 12,0;  0,0;  0,0;  0,0;  0,0;  0,0;0,0;0,0;---;12,0;55,5
  07/1962;  0,0;  0,0;  0,0;  0,0;  0,0;  1,0;  0,0; 10,5;  4,0; 18,3;  0,0;  0,0;  0,4;  0,0;  0,0;  0,0;  3,3;  1,9; 19,0;  0,0;  0,0;  0,0;  0,6;  0,0;  3,3; 17,5;  0,0;  2,5;0,0;0,0;7,5;19,0;89,8
  08/1962;  0,0;  0,0;  0,0;  0,0;  0,0;  0,0;  0,0;  0,0;  0,0;  0,0;  6,8;  2,5;  0,0;  0,0;  0,0;  0,0;  0,0;  0,0;  0,0;  4,6;  7,0; 20,0; 22,0;  4,0;  0,0;  0,0;  0,0;  0,0;0,0;0,0;0,0;22,0;66,9
  09/1962;  2,4;  1,6;  0,0;  0,0;  0,0;  0,0;  0,0;  0,0; 17,0;  4,4;  1,0;  4,7;  7,0; 11,3;  2,0;  1,3;  0,0;  0,0; 32,0; 41,0; 22,1; 20,3; 21,5;  1,8;  5,7;  2,7;  0,0;  0,4;8,0;1,0;---;41,0;209,2
  10/1962;  0,2;  8,3; 20,6; 20,2;  0,0;  0,0;  5,5; 18,0; 12,8;  9,2; 26,3; 30,2;  2,3; 20,1;  0,0;  0,0;  8,0;  4,0; 30,6; 26,0;  0,0;  0,0;  0,0;  0,5;  0,3;  0,2;  0,3; 13,0;20,0;20,5;20,7;30,6;317,8
  11/1962;  3,6;  0,0;  0,0;  0,0;  0,0;  0,7; 20,0; 20,5;  0,9;  0,0;  4,2;  0,0;  0,0;  0,0;  0,0;  0,0;  0,0;  6,6;  1,1;  3,2;  3,1;  4,0;  0,3;  0,2;  0,0;  0,0;  0,0;  0,0;0,0;6,1;---;20,5;74,5
  12/1962;  1,5;  6,4;  0,0; 88,0;  8,2; 26,6; 12,0; 10,0;  0,0;  0,7;  0,0;  0,0;  2,5;  0,0;  0,0;  0,0;  4,5;  3,3;  0,0;  0,6;  0,4;  0,0;  0,0;  0,0;  0,0;  0,0;  0,0;  0,6;3,5;14,0;26,0;88,0;208,8
  01/1963; 44,0; 15,0;  0,0;  0,0;  0,0;  0,0;  0,7;  0,0;  0,0;  0,0;203,0;250,0; 25,5;  8,0; 42,7;  8,2; 34,7; 34,5; 43,0;  6,3;  0,0;  0,0; 33,5; 19,5;  0,0; 12,0;  0,0;  0,0;0,0;60,0;0,0;250,0;840,6
  02/1963; 55,5;  7,1; 22,7;  0,3;  0,0; 60,6; 40,2;  0,0;  0,0;  3,2;  1,5;  0,0; 10,0; 19,3;  6,4;  0,0;  0,0;  0,5; 15,2; 54,0;  1,8; 24,0; 15,1;  1,3;  0,0;  0,0;  0,0;  0,8;---;---;---;60,6;339,5
  03/1963;  0,0; 38,0;  4,3;  3,9;  0,8;  0,7;  0,0;  0,0;  0,0;292,5;  0,5;  0,0;  0,0;  0,0; 10,0;  4,5;  0,0;  2,5;  0,0;  0,0;  0,0; 34,5;  0,0;  0,0;  0,7; 38,3;  0,0; 34,0;35,0;18,5;0,0;292,5;518,7
  04/1963;  6,0;  0,0;  0,0;  0,0;  0,0; 11,5; 90,0; 34,0;  0,3;  6,5; 11,3;  0,0;  0,0;  0,0;  0,0;  7,1; 11,0;  5,5;  1,0;  0,0;  0,0;  0,0;  0,0;  0,3;  0,0;  0,0;  0,3;  0,0;0,0;0,0;---;90,0;184,8
  05/1963;  0,3;  0,2;  0,0;  9,8;  0,0;  0,0;  0,0;  0,0;  0,0;  0,0;  0,0;  0,3;  0,0;  0,0;  0,0;  5,4; 20,6; 18,5;  0,0;  0,0;  0,0;  0,0;  0,0;  0,0;  0,0;  2,8;  0,7;  0,0;0,2;1,2;1,0;20,6;61,0
  06/1963;  0,0;  5,0;  0,0;  0,3;  0,0;  7,6; 18,0;  6,6;  0,0;  0,0;  0,0;  0,0;  7,0; 15,0; 18,0;  6,6;  0,0;  0,0;  0,0;  0,6;  0,0;  0,2;  0,3;  0,3;  0,2;  0,1;  0,0;  0,0;0,0;0,0;---;18,0;85,8
  07/1963;  0,2;  0,3; 30,2; 33,0; 12,9;  0,5;  4,8;  0,0;  0,2;  0,4;  0,2;  0,2;  0,2;  0,0;  0,0;  0,0; 24,5;  1,7;  0,2;  0,0;  0,0; 30,2; 13,0;  0,3;  0,0;  0,0;  0,0;  0,2;0,2;0,2;0,3;33,0;153,9
  08/1963;  0,0;  0,0;  0,0;  0,0; 12,6;  0,7;  0,0;  0,0;  0,2;  0,0;  0,0;  0,0;  0,3;  1,5;  4,5; 20,5; 21,4; 22,3;  5,3;  0,0;  0,0;  0,0;  0,0;  0,0;  5,3;  0,8;  0,0;  0,0;0,2;0,0;0,1;22,3;95,7
  09/1963;  0,0;  0,0;  0,0;  0,2;  0,0;  0,0;  0,0;  0,0;  0,0;  0,0;  0,0;  0,0;  0,0;  0,0;  0,0;  0,0;  0,0;  0,3;  0,3;  0,0;  0,2; 11,5;  1,0;  0,3;  0,0;  4,5;  0,3; 22,5;11,7;7,0;---;22,5;59,8
  10/1963; 63,0; 36,5;  9,5;  6,1;  2,9; 16,0;  0,0;  0,3;  0,0;  0,0;  1,7;  0,2;  0,0;  0,0;  0,0;  0,0;  0,0;  0,0;  0,0;  0,0;  0,0;  0,0;  0,0;  6,0; 16,0;  0,3;  0,0;  0,0;0,0;0,0;0,0;63,0;158,5
  11/1963; 10,2; 11,0;  6,8;  1,5;  0,0;  0,0;  0,0;  0,4;  6,1; 21,4;  2,2;  0,3;  0,0; 24,1; 19,0; 26,0;  0,0;  3,3; 30,8; 48,3; 45,2; 22,7;  0,6;  0,0;  0,0;  0,0;  0,2;  3,3;0,2;0,0;---;48,3;283,6
  12/1963;  0,0; 18,0;  5,8;  1,6;  4,8; 37,0;  4,3;  0,3;  0,0;  0,0;  1,0; 21,3;  8,5;  9,0;  8,0;  1,0;  0,0;  0,0;  0,0; 62,5; 24,0;  2,0;  2,2;  1,0;  0,5;  0,0;  8,5;  3,0;0,0;0,0;0,0;62,5;224,3
  01/1964; 14,0; 17,7;  0,2;  4,2;  3,0;  0,0;  0,0;  0,0;  0,7; 12,3;  9,3;  0,0;  0,0;  0,0; 32,8;  0,0;  3,0;  0,0; 28,0;  0,3;  0,0;  0,5;  0,4; 43,8;  3,8;  0,6;  2,5;  4,5;30,0;0,0;0,0;43,8;211,6
  02/1964;  0,0;  0,0;  1,0; 26,0;  0,4;  0,0;  0,0;  0,0; 13,1; 12,1;  2,2;  0,0;  0,7;  7,5;  0,4; 42,8;  0,4; 19,4; 67,7; 50,0;  6,6;  0,2; 39,7;  0,2;  4,8;  0,6;  0,0;  0,0;0,0;---;---;67,7;295,8
  03/1964;  0,0;  0,0;  0,0;  0,0;  0,0;  0,0;  3,0;  7,0; 11,0;  0,8;  0,0;  0,0;  0,0;  0,0; 43,0; 41,0;  0,9;  0,0;  0,0;  3,1;  2,1;  0,0;  0,0;  0,0;  0,0;  0,0;  0,0; 24,5;3,1;23,1;4,8;43,0;167,4
  04/1964; 20,5; 30,1; 15,0;  0,5;  4,5;  0,0;  4,0;  0,0;  0,6;  0,0;  0,0;  0,0;  0,0;  1,0; 16,6;  0,0;  0,0; 12,0; 20,2;  8,0;  1,0;  0,0;  0,0;  0,0; 25,2; 24,3;  0,9;  4,0;27,1;8,2;---;30,1;223,7
  05/1964; 15,6;  0,0;  0,0;  0,3; 52,2;  0,6;  0,0;  0,0;  0,0;  1,6;  0,0;  0,0;  0,0;  1,5;  1,3;  0,0;  0,2;  0,2;  0,2;  0,3;  0,2;  0,1;  0,3;  0,2;  0,3;  0,2;  0,0;  0,2;13,0;21,0;0,2;52,2;109,7
  06/1964;  0,0;  0,0;  0,0;  0,0;  0,0;  0,2;  0,2;  0,3;  0,3;  0,2; 48,0; 32,5;100,0;  5,0;  2,4; 28,2;  2,3;  0,0;  0,0;  0,0;  0,0;  0,0;  0,0; 10,8; 40,1; 27,2;  0,0;  0,0;0,0;0,0;---;100,0;297,7
  07/1964;  0,0;  0,0;  0,6; 23,1;  0,6;  0,7;  0,8;  0,0;  8,5;  0,0;  0,0;  0,1;  0,0;  0,0;  0,0;  0,0;  0,0;  0,0;  0,0;  0,0;  0,0;  0,0;  0,0; 21,5; 20,0;  0,0;  0,0;  0,0;0,0;0,0;0,0;23,1;75,9
  08/1964;  0,2;  0,2; 13,0;  0,2;  0,2;  1,0;  0,0;  0,0;  7,5;  0,0;  3,5; 10,7;  4,5; 20,5;  0,2;  0,0;  0,0;  0,0;  0,0; 20,0; 15,1; 18,0;  0,5;  0,0;  0,0;  0,0;  0,4;  0,3;0,2;3,0;0,2;20,5;119,4
  09/1964;  0,3; 41,0; 24,5;  0,0;  0,0;  0,5;  0,0;  1,5;  0,0;  2,1; 29,3;  3,5;  0,5;  1,0;  0,2;  0,0;  0,0;  0,0;  0,0;  0,0;  0,0;  0,0;  0,0;  9,5; 10,5;  0,5;  0,0; 24,0;0,3;0,0;---;41,0;149,2
  10/1964; 12,6;  0,0;  0,0;  0,0;  2,4;  0,0;  2,6;  8,2; 32,0; 34,0;  0,0; 93,0; 84,0;  4,3;  0,6;  1,5;  0,0;  0,0;  0,0;  0,4;  4,0;  0,0;  0,7;  0,0;  0,0;  0,0;  0,0;  0,0;0,0;0,0;0,0;93,0;280,3
  11/1964; 12,8;  1,4;  1,0;  0,6; 11,5;  5,6;  0,4;  0,0;  0,3; 35,0;  7,6;  6,1;  0,0;  0,0;  0,0;  0,2; 40,4;  1,5;  2,9;  0,1; 60,7; 17,5;  0,0;  0,0;  0,0;  0,0;  0,0;  0,0;0,0;1,5;---;60,7;207,1
  12/1964;  9,3; 16,5;  3,0; 33,5;  0,0;  0,3;  0,0;  0,0;  2,0;  1,3;  0,0;  0,0;  4,0; 73,0;  0,0;  0,0;  7,0;  2,3;  0,0;  0,0;  0,0;  0,0; 50,0;  0,0;  0,0; 15,8; 13,0; 22,0;22,5;23,5;0,0;73,0;299,0
  01/1965;  0,0;  0,0; 13,5;  0,3;  0,0;  0,0;  0,0;  0,0; 90,5; 66,0;  4,0;  0,0; 13,0;  0,0;  0,0;  0,0;  0,0;  0,0; 50,8; 22,2;  0,0;  0,0;  0,0;  0,0;  0,0;  0,0; 12,3;  3,2;0,0;10,3;23,0;90,5;309,1
  02/1965; 23,0;  0,0;  0,0;  0,0;  0,0;  0,0;  0,0;  0,0;  0,0;  0,0;  0,0;  0,0;  0,0;  0,0;198,0; 11,3; 40,8;  1,0;  0,0;  0,0;  4,0; 22,0;  0,0;  0,0;  0,0;  3,0; 23,0;  0,0;---;---;---;198,0;326,1
  03/1965;  4,0;  0,8; 60,2; 60,0;  0,0;  0,0;  0,0;  0,0; 13,0; 41,5;  0,0;  0,0;  0,0;  0,0;  0,0;  0,0;  0,0;  0,7; 20,0; 48,3; 20,3; 20,7; 24,1; 16,2;  0,2; 38,5;  0,0;  0,0;0,0;0,0;0,0;60,2;368,5
  04/1965;  8,0;  7,8;  0,6;  0,3;  0,0;  0,0; 35,2;  0,0;  3,5;  4,2;  2,0;  0,0;  0,0; 30,4; 12,9;  0,0;  2,0;  0,0; 44,0; 32,0;  0,0;  0,0;  0,0;  0,0;  0,0;  0,0; 63,0; 74,2;62,7;31,0;---;74,2;413,8
  05/1965; 25,5;  0,0;  0,0;  0,0;  4,5;  0,0;  0,0;  0,0;  0,0;  0,0; 47,3; 35,7; 38,2; 43,5; 32,3; 23,4; 30,2; 26,1; 22,2;  2,3;  0,0;  0,0;  0,2;  0,2;  0,2;  0,1;  0,0;  0,0;0,2;0,1;0,2;47,3;332,4
  06/1965;  0,2;  0,2;  0,4;  0,2;  1,5;  5,5;  2,2;  3,0;  0,0; 21,0;  0,5;  0,0;  0,0;  0,0;  3,7;  2,8;  0,0;  0,0;  1,0;  0,2;  0,2;  0,0;  0,0;  7,0; 13,5;  0,0;  0,0;  0,0;0,0;5,0;---;21,0;68,1
  07/1965;  0,0;  0,0; 10,0;  0,0; 60,5; 33,4; 24,3;  0,8;  0,0; 16,0;  0,0;  0,0;  0,0;  0,0;  4,0;  0,0;  0,0;  3,3;  0,0;  0,0;  0,0;  0,0;  0,4;  0,0;  0,3;  0,0;  0,0;  0,2;10,2;0,0;0,0;60,5;163,4
  08/1965;  0,0;  0,0;  0,0;  2,0;  0,7;  0,0;  1,0;  0,8;  0,0;  0,0;  0,0;  0,0;  0,0; 10,0;  3,0;  0,0;  0,0; 16,0; 23,0;  0,0;  0,0;  0,0;  0,0;  0,0;  0,0;  0,0;  0,0;  0,0;0,0;10,6;0,0;23,0;67,1
  09/1965;  3,2;  0,2;  0,0;  0,0;  0,0;  0,7;  1,1;  0,3;  0,6;  0,0;  0,6;  5,7; 29,1; 14,1;  0,4;  0,0;  0,0;  0,0;  0,0;  0,0;  0,0;  0,0;  0,0;  0,0;  0,0;  0,0; 27,4; 11,2;1,0;7,2;---;29,1;102,8
  10/1965; 23,2;  0,0;  0,0;  2,7;  0,0;  0,7;  0,0;  0,7;  0,0;  0,3;  2,3;  1,5;  1,1;  0,6;  0,0;  0,0;  0,3;  0,0;  0,0;  0,0; 15,8;  1,2;  4,1;  0,0;  0,5;  0,6;  4,5;  0,0;23,1;0,0;21,5;23,2;104,7
  11/1965; 22,1;  0,2;  5,1;  0,0; 17,1; 53,0;  0,0;  1,1;  0,3;  3,0;  0,0;  5,8; 14,5;  8,7;  0,4;  3,7;  0,1;  0,0;  0,0;  0,0;  0,6;  1,8;  7,0;  1,9;  1,4;  4,4; 21,1; 14,6;4,5;0,0;---;53,0;192,4
  12/1965;  1,8;  0,0;  0,0;  0,1;  0,3;  1,5; 41,0;  6,4; 26,8;  4,0;108,8;  2,7;  0,0;  2,6; 56,9; 41,2; 11,1;  1,3;  0,0;  0,0;  0,0; 44,1; 12,5; 22,9; 28,0;  0,0;  0,9; 30,0;13,8;4,8;6,5;108,8;470,0
  01/1966;  0,0; 14,9;  0,4;  0,0;  0,0;  1,9;  1,4;  0,8;  2,0; 12,4; 26,6;  0,5;  3,7;136,0; 77,8;  1,0;  0,0;  0,0;  8,9;  1,7;  0,0;  0,0;  0,0;  0,0;  0,0;  8,9;  3,5; 16,2;11,5;4,3;15,2;136,0;349,6
  02/1966;  6,2;  0,0;  0,0;  0,0;  0,0;  0,0; 10,8;  0,0;  0,0;265,1;  0,0;  2,3; 85,7;  2,2;  2,0;  3,5;  0,0;  4,0;  0,0;  6,5;  0,0;  0,0; 61,2;  0,0;  7,3;  3,2;  0,0;  0,2;---;---;---;265,1;460,2
  03/1966;  0,0;  0,0;  6,7;  0,6;  8,7;  4,3;  1,3; 82,1; 62,7; 55,0;  0,0;  0,1;  0,0;  0,0;  0,0;  0,0;  0,0;  0,0;  0,0;  0,3;  0,0;  0,0;  9,3;  0,5;  5,4;  9,9;  7,7;  5,8;15,2;6,1;1,9;82,1;283,6
  04/1966;  1,9;  0,0;  8,1;  2,5; 10,8; 70,9; 60,0; 60,2; 20,0;  0,4;  5,3; 10,2;  0,0;  0,0;  0,8;  0,0;  0,4;  0,0;  0,0;  0,5;  1,6;  1,1;  0,0;  0,4;  0,0; 36,5; 34,1;  0,1;0,0;0,0;---;70,9;325,8
  05/1966;  0,3;  0,0;  0,0;  7,7; 10,5; 90,6;  7,3;  7,3;  0,0;  0,3; 27,7;  5,5; 18,5;  1,2;  1,2;  0,2;  0,4;  0,1;  0,3;  0,2;  0,5;  0,0; 19,3;  0,6;  0,0; 13,7;  4,8;  4,9;10,9;0,5;0,3;90,6;234,8
  06/1966;  0,4;  0,4;  0,0;  0,5;  0,3;  0,0;  0,3;  0,4;  0,5;  0,2;  0,4;  0,4;  0,6;  0,2;  0,2;  0,8;  0,1; 10,7;  0,7;  0,3;  0,2;  0,2;  0,0; 13,6;  0,0;  0,0;  0,2;  0,0;0,2;14,9;---;14,9;46,7
  07/1966; 12,3; 16,1;  3,3;  3,2;  0,5;  0,7;  0,5;  0,2;  0,4;  0,0;  0,1;  0,4;  0,3;  0,2;  0,4;  7,7;  0,0;  0,0;  0,0;  0,5;  0,0;  0,2;  1,6;  0,0;  0,0;  2,7;  3,2;  7,9;0,2;0,0;0,0;16,1;62,6
  08/1966;  0,0;  0,0;  0,0;  0,2;  0,0;  0,2;  0,0;  0,5;  5,3;  0,0;  0,2;  0,1;  0,4;  0,0; 18,6;  5,7;  0,0;  0,0;  0,0;  0,2;  0,0;  0,0;  2,3; 10,0; 23,7;  0,0;  0,0;  0,6;0,2;2,3;0,2;23,7;70,7
  09/1966;  7,1;  8,1;  8,8; 10,7;  1,1;  0,0;  6,1;  0,2;  0,0;  0,0;  0,3;  0,0;  0,0;  0,0;  0,0;  4,6;  3,9;  1,4;  1,9;  6,7;  4,6;  0,4;  0,0;  0,2;  0,2;  0,3;  0,5; 13,4;24,2;0,3;---;24,2;105,0
  10/1966;  0,2;  0,2;  0,0;  0,0;  1,2;  2,0; 21,0; 38,2;  1,7;  0,0;  0,0;  0,1;  3,7;  1,0;  0,2;  0,9;  7,0; 27,3;  0,0;  0,7;  0,2;  1,0; 17,2;  0,3;  0,0;  0,0;  0,0; 29,4;40,2;9,8;9,7;40,2;213,2
  11/1966; 26,7; 19,2;  3,1;  0,0;  3,1;  0,4;  0,2;  0,0;  0,0;  0,0;  0,0;  1,2; 22,3; 18,3;  7,9;  2,4; 13,6;  0,0;  9,3;  0,0;  0,0;  0,3;  1,3;  3,9;  1,4;  0,0;  0,1;  0,0;0,0;0,0;---;26,7;134,7
  12/1966;  0,0;  1,0;  0,8;  0,0;  0,0;  9,7;  0,0;  2,0;  0,2;  0,0;  3,0;  2,0;  0,0;  0,0;  0,0;  2,4;  1,5;  4,2;  2,0; 23,0; 17,0;  6,4; 22,2;  9,9; 14,1;  0,1;  9,1; 52,8;1,0;1,1;0,0;52,8;185,5
  01/1967;  0,0;  0,5; 13,5;  0,0;  1,7;  0,2;  0,0;  0,0;  0,2;  6,5;  0,0;  0,0;  0,5;  8,8; 18,0;  2,6;  0,0;  0,0;  1,6;  3,6;  2,4; 83,6; 16,4; 17,3; 28,2;  0,9;  1,8;  3,1;0,1;2,1;115,9;115,9;329,5
  02/1967;102,7; 55,2; 32,2; 29,3; 11,2;  3,3;  0,0;  0,0; 26,8;  3,5;  6,7; 40,6;  9,6;  0,0;  8,8;  2,3; 28,5; 62,5; 12,8; 16,4;  0,6;  0,1;  0,1; 22,8;  0,1; 62,7; 52,0;  2,4;---;---;---;102,7;593,2
  03/1967;  0,0; 18,2; 44,4; 22,6;  7,4; 35,0; 14,4; 18,7;  0,5;  0,1; 24,2;  4,1; 23,7; 89,3; 21,8; 52,0; 17,0;  4,6;118,8;  9,0;  0,2;  0,2;  0,0;  9,1;  1,9; 10,2;  0,1;  0,0;36,2;0,0;0,8;118,8;584,5
  04/1967;  7,6;  0,0;  0,0;  0,0;  0,5;  1,4;  9,6;  0,0;  0,6;  0,2;  0,1;  0,1;  0,2;  0,2;  2,0;  7,4;  0,4;  5,7;  0,3; 33,0;  8,7; 11,2;  0,0; 13,7; 40,4; 18,8; 15,8; 68,6;2,4;2,8;---;68,6;251,7
  05/1967;  0,4;  0,2;  0,3;  0,4;  0,3;  0,3;  0,2;  2,1;  1,9;  0,8;  0,3;  0,4;  0,3;  0,3;  0,2;  5,7;  5,8;  8,7;  0,1;  0,2;  5,6;  1,5;  1,0;  0,2;  0,2;  0,3;  0,1;  0,3;0,3;0,2;0,0;8,7;38,6
  06/1967;  1,1;  0,3;  0,0; 14,5;  6,3; 32,1;  8,7;  0,2;  0,0;  0,0; 17,1;  3,7; 43,3; 10,8;  1,0;  0,2;  0,3;  0,0;  0,3;  0,2;  0,5;  0,0;  0,2;  0,3;  1,7;  0,2;  0,6;  0,2;0,1;0,2;---;43,3;144,1
  07/1967;  0,5;  0,1;  0,0;  0,2;  3,3;  1,0;  0,7;  0,4;  0,0;  0,1;  4,0;  6,1;108,6;  5,1;  3,5;  1,1;  4,3;  6,2;  0,2;  0,3;  0,2;  2,7;  5,3;  0,0;  0,1;  0,2;  0,3;  0,0;0,5;0,3;0,2;108,6;155,5
  08/1967;  0,2;  0,0;  0,0;  0,3;  0,0;  8,5;  6,6;  0,0;  0,4;  0,0;  0,2;  0,6;  5,1;  9,9;  0,0;  0,3;  0,2;  0,0;  0,0;  0,3;  0,2;  0,0;  0,2;  0,0;  0,0;  0,0;  0,0;  0,0;0,6;0,2;0,5;9,9;34,3
  09/1967;  0,0;  0,2;  0,0;  0,0;  0,0;  0,0;  4,2;  1,8;  7,2;  0,0; 15,0;  9,0;  0,0;  0,0;  0,0;  0,0;  0,1;  0,0;  0,0;  0,0; 30,5;  3,5;  3,6;  8,7;  0,0;  1,3;  0,0;  0,0;0,0;0,0;---;30,5;85,1
  10/1967;  0,0;  0,0;  0,2;  0,0;  0,0;  0,0;  0,0;  0,0;  0,0;  0,0;  0,0;  0,0; 16,1;  0,3;  0,0;  1,7;  2,0;  0,0;  9,7; 13,9; 18,2; 18,8; 14,0;  0,0;  0,0;  4,1;  1,6;  0,0;0,0;32,1;1,6;32,1;134,3
  11/1967;  0,0;  0,0;  3,6;  1,6;  1,5;  0,0;  0,0;  0,0;  0,0;  0,0;  0,0;  0,0;  3,1; 12,7;  3,0; 23,3; 25,9; 20,0; 26,3;  2,7; 16,3;  0,5;  1,1;  2,8;  1,3;  2,5;  3,7; 17,2;14,5;7,0;---;26,3;190,6
  12/1967;  0,0;  0,0; 13,2; 11,5;  5,0;  0,0;  0,9;  0,0; 43,6; 12,5;  2,2;  8,0;  0,3;  0,0;  0,0;  2,2;  2,8; 45,6;  2,1;  0,0;  0,5;  0,0; 11,6;  0,0;  0,0;  4,9;  6,0;  0,0;8,9;21,9;4,5;45,6;208,2
  01/1968;  0,2;  1,3; 61,0; 21,6;  0,0;  0,0;  0,0;  0,0;  0,0;  0,0; 11,6;  3,0;  7,4;  0,0; 16,8; 19,9; 30,8; 20,3;  6,4;  2,6;  0,4; 42,4; 63,5; 17,2;  0,5;  0,0;  0,0;  0,0;0,0;32,4;21,0;63,5;380,3
  02/1968;  0,0;  0,5;  1,2;  2,3;  0,0;  0,0;  0,0;  0,0;  0,5;  0,0;  0,0;  0,0;  0,0;  6,1;  2,6;  7,4;  5,6;  0,8;  1,6;  2,2;  0,2;  0,2;  0,0; 91,7;  1,1;  0,9;  0,4;  0,0;0,0;---;---;91,7;125,3
  03/1968;  0,5;  0,2;  0,0;  0,1;  0,0;  0,0;  5,2;  3,0; 12,0;  1,4; 36,0; 46,3;  6,5;  4,8;  1,2; 22,1; 90,9;  7,1;  0,0;  0,1;  0,1;  0,7;  5,2; 18,0;  0,0;  0,2;  0,2; 13,4;4,4;2,2;0,0;90,9;281,8
  04/1968; 21,3; 21,4; 40,8;  0,0; 57,1; 12,6;  0,3;  0,4;  0,2;  0,0;  0,0;  0,0;  8,0;  0,1;  0,1;  0,0;  4,1;  1,1;  0,0;  4,2; 18,7;  0,3;  0,2;  0,0;  9,8;  0,3;  0,2;  0,0;0,7;0,0;---;57,1;201,9
  05/1968;  0,0;  0,0;  1,2;  0,2;  0,2;  0,2;  0,2;  0,1;  2,3;  0,0;  0,0;  0,3;  0,2;  0,0;  2,7;  7,4;  0,4;  0,0;  0,2;  0,1;  0,3;  0,6;  0,2;  9,5;  0,6;  0,2;  0,3;  0,2;5,0;10,5;2,1;10,5;45,2
  06/1968;  0,2;  0,2;  0,0;  1,5;  1,1;  0,2;  0,1;  0,5; 10,4;  4,2;  1,4;  1,1;  0,2;  0,3;  0,2;  0,5;  0,0;  0,3;  0,0; 13,2;  0,2;  0,1;  0,2;  7,2;  0,5;  0,3;  0,2;  0,3;0,1;0,2;---;13,2;44,9
  07/1968;  0,4;  0,2;  0,6;  0,2;  0,3;  1,0; 14,8;  0,8;  0,3; 18,2;  0,9;  3,5;  0,1;  0,0;  0,3;  0,4;  0,3;  0,1;  0,2;  0,2;  0,1;  1,1;  2,2;  0,2;  0,2;  0,3;  3,2;  0,6;2,0;0,0;0,2;18,2;52,9
  08/1968;  0,4;  0,3;  0,4;  0,2;  1,1;  0,0;  0,1;  3,5; 14,2;  2,1;  0,6;  0,2;  0,1;  0,2;  0,3;  0,2;  0,4;  0,0;  0,0;  0,1;  0,2;  6,2;  9,5;  0,0;  0,6;  0,4;  0,0;  0,2;0,1;0,7;1,8;14,2;44,1
  09/1968;  0,9;  0,4;  0,2;  0,3;  0,3;  0,1;  0,0;  0,0;  0,0;  0,0;  0,2;  2,2;  6,8;  4,5;  5,2;  0,8;  0,2;  0,8;  0,0;  0,5; 26,3;  4,3;  0,6;  0,0;  0,0;  0,0;  0,0;  0,0;2,4;0,0;---;26,3;57,0
  10/1968;  2,7;  0,5;  0,0;  0,0;  0,0;  0,0;  0,0;  0,0; 16,7;  2,5;  3,2; 14,9; 20,0; 12,7;  6,8;  0,0; 16,0; 26,3; 16,7;  0,0;  2,0;  0,3;  2,5;  3,5;  0,0;  0,0;  0,5;  0,7;0,0;10,9;13,4;26,3;172,8
  11/1968;  1,2;  0,0;  0,0; 26,9;  0,0;  0,0; 14,1;  5,3;  2,2;  0,0;  8,1;  0,0;  0,2;  0,0;  0,0;  0,0;  0,0;  7,2;  0,5;  0,0;  0,0;  0,0;  0,0;  0,0;  0,2;  0,0;  0,0;  0,0;7,2;0,2;---;26,9;73,3
  12/1968; 24,0;  4,0;  5,0;  7,0;  0,0;  5,0;  4,5;  0,0;  0,0;  7,8;  0,6;  0,0;  0,0;  0,0;  0,0;  0,0;  0,0;  5,0;  0,0;  0,0;  2,3;  0,0;  0,0;  0,0;  7,5; 15,3;  1,5;  0,0;20,0;12,0;2,0;24,0;123,5
  01/1969;  0,0;  0,0; 22,7;  1,5;  1,6;  2,1;  5,2; 25,9;  0,0;  7,2; 22,6; 12,9;  0,0;  0,0;  0,0;  0,0;  0,0;  0,0;  0,0;  0,3; 10,9;  4,6;  0,3; 15,6; 13,7;  0,0;  2,7;  0,0;5,7;0,0;0,0;25,9;155,5
  02/1969; 13,0;  0,0;  7,8;  0,0;  0,0;  0,0;  0,0;  0,0;  0,0;  0,0;  1,7;  0,0; 97,4;  4,1;  0,0;  3,2; 41,3;  0,0; 24,3; 60,5; 12,4; 19,3;  0,0;  0,0;  0,0;  0,0;  0,0; 11,3;---;---;---;97,4;296,3
  03/1969;  0,7; 29,7;  0,0;  0,0;  1,2;  0,0;  5,3;  0,0;  0,5;  0,0; 14,0;  2,4; 42,3;  0,0;  1,0;  2,6;  0,2;  0,2;  0,0;164,0; 13,6; 21,3;  5,7;  0,0;  0,5;  0,0;  4,8;125,6;11,0;3,4;0,0;164,0;450,0
  04/1969; 23,0;  0,0; 40,9; 51,1;136,2;  0,0; 14,2;  0,6;  1,1;  1,5;  0,0;  0,0;  4,0;  1,3;  3,2;  5,2;  2,7;  0,0;  0,2;  0,0;  0,0; 13,7;  8,3;  4,5; 12,9;  0,5;  0,2;  0,1;7,0;0,2;---;136,2;332,6
  05/1969;  0,2;  0,2;  0,0;  0,0;  0,2;  0,3;  0,2;  0,2;  0,0;  0,0;  0,0;  0,0;  4,0; 16,8;  5,6; 10,0;  0,1;  0,2;  0,3;  0,4;  0,2;  2,2; 19,1; 23,0;  9,1; 71,0;  0,3;  1,0;3,4;5,0;0,3;71,0;173,3
  06/1969;  0,2;  0,3; 20,0;  0,0;  0,3;  0,2;  0,2;  0,3;  0,0;  0,3;  0,3;  0,3;  0,0;  0,0;  0,0; 15,0;  0,3; 12,4;  6,2;  0,3; 22,5;201,5;  6,0; 14,7;  3,9;  8,3;  0,2;  7,2;5,3;0,0;---;201,5;326,2
  07/1969;  0,3;  0,0;  0,0;  0,6;  0,3;  0,3;  0,8; 39,7; 20,5;  0,0;  0,2;  0,2;  2,3;  0,0;  0,4;  0,0;  0,0;  0,0;  0,3;  0,0;  0,3;  0,0;  4,7;  3,9;  2,3;  0,3;  0,2;  0,2;0,3;0,0;0,2;39,7;78,3
  08/1969;  0,0;  2,1; 20,2;  2,8;  0,4;  0,5;  3,1;  0,8;  0,0;  0,5;  0,4;  0,3;  0,0;  0,3;  0,0;  3,2;  0,0;  0,0;  0,0;  4,0;  0,0;  0,8;  0,4;  0,0;  0,5;  5,2;  3,0;  0,6;5,0;1,7;0,6;20,2;56,4
  09/1969;  0,2;  0,2;  0,0;  2,5; 10,9;  0,0;  0,2;  7,4;  0,0;  0,0;  0,0;  0,5;  0,0;  0,0;  0,0;  0,3;  1,8;  0,1;  0,0;  7,0;  8,0;  0,0;  0,0;  2,2;  1,0;  0,4;  0,0;  3,4;2,8;12,6;---;12,6;61,5
  10/1969; 11,5;  2,0; 20,6;  4,2;  1,5;  0,0; 48,3;  1,8;  0,0;  2,3;  0,0;  1,8;  1,7;  0,6;  0,0;  5,5; 26,8;  0,4;  1,2; 14,7;  0,0; 16,8; 23,0;  0,8;  0,0;  0,0;  0,3;  0,1;0,0;25,0;1,8;48,3;212,7
  11/1969;  0,7;  0,0;  2,0;  1,2;  0,4;  0,0; 29,3;  6,9;  9,7;  3,0;  0,0;  1,0; 14,0; 65,1; 39,4;  0,0;  0,0;  0,9;  9,2; 35,2; 55,1;  2,0; 15,0;  0,0;  0,0;  0,0;  0,0;  0,0;0,0;25,2;---;65,1;315,3
  12/1969;  0,0;  0,0;  0,0;  0,0; 13,4;  7,3;  4,1;  9,5;  0,7;  0,0; 10,0;  5,4;  3,8;  9,7;  0,0;  0,0;  0,0;  0,0;  0,0;  0,0;  0,0;  0,0; 30,6; 46,5; 15,5;  4,0;  0,0;  0,0;0,0;0,0;0,0;46,5;160,5
  01/1970;  2,8; 10,3;  3,7;  0,0;  1,0;  0,0;  0,0;  0,0;  0,0;  5,3;  0,0;  4,3; 12,2;  0,0; 18,6; 52,0;  6,1;  0,0;  6,1; 27,5;  0,0;  0,0;  6,0;  0,0;  0,0;  0,0;  0,0;  1,5;3,3;0,0;2,8;52,0;163,5
  02/1970; 19,0;  0,0;  0,0; 35,6;  0,0; 11,0;  0,0;  0,0;  0,0; 11,1;  1,7; 78,7; 29,6; 38,3;  8,3; 28,8;  1,7;  1,4;  2,8;  0,0;  0,0;  0,0; 27,0;  1,5;  6,9;  1,1;  0,0;  8,1;---;---;---;78,7;312,6
  03/1970;  0,0;  0,0;  0,0;  0,0;  0,0;  0,0;  0,0;  0,0; 33,5;  4,5;  0,0;  4,5; 74,0; 45,1; 32,6;  0,0;  0,0; 53,1;  5,1;  0,0;  1,7;  0,0;  0,0;  0,0; 18,2;  3,0;  0,0;  0,0;0,0;0,0;0,3;74,0;275,6
  04/1970;  5,5;  1,5;  0,0; 55,1; 32,2;  3,1;  0,0;130,9; 52,7; 43,2;  8,7; 19,9;  0,0;  0,0;  0,0; 34,5;  0,2;  0,0;  0,0;  0,0;  0,0;  0,0;  0,0;  0,0;  0,0;  0,0;  0,0; 32,5;48,7;65,3;---;130,9;534,0
  05/1970;  0,2;  8,5;  1,5;  0,0;  0,2; 54,3; 22,7;  0,2;  0,0;  0,0;  0,2; 62,4;  0,5;  0,0;  0,0;  0,2;  1,9;  0,7;  0,3;  0,2;  2,0;  0,0;  0,0;  0,0;  0,0;  0,2;  0,3;  0,2;0,4;0,2;0,0;62,4;157,3
  06/1970;  0,0;  0,0;  0,0;  0,0;  2,5;  0,0;  0,0;  0,0;  4,8;  6,7;  0,0;  0,2;  0,0;  0,0;  0,0;  0,5;  0,0;  0,0;  0,2;  0,0;  0,0;  0,0;  3,8;  2,9;  0,0;  0,0;  0,2;  0,3;3,5;12,8;---;12,8;38,4
  07/1970;  0,0;  0,0;  0,0;  0,2;  0,3;  0,2;  0,1;  0,4;  0,1;  4,8; 55,2; 14,0; 23,8; 21,7;  7,2;  0,0;  0,0;  0,0;  0,0;  0,2;  0,0; 40,8;  1,8;  1,7;  0,0;  0,0;  0,0;  0,0;0,0;0,0;0,2;55,2;172,7
  08/1970; 21,7;  0,0;  0,0;  0,0;  0,0;  0,0;  0,0;  0,0;  0,0;  0,0;  0,0;  5,0;  0,0;  0,0;  0,0;  0,0;  0,0;  0,0;  0,0;  0,0;  0,0;  1,2;  1,7;  0,0;  0,2; 60,4; 42,7;  0,0;0,0;9,0;0,0;60,4;141,9
  09/1970; 28,2;  0,0;  0,0;  0,0;  0,0;  0,0; 14,2;  0,0;  0,0;  0,0;  0,0;  0,1; 10,0;  0,0;  2,4; 30,0; 21,1;  8,0;  0,0;  0,0; 19,2; 12,4;  0,0;  0,0;  0,1; 19,3;  0,5;  2,9;2,4;0,0;---;30,0;170,8
  10/1970;  0,1;  0,6; 24,3; 19,5;  0,5;  0,0;  0,0;  0,1; 41,1;  3,2;  3,5;  0,0;  1,5;  0,0;  0,2;  0,0;  0,0; 11,7;  0,0;  8,3;  1,4;  2,6;  0,6;  7,3;  8,8;  0,2; 10,5;  9,3;1,4;0,0;0,1;41,1;156,8
  11/1970;  0,0;  4,1; 18,2;  3,3;  0,0; 10,4;  0,0; 21,8; 15,2;  0,0;  3,2;  0,0;  0,2;  0,2;  4,5;  0,0;  0,0;  0,0;  0,0;  0,0;  0,0; 10,5;  0,1; 14,2;  0,0;  0,0;  0,0;  1,8;11,8;3,3;---;21,8;122,8
  12/1970; 16,5; 48,0;  6,7;  0,0;  0,0;  0,0;  0,2;  0,0;  0,0;  1,7;  5,9;  0,5;  1,7;  5,4; 14,0;  0,0;  0,0;  1,3;  0,3;  0,2; 21,4; 21,2; 26,5;  5,7;  5,4; 11,0;  0,0;  0,1;0,0;49,2;10,9;49,2;253,8
  01/1971;  0,0; 71,8; 24,5; 10,6; 23,0; 17,9; 10,4;  0,0;  4,9;  0,0;  0,0;  1,0;  0,0; 17,4;  1,0;  0,0;  0,6;  5,0;  0,3;  0,0;  0,0;  0,0;  0,0;  0,0;  0,0;  0,0;  0,0;  0,0;0,0;0,7;8,0;71,8;197,1
  02/1971;  4,3;  0,8;  0,0;  0,0;  0,0;  0,0;  1,6;  0,0;  0,0;  0,0; 10,0;  0,0;  0,0;  0,0;  0,0;  1,6;  0,2;  0,0;  0,0; 42,8; 26,4; 43,2; 11,2;  0,0;  0,0;  0,2;  0,3;  0,0;---;---;---;43,2;142,6
  03/1971;  0,0;  0,0;  0,0;  0,0;  0,0;  0,2;  0,3;  0,0; 26,2;  0,0; 14,0; 10,2;  1,5;  0,0;  0,0;  0,0;  0,0;  0,0;  0,0;  4,8; 31,2;  0,0;  0,0; 16,6; 10,0;  1,4;  0,0;  0,0;0,0;0,0;0,0;31,2;116,4
  04/1971;  0,0;  0,0;  0,0;  0,0;  0,0;  0,0;  0,3;  0,2;  0,0; 21,0;  0,0;  0,0;  0,0;  0,0;  0,0;  3,6;  4,0;  6,0; 14,4; 12,3;  0,0;  0,0;  0,0;  0,0;  0,0;  0,0;  0,0;  0,1;0,2;0,0;---;21,0;62,1
  05/1971;  0,0;  3,4; 35,2; 40,0;  0,0;  0,0;  0,0;  0,3;  0,0; 10,0;  0,0;  0,0;  0,0;  0,0;  0,0;  0,2;  0,3;  2,4;  9,3;  0,0;  0,1;  0,0;  0,0;  0,0; 40,0; 26,0; 10,0; 40,1;2,4;5,4;0,0;40,1;225,1
  06/1971;  0,0;  0,0;  0,0;  3,0;  0,0;  4,6;  0,0;  0,0;  0,0;  0,0;  0,0; 20,0;  0,0;  0,0;  0,0;  0,0;  0,0; 50,0; 10,0;  0,8;  0,0;  1,1;  0,0;  0,0;  0,6;  0,0;  0,0;  0,0;0,0;0,0;---;50,0;90,1
  07/1971;  2,4;  3,0;  5,6;  5,5;  4,5;  0,0;  0,1;  0,2;  0,0;  0,1;  0,0;  0,2;  0,3;  0,0;  0,3;  0,0;  0,2;  0,0;  0,0;  0,0;  0,0;  0,0;  0,0;  0,0;  2,4;  0,2;  0,0;  0,0;0,0;12,2;0,0;12,2;37,2
  08/1971;  0,0;  0,2;  0,7;  0,4;  0,0;  0,3;  4,0;  4,8;  0,0;  3,9;  0,2;  1,2;  0,0;  2,2;  0,2;  0,0;  3,1;  0,0;  0,0;  0,0;  0,1;  0,0;  0,2;  0,0;  7,1; 11,2;  1,0;  4,1;7,3;6,0;3,8;11,2;62,0
  09/1971;  0,1;  4,3;  2,0;  0,0;  0,1;  0,1;  7,9;  0,5;  0,9;  0,0;  0,0; 17,3;  2,0;  0,0;  0,0;  0,0;  0,1;  0,1;  0,0;  0,1;  0,0;  0,1;  7,9; 30,0;  1,2;  1,5;  0,0;  0,0;0,1;0,1;---;30,0;76,4
  10/1971;  3,8;  0,0;  0,0;  1,4;  2,6;  5,4; 29,0;  0,0;  0,0;  0,0;  9,7; 24,0;  4,1;  0,0;  3,0;  3,5;  0,0;  0,1;  0,0;  0,0;  0,0;  0,0;  0,1;  0,0;  5,3;  1,5;  0,0;  0,0;4,7;0,0;0,0;29,0;98,2
  11/1971;  2,0;  0,3;  0,0;  1,7;  0,3;  0,0;  0,0;  0,1;  0,0;  6,5;  0,0;  0,0;  3,7;  8,0;  0,0;  0,0;  0,0;  4,5;  2,4;  1,5;  0,0;  0,0;  2,7;  2,2;  0,0;  0,2;  4,6;  4,7;0,0;0,0;---;8,0;45,4
  12/1971;  2,9; 15,2;  3,2;  1,2;  0,1;  0,0;  0,0;  0,0;  1,3;  0,0;  0,0;  0,0;  0,2;  4,1;  1,1;  0,0;  0,0;  0,0;  0,1;  0,0;  0,0;  4,0; 11,4; 20,8; 19,3;  0,2; 13,1;  0,1;0,0;0,0;0,0;20,8;98,3
  01/1972;  0,0;  0,0;  0,0;  0,2; 20,8;  0,8; 34,5; 67,7;  0,0;  0,0;  1,5;  0,1;  0,0;  0,0;  0,0;  0,0;  0,0;  0,0;  5,2;  0,0; 25,3; 26,8; 29,5;  7,3;  0,0;  0,0;  0,0;  0,0;18,4;80,0;0,0;80,0;318,1
  02/1972;  0,0;  0,0; 63,2;  0,1;  4,2;  0,2;  0,0;  0,1;  0,0;  0,8; 20,5;  8,8;  0,6;  1,1; 30,7; 34,3;  1,0;  0,2;  0,0;150,0;  1,5;  0,0;  0,0; 15,0; 16,8;  0,9; 15,0;  0,7;0,2;---;---;150,0;365,9
  03/1972;  0,0;  0,0;  0,0;  0,1;  0,0;  0,0;  0,8;  0,0; 36,5; 15,5; 38,1; 11,5;  0,0;  0,0;  0,0;  0,0; 14,0;  0,5;  0,0;  0,0;  0,2;  0,3;  0,0;  0,0;  0,0;  0,8;  4,6;  0,0;0,0;11,2;3,1;38,1;137,2
  04/1972;  2,1; 50,0; 44,8; 21,0;  2,0;  0,2;  4,4;  2,8;  9,0;  0,1;  0,2;  0,0;  0,0;  1,7;  0,0;  0,0; 12,1;  3,6;  6,8;  1,3;  1,0;  0,1;  0,0;  0,0;  0,0;  0,0;  0,0;  0,1;0,0;0,0;---;50,0;163,3
  05/1972;  0,6;  8,3; 22,3;  0,5;  0,0;  0,0;  0,1;  0,5;  0,2;  0,1;  0,0;  0,0;  0,0;  0,3;  0,0;  0,0;  0,2;  0,3; 15,0; 23,0;  0,9;  0,1;  4,7;  3,2; 26,0;  2,0;  0,2;  0,0;0,0;0,2;0,0;26,0;108,7
  06/1972;  0,2;  0,0;  0,1;  0,0;  0,0;  0,2;  0,0;  0,0;  0,0;  0,2;  0,3;  0,2;  0,1; 15,9; 16,6;  0,3;  0,0;  7,9;  8,2;  0,0;  0,8;  0,3;  0,2;  0,3;  0,0;  0,0;  0,0;  0,0;0,0;0,0;---;16,6;51,8
  07/1972;  0,0;  0,1;  0,0;  0,0;  0,9; 12,6;  0,8;  0,8;  0,0;  0,1;  0,2;  0,0; 11,0;  0,0;  5,4;  0,2;  0,3;  0,0;  0,0;  0,0;  0,0;  0,3;  0,0;  0,2;  0,0;  8,7;  1,4;  0,2;0,3;0,0;0,2;12,6;43,7
  08/1972;  0,0;  0,2;  0,0; 32,0; 23,4; 21,2;  0,8;  1,0;  0,0;  0,0;  0,0;  0,2;  0,0;  0,0;  0,2;  0,0;  2,1;  0,0;  0,1;  0,0;  0,0;  0,0; 40,0; 14,3;  5,8;  0,0; 13,9;  1,4;7,0;5,0;0,0;40,0;168,6
  09/1972;  0,0;  0,2;  0,0;  7,5;  0,3; 22,7;  0,0;  0,0;  0,3;  0,0;  5,2;  0,0;  3,0;  0,3;  4,8;  0,0;  0,0;  0,3;  0,0;  0,2;  8,1; 25,7; 15,0;  7,0; 15,4;  0,2;  9,4; 14,2;45,6;1,0;---;45,6;186,4
  10/1972;  0,8;  2,0; 22,0;  6,3; 12,8;  8,8;  3,3; 32,2;  0,0;  6,6; 10,8;  1,2;  0,0;  0,0; 36,7; 24,2;  2,5;  0,0;  0,2;  0,0;  0,1;  0,0;  0,0;  0,3; 10,2;  0,0;  0,0;  1,3;39,1;2,2;3,5;39,1;227,1
  11/1972;  0,8;  6,1;  5,8;  2,4;  0,4;  0,2;  0,0;  3,9;  0,0;  0,0;  0,0;  0,0;  0,0;  5,4; 38,0;  7,0;  0,8;  1,0;  0,5;  1,7;  0,2;  1,7;  0,1;  0,0;  0,0;  0,0;  0,0;  0,0;0,0;0,0;---;38,0;76,0
  12/1972;  3,6;250,8;  2,5;  3,0;  0,0;  0,0; 22,9;  0,9;  2,8;  0,5; 14,6;  0,3;  1,6;  3,5;  0,0;  0,0;  0,1;  8,1;  0,4;  0,0;  7,1; 30,8;  0,3;  0,0;  5,4;  0,0;  0,0;  0,0;0,0;0,5;0,0;250,8;359,7
  01/1973;  0,0;  0,0;  0,0;  0,0;  1,7; 21,1;  0,0;  0,9;  3,8; 33,8;  9,2; 13,5;  0,0;  1,1;  0,3;  3,0;  0,0;  0,0;  0,0;  0,0; 60,5;  0,0;  0,5;  0,0;  1,0; 68,6;  4,4;  0,0;0,0;0,0;61,7;68,6;285,1
  02/1973; 23,2;  0,4;  0,0;  0,0; 64,2; 23,2;  1,1;  0,0;  0,0;  0,0;  0,0;  0,0;  7,9; 44,3; 51,2; 12,3;  7,3;  4,4; 55,6;  0,3;  0,0;  0,0;  0,0;  0,0;  0,0;  0,0; 14,0;  0,0;---;---;---;64,2;309,4
  03/1973;  0,0;  0,0;  0,0;  0,0;  0,0; 31,1;  0,3; 30,3; 56,6;  2,4;  1,4; 36,3; 25,5;  1,7;  0,0;  0,0;  0,0;  1,5;  0,0;  0,0; 13,6;  2,5; 51,3; 10,4;  0,0; 13,4;  0,2; 10,7;2,7;2,6;12,3;56,6;306,8
  04/1973;  3,3;  0,2;  0,0;  0,0;  0,0;  0,2;  0,0;  0,8; 29,0;263,1; 76,0; 26,6;  4,4;  0,0;  0,0;  0,0;110,3;  2,3;  0,0; 31,3; 12,9;  0,8;  0,0;  0,0;  0,0;  0,0;  0,0;  0,0;2,3;0,4;---;263,1;563,9
  05/1973;  0,9;  0,0; 19,4;  9,0;128,9; 18,5;  9,3;  3,8;  3,0;  0,0;  0,0;  0,0;  0,0;  2,6;  4,8;  0,0;  0,0;  0,0;  0,0;  0,0; 41,3;  3,6;  4,2;  6,3;  0,0;  0,0;  0,1;  0,4;0,1;0,1;0,3;128,9;256,6
  06/1973;  0,0;  0,0;  0,0;  0,5;  0,0;  0,2;  0,3;  0,0;  0,0;  0,0;  0,1;  0,0;  0,2;  0,3;  5,1;  0,0;  0,0;  1,1;  0,0;  0,0;  0,1;  0,0;  0,1;  3,0; 12,0;  0,0; 11,0;  0,0;0,1;0,0;---;12,0;34,1
  07/1973; 12,0;  4,2;  6,8; 24,9;  5,4;  0,0;  0,0;  0,0;  0,0;  0,0;  0,1;  0,0;  0,1;  0,3;  0,0;  0,0;  0,0;  5,5;  2,3;  1,2; 42,9; 29,5;  0,7;  1,2;  0,3;  1,3;  0,0;  9,0;0,0;0,0;0,0;42,9;147,7
  08/1973;  0,4;  4,4;  0,1;  0,2;  0,0;  0,3;  0,0;  0,0;  0,0;  0,0;  0,2;  0,0;  0,0;  0,5;  0,0;  0,0;  0,0;  0,0;  0,2;  0,0;  0,3; 14,4; 31,1;  4,5;  0,7; 12,3; 53,7; 43,6;2,7;0,0;1,3;53,7;170,9
  09/1973;  0,8;  2,1;  3,6;  0,2;  0,0;  0,0;  5,0;  0,0;  0,0;  3,2;  0,0;  7,3; 19,5;  1,2; 22,3;  0,0;  4,9;  3,7;  0,0;  4,2; 17,3; 11,7;  0,0;  0,2;  3,3;  1,2;  0,0;  0,0;4,5;9,1;---;22,3;125,3
  10/1973;  0,5;  0,0;  1,6;  0,2;  0,0;  0,0;  2,6;  0,0;  2,2;  0,6;  5,6;  0,0;  5,1;  0,0;  0,0;  0,0;  0,0;  0,0;  6,6;  0,0;  0,0;  0,0;  0,0;  0,0; 13,7;  5,8; 10,7;  9,1;4,2;0,0;24,2;24,2;92,7
  11/1973;  0,5;  0,0; 11,2;  4,6;  2,4;  3,3;  0,4;  0,0;  0,0;  6,8;  0,7;  0,6;  0,0; 11,8;  0,8;  0,3;  0,0;  5,3;  5,8;  0,0;  0,0;  0,0;  0,0;  0,0; 19,0;  2,0;  0,0;  0,5;0,0;0,0;---;19,0;76,0
  12/1973;  0,0;  0,0;  5,8; 20,5;  0,0;  0,0;  0,2;  0,8;  0,4;  0,0;  0,0;  0,0;  0,3;  0,0;  0,0;  0,6; 13,5;  2,7;  0,0; 17,8;  7,2;  0,0;  0,0;  3,9; 42,4;  0,0; 13,2;  0,8;0,0;1,2;2,6;42,4;133,9
  01/1974;  8,2; 11,2;  6,3;  0,2;  0,0;  0,0;  0,0;  0,9; 27,3;  0,0; 11,5;  1,6;  0,0;  0,6; 26,2;  1,6; 13,5; 16,4;  1,2;  1,4;  0,0;  0,0;  0,0;  0,0;  0,0;  0,0; 49,4;  1,3;0,3;88,4;15,2;88,4;282,7
  02/1974;  3,6; 12,6; 13,5;  0,0;  0,0;  0,0;  0,0;  0,0;  0,0;  2,3;  1,2;  0,0;  0,0;  0,0;  0,0;  0,0; 18,0; 44,2;  0,0;  7,8;  0,0;  0,0; 55,3;  0,0;  8,4;  0,0; 28,3;  0,0;---;---;---;55,3;195,2
  03/1974;  0,0;  0,0;  0,0;  0,0;  0,0;  0,0;  6,8;  5,4;  0,0;  0,9;  0,5; 50,2;  0,0; 12,1;  0,0;  0,0; 85,2; 31,0;  8,8;  4,5;  0,2;  1,0;  6,1;  2,8;  8,4;  2,0;  1,0;  0,0;0,0;0,0;0,0;85,2;226,9
  04/1974;  0,0; 22,7;  6,2;  0,8;  9,5;  0,0;  0,0;  0,9;  0,0;  0,0;  2,9;  0,6;  0,8;  0,0;  0,0;  0,0;  0,0;  0,0;  0,0; 47,8;  4,1;  2,0;  0,0; 13,6; 16,0; 23,1;  0,2;  2,3;3,4;0,2;---;47,8;157,1
  05/1974;  0,0;  0,0;  0,0;  0,0;  6,3; 11,4;  0,2; 23,2; 34,2;  0,0;  0,0;  0,1;  0,0;  0,0;  0,0;  0,0;  0,0;  0,2;  0,0;  0,3;  0,2;  0,0;  0,0;  0,4;  0,0;  0,5;  0,0;  0,6;0,0;0,0;0,7;34,2;78,3
  06/1974;  4,2;  3,8;  0,0;  1,4;  0,0;  0,0;  0,9;  1,6;  0,5; 12,6;  0,0;  0,6; 12,4;  0,0;  0,9;  0,8;  0,7;  1,2;  0,8;  0,3; 12,4;  0,5;  1,3;  0,0;  0,0; 26,4;  0,2;  0,0;0,5;0,0;---;26,4;84,0
  07/1974;  0,0;  0,0;  0,0;  0,3;  0,0;  0,2;  0,0;  0,0;  0,7;  0,0;  0,0;  0,0;  0,2;  0,0;  0,3;  0,0;  0,0;  0,0;  0,4; 17,2;  6,3;  3,4;  4,2;  3,6; 16,3;  0,0;  0,8;  0,0;0,5;0,0;0,0;17,2;54,4
  08/1974;  0,0;  0,6;  0,0;  0,0;  0,0;  0,0;  0,0;  1,2;  7,4;  0,0;  0,0;  0,3;  0,0;  0,2;  0,0;  0,0;  1,6;  0,0;  0,0;  0,0;  0,0;  0,0;  0,0;  0,0;  0,0;  0,0;  0,9;  0,4;25,3;1,2;13,4;25,3;52,5
  09/1974; 23,3;  1,6;  4,2;  1,8;  2,4; 11,3;  9,2;  0,0;  0,3;  0,0;  0,0;  0,0;  0,0;  0,0;  0,0;  0,0;  0,0;  0,0;  0,0;  0,0;  0,0;  0,0;  0,0;  2,3;  0,0;  0,0;  5,1;  0,0;0,0;0,0;---;23,3;61,5
  10/1974;  3,4; 27,3;  0,0; 17,3;  0,0;  0,3;  0,0;  0,0;  0,0;  0,0;  0,0;  0,0;  0,0;  0,0;  0,0;  0,0;  1,9;  0,0;  6,2;  0,0; 21,9;  8,3;  0,0; 21,8; 13,1;  4,2;  3,6; 12,3;5,6;20,3;0,0;27,3;167,5
  11/1974;  0,0;  0,0;  0,0;  0,0;  0,0; 29,3;  0,3;  4,6;  0,0;  0,0;  0,4;  0,0;  0,0;  0,0;  0,2;  0,8;  0,0;  0,7;  0,0;  2,1;  0,9; 40,3;  3,2;  0,0;  0,0;  0,0; 15,9; 19,3;4,8;2,3;---;40,3;125,1
  12/1974;  2,3;  5,8;  3,6; 11,2;  4,3;  3,9;  0,3;  0,1;  0,0;  1,3;  6,4;  1,2;  0,1;  3,3;  0,0;  1,4;  3,8;  8,4; 18,2;  4,6;  0,4;  7,4;  3,3;  5,9;  0,0;  2,3;  0,0;  0,0;2,8;11,5;18,1;18,2;131,9
  01/1975; 11,6; 61,3; 22,4;  0,0;  3,7;  2,2; 20,9;  0,0;  8,4; 12,4;  2,6;  6,4; 13,8;  0,2;  0,0;  0,0;  0,2;  7,3; 15,1;  5,6;  6,8;  0,0;  0,0;  2,8;  0,2;  0,0;  0,0; 10,8;64,7;1,0;10,2;64,7;290,6
  02/1975;  0,0;  0,0;  3,2;  6,2; 22,9;  2,2;  7,5;  5,2;  8,4;  0,8;  0,0;  0,0;  0,0;  0,0;  0,0;  0,0;  0,0;  0,0;  5,2; 82,2;  0,1; 38,0; 10,4;  0,3;  0,0; 28,0;  2,4;  7,6;---;---;---;82,2;230,6
  03/1975; 12,7;  0,1; 63,2;  0,0;  0,0;  0,0;  0,8;  2,0;  8,7;  0,0;  0,0;  0,0; 17,4; 16,5;  3,8; 12,0;  7,4;  0,0;  0,0;  0,0;122,0; 11,0;  0,0;  0,1;  0,6; 13,0;  5,2;  0,3;0,8;0,7;18,1;122,0;316,4
  04/1975;  0,0;  1,6;  0,5; 71,4;  5,6;  4,2;  3,6;  0,2;  3,0;  3,7;  0,0;  7,0;  1,0;  1,0;  1,6;  3,1;  0,0;  0,0;  0,2;  0,3;  0,0;  0,0;  0,0;  0,0;  0,0;  0,0;  0,0;  0,0;0,0;0,0;---;71,4;108,0
  05/1975;206,7; 16,3;  6,3;  9,8;  0,0;  0,3; 25,3; 42,5;  0,0;  0,0;  0,3;  0,1;  0,2;  0,2;  0,0; 43,9; 48,0;  0,9;  0,1; 11,3; 16,0;  7,7;  2,0;  0,3;  6,8;  2,5;  0,0;  0,3;0,2;0,1;0,2;206,7;448,3
  06/1975;  0,0;  2,5;  4,2; 16,7;  8,2;  0,4;  0,0;  0,2;  0,2;  0,0;  0,0;  0,3;  0,5;  1,7;  0,1;  0,8;  7,3;  0,8;  0,6;  0,1;  0,3;  0,2;  0,1;  2,0;  0,4; 16,0;  0,1;  0,3;0,2;0,0;---;16,7;64,2
  07/1975;  0,0; 13,1;  0,3;  0,0;  0,1;  2,2;  0,0;  0,1;  0,3;  0,4;  0,3;  0,1;  0,0;  0,0;  0,0;  3,9; 56,1;  1,5;  0,1;  7,9;  0,3;  4,2;  1,3;  0,1;  0,0;  0,0;  0,0;  0,0;0,0;0,3;0,0;56,1;92,6
  08/1975;  0,3;  0,3;  0,0;  0,0;  0,3;  3,0; 37,6;  4,1;  8,0;  0,0;  0,0;  0,3;  0,0;  0,3;  9,8;  0,0;  0,0;  4,1;  2,6;  0,0;  0,2;  0,2;  0,3;  0,0;  0,0;  1,0;  2,3;  6,0;0,0;0,5;5,3;37,6;86,5
  09/1975;  1,1;  1,6;  1,5;  0,0;  0,2;  0,2;  0,0;  0,9;  0,4;  0,0;  0,0;  1,0;  0,5;  0,0;  0,0;  1,8; 15,7; 11,2;  0,3;  1,2;  3,6; 30,2; 22,5;  3,6;  0,1;  0,2; 13,4;  4,5;0,3;17,1;---;30,2;133,1
  10/1975;  0,0;  0,5; 19,8;  2,0; 36,4;  2,6;  4,0;  0,1;  0,8; 11,0; 23,5; 45,6;  1,5;  4,1;  0,8;  0,1;  0,0;  2,6; 50,2;  1,3;  0,0;  1,2;  0,0;  0,0;  0,0;  0,0;  0,0;  0,3;0,0;3,5;3,6;50,2;215,5
  11/1975; 12,5; 17,0; 13,4;  3,6;  0,0; 10,7;  2,1;  0,0;  0,0;  4,0;  0,0;  0,0;  0,0;  0,0;  0,0;  0,0;  1,2; 36,6;  6,3;  4,0; 18,4;  0,0;  1,5;  0,3; 17,4; 11,4;  0,7;  1,5;0,0;34,5;---;36,6;197,1
  12/1975; 21,7; 19,4;  0,0;  0,0;  0,0;  0,0;  7,0; 19,6;  0,0;  0,2;  2,5;  0,0; 59,4; 60,6; 18,0;  0,5;  0,0;  0,0;  1,8;  0,0;  7,9;  0,5;  0,5;  7,2; 15,8;  0,0;  0,0;  0,0;3,5;7,4;7,6;60,6;261,1
  01/1976;  1,1;  4,9;  0,6;  2,5;  0,0;  1,3; 40,2; 14,1; 20,6;  1,3; 13,3;  9,3; 29,0;  0,0;  0,0;  1,4;  0,0;  0,0;  0,0; 54,4;217,8; 26,2;  0,6;  0,0;  0,0; 26,1; 18,0; 54,3;5,4;13,5;0,0;217,8;555,9
  02/1976;  0,0;  4,2;  0,0;  0,5;  0,0;  8,6; 57,4;  0,1;  0,0;  0,0;  1,4;  0,5;  0,0;  0,3;  2,2; 54,1;123,8;  2,0; 51,0; 59,7;  1,3; 22,8;125,8; 16,0;  0,1;  1,4; 29,6;  0,0;0,0;---;---;125,8;562,8
  03/1976;  0,0;  2,8;  6,4;  4,2;  0,0;  0,0;  0,0;  0,0;  0,0;  0,0; 57,1;  0,0;  0,0; 57,5; 10,6;  9,2;  0,0; 22,1;  0,0;  8,7;  4,8;  0,5;  1,0;  0,5; 50,4; 12,0;  2,1; 14,3;0,0;0,0;0,0;57,5;264,2
  04/1976;  0,0;  0,0;  6,9;  5,3;  0,0;  0,0;  4,5;  0,0;  0,0;  3,3;  3,6; 13,0; 12,0;  7,5;  8,5;  0,1;  0,0;  0,0;  0,0;  0,0;  0,1;  6,6;  0,0;  5,2;  4,6;  0,1;  0,1;  0,1;0,0;0,0;---;13,0;81,5
  05/1976;  1,7;  0,6;  8,9;  0,2;  0,0;  0,1;  0,2;  0,1; 29,3; 41,3; 18,5;  0,5;  0,0;  2,5; 29,5;  1,0;  3,0;  0,0;  0,8; 29,1; 20,6;  3,0;  0,1;  0,0;  3,9;  0,0;  0,0; 36,7;17,1;0,0;0,0;41,3;248,7
  06/1976;  0,0;  0,1;  0,0;  7,2;  3,4;  3,0;  0,0;  0,0;  3,3;  6,2; 18,2;  0,1;  5,0;  9,1;  0,2;  0,3;  0,0;  0,3;  0,2;  0,1;  0,1;  0,0;  0,1;  0,1;  0,0;  0,0;  0,0;  5,3;0,7;0,0;---;18,2;63,0
  07/1976;  2,8;  7,3; 54,4;  0,2;  0,0;  5,9;  3,9; 25,9;  9,7; 18,3;  0,0;  0,0;  0,2;  0,0;  0,5;  0,0;  0,0;  0,0;  0,1;  0,0;  0,0;  0,1;  0,1;  0,1;  0,0;  0,0;  0,0;  7,9;0,0;0,1;0,1;54,4;137,6
  08/1976;  0,0;  0,0;  0,0;  0,1;  1,9; 21,2;  0,0;  0,0;  4,8;  9,0;  0,0;  9,7;  3,3;  0,5;  0,4;  0,8;  0,1;  0,4;  9,9;  0,5; 10,5;  0,0;  0,0;  0,0;  0,0;  0,0;  0,0;  0,1;0,0;0,0;0,0;21,2;73,2
  09/1976;  0,0;  0,3;  0,2;  0,0; 18,4; 38,0; 26,6;  1,8;  0,0;  0,0;  0,3; 13,3; 17,0;  1,3;  0,0; 15,3;  0,1;  0,0;  0,0;  0,5;  0,0;  0,0;  1,7;  0,0;  0,0;  0,4; 23,8;  3,0;5,3;0,1;---;38,0;167,4
  10/1976;  3,9;  0,0;  0,5;  1,6;  9,0;  0,0;  0,1;  6,2;  9,7;  2,5;  0,4;  0,0;  0,0;  0,4;  0,0;  0,0;  0,7;  1,4;  4,4; 18,0;  7,4; 14,3;  1,7;  0,0;  2,2; 16,6;  2,8;  0,0;0,7;0,0;0,0;18,0;104,5
  11/1976;  0,3;  0,0;  0,0;  7,0;  4,9; 12,6;  0,0;  0,0;  0,0;  0,0;  0,0;  1,5;  8,3; 49,3;  1,1;  0,2;  3,6;  1,8;  0,0;  2,1; 19,2;  0,1;  1,2;  0,0;  0,0;  0,5;  0,0;  3,5;0,0;0,0;---;49,3;117,2
  12/1976;  0,0;  3,6;  0,0;  0,0;  1,0;  5,7;  0,0; 45,4; 76,9;  5,2;  1,1;  0,0;  0,0;  0,0;  0,0;  0,0; 32,0; 61,0;  0,0;  0,0;  0,6;  0,7;  1,2;  3,3;  4,5;  0,0;  0,5;  5,9;5,2;0,5;0,0;76,9;254,3
  01/1977;  0,0;  0,0;  0,0;  0,0; 56,0;  4,3;  0,1;  0,0;  0,0;  0,0;  0,9;  0,0;  0,0;  0,0;  0,7;  0,8; 33,6; 39,2; 88,3;  8,0;  3,8;  2,7;  0,0;  0,0;  0,0;  0,7;  9,1; 15,1;0,8;0,0;0,0;88,3;264,1
  02/1977; 36,4; 17,0;  0,0; 11,7;113,5;  2,5;  1,0;  0,0;  0,0;  0,0;  0,0;  0,0;  0,0;  0,0;  0,0;  0,0;  0,0;  0,0;  0,0;  0,0;  0,0;  0,0;  0,0;  0,0;  0,0;  0,0;  0,0;  0,0;---;---;---;113,5;182,1
  03/1977;  0,0; 86,0;  5,4;  0,0;  0,0;  0,0;  0,0;  0,0;  0,0;  0,0;  0,0;  0,0;  0,0;  0,0;  0,0; 45,4;  0,0;  0,0;  0,0;  0,0;  0,7; 27,3;  1,1;  7,7;  0,0;  0,0;  0,2;  0,3;11,0;19,3;48,1;86,0;252,5
  04/1977; 23,6; 28,9;  3,8; 57,2;  4,0;  0,1;  0,0;  0,0;  7,1;  6,4;  0,0;  0,0;  0,0;  0,2;  0,0;  0,0;  0,2; 13,8;  0,3;  1,2;  5,2;  0,0;  8,6; 14,1;  0,0;  5,2;  3,6;  6,5;0,0;0,0;---;57,2;190,0
  05/1977;  0,2;  1,8;  0,0; 34,1;  0,3;  0,2;  0,1;  0,3;  0,0;  0,0;  2,3;  0,1;  9,4;  0,0;  0,1; 12,6;  0,0;  0,0;  0,0;  0,1;  0,0;  0,1;  0,0;  2,4;  1,1;  2,0;  0,0;  0,0;0,0;0,0;4,2;34,1;71,4
  06/1977; 98,6;  3,4;  2,3;  0,5;  0,0;  0,2;  0,0;  0,8;  0,6;  0,3;  0,0;  0,0;  0,0;  0,1;  0,0; 11,4;  7,5;  0,1;  0,3;  0,0;  1,5;  5,0;  9,7;  0,0;  7,4;  2,0;  0,0;  0,0;0,0;0,0;---;98,6;151,7
  07/1977;  0,0;  0,1;  0,2;  0,1;  0,1;  0,0;  0,0;  0,1;  0,1;  0,0;  0,1;  0,0;  0,0;  0,0;  0,0;  0,7;  1,5;  0,1;  0,0;  0,0;  0,1; 12,4;  7,1;  0,2; 14,2;  0,0;  0,2;  0,2;0,0;0,0;0,0;14,2;37,5
  08/1977;  0,0;  0,9;  5,2;  8,1;  0,0;  0,0;  0,0;  0,0;  1,7; 12,4;  0,0;  0,0;  4,2;  5,4;  1,8;  0,6;  0,4;  5,1;  1,5;  7,1;  0,0;  0,0;  0,0;  0,0;  2,3;  0,0;  0,0;  0,0;0,0;0,0;14,3;14,3;71,0
  09/1977; 19,9;  0,6;  0,0;  0,0;  0,1; 15,2; 62,6;  0,5;  0,4;  0,4;  0,0;  0,0;  0,0;  0,0;  0,0;  0,0;  1,6;  4,4; 22,7;  0,9;  8,1;  1,9;  0,0;  0,0;  0,0;  0,0;  0,0;  0,0;0,0;18,4;---;62,6;157,7
  10/1977; 65,1; 36,3;  1,3;  1,9;  3,2; 11,2;  0,9;  0,0;  0,0;  0,0;  0,0;  2,3; 29,1; 29,2;  1,1;  6,3; 19,1;  6,4;  9,5;  0,9;  2,3;  0,0;  0,0;  0,0;  0,0;  0,2; 22,7;  0,2;0,0;0,9;0,0;65,1;250,1
  11/1977;  0,5;  0,0;  2,3; 34,1;  3,4;  0,0;  3,1;  4,2;  1,1;  0,0;  3,1;  4,8;  2,1;  2,8;  3,8;  1,8;  1,1;  1,1;  0,0;  0,0;  0,0;  0,0;104,4; 23,2; 34,8; 10,3;  4,2;  9,1;0,8;24,2;---;104,4;280,3
  12/1977;  2,1;  8,6;  2,3;  0,0;  0,0;  0,0; 20,1; 10,3;  0,6;  0,0;  1,6;  0,0;  0,6;  3,5;  0,0;  0,0;  0,0;  0,0;  0,0;  0,0;  0,0;  2,7; 40,7;  0,0;  1,7;  0,0;  0,0;  0,0;0,0;0,0;0,0;40,7;94,8
  01/1978;  0,6;  1,7;  0,0;  0,0;  0,0;  0,0;  0,1;  0,0;  0,0;  5,2;  0,0;  0,0;  0,2;  0,0;  8,2;  1,3; 10,2;  0,0;  0,0;  0,0; 86,4;  1,1;  0,0;  0,0;  0,0;  3,2;  5,3;  1,2;0,0;43,2;0,0;86,4;167,9
  02/1978;  0,0;  0,0;  0,0; 53,4; 32,3;  6,8;  0,0;  0,0;  0,0;  0,0;  5,5; 35,2;  0,0;  0,0;  0,0; 40,7;  0,0;  0,0;  0,0;  0,0;  0,0; 28,6;  0,0;  0,0;  0,0;  0,0;  2,1;  0,0;---;---;---;53,4;204,6
  03/1978;  0,0;  0,8;  5,6; 42,6; 23,2; 41,4;  0,0; 21,6;  1,8;  4,4; 44,6;  0,8;  0,3;  0,0;  0,0;  0,0;  0,0;  0,0;  0,0;  0,1;  0,0;  0,0;  0,0;  0,0; 10,2;  1,8;  3,6;  2,4;1,8;51,7;0,7;51,7;259,4
  04/1978;  1,8;  0,7;  0,3;  0,0;  0,0;  0,0; 60,5;  0,0;  0,0;  0,0;  0,0;  4,3;  0,0;  0,0;  0,0;  0,1; 10,3;  0,0; 10,7;  1,3;  0,0;  0,4;  2,4;  0,3;  0,0;  0,0;  0,0;  0,0;0,0;0,2;---;60,5;93,3
  05/1978; 27,3;  0,0;  0,0;  0,0;  0,0;  0,0;  0,3;  0,4;  0,0;  0,0;  0,0;  0,0;  0,0;  0,0;  0,0;  8,3; 34,9;  0,5;  0,4;  0,2;  9,4;  0,0;  0,0;  0,0;  0,0;  0,2;  0,3;  0,0;0,0;0,0;0,0;34,9;82,2
  06/1978;  0,1;  0,0;  0,0;  0,0;  0,0;  0,0;  0,0; 32,6; 10,4;  0,7;  0,3;  0,0;  0,0;  0,0;  0,0;  0,0;  0,0;  0,0;  0,0;  0,0; 10,8;  6,8;  0,0;  0,0;  0,0;  0,1;  0,0;  0,0;0,0;0,0;---;32,6;61,8
  07/1978;  0,0;  0,1;  0,1;  0,0;  0,0;  0,2;  0,0;  0,0;  0,0;  0,0;  0,2;  0,2;  3,3;  0,0;  0,0;  2,4;  0,0;  0,0;  0,0;  9,6;  7,6;  1,3;  0,0;  0,0;  0,0;  0,1;  0,0;  0,1;0,2;0,0;9,6;9,6;35,0
  08/1978; 69,6;  3,1;  0,2;  0,1;  0,0;  0,0;  0,0;  0,0;  0,1;  0,3;  0,0;  6,2; 36,6;  0,6;  0,0;  0,0;  0,0;  0,0;  0,2;  0,6; 10,2;  3,5;  0,6;  5,3;  0,2;  1,1;  0,0;  0,0;0,0;0,0;15,9;69,6;154,4
  09/1978;  0,0; 11,2;  0,7;  1,1; 27,7;  0,2;  0,1;  6,8;  0,2;  0,0;  0,0;  0,0;  0,0;  0,3;  6,6;  0,0;  0,0;  1,1;  0,0;  0,0;  0,0;  0,0;  0,0;  0,0;  0,0;  0,0;  0,0;  0,0;0,0;0,0;---;27,7;56,0
  10/1978;  0,0;  0,0;  0,0;  0,0;  0,0;  0,0;  0,0;  0,0;  0,0;  0,0;  0,0;  0,0;  0,0;  0,8;  0,0;  0,0;  5,1;  0,0; 30,9;  9,4; 19,6;  0,0;  0,0;  0,0;  0,9;  0,0;  0,0;  0,0;0,0;6,1;0,0;30,9;72,8
  11/1978;  0,0;  7,6;  0,2;  0,6; 71,3;  0,0;  0,0;  0,0;  0,0;  2,7;  2,5;  3,5;  0,0;  0,0;  0,0;  2,1;  0,0;  0,0; 17,3;  1,2;  0,0;  0,0;  0,0;  0,0;  0,0;  0,0;  0,0;  0,0;0,0;2,4;---;71,3;111,4
  12/1978;  0,0;  0,0;  0,0;  0,0;  0,0;  1,8; 18,6;  0,0;  0,0;  2,1;  0,0;  0,0;  1,0;  0,0;  0,0; 26,9;  2,3;  6,6;  0,0;  0,0;  0,0;  0,0;  0,0;  0,0;  0,0; 48,8;  6,2;  0,0;0,0;0,0;0,0;48,8;114,3
  01/1979;  9,8; 34,6; 29,1;  1,7; 11,6;  3,6;  6,2;  8,8;  0,0;  0,0;  0,0;  0,9;  6,2;  1,4;  6,6;  0,3; 13,2; 12,3;  0,2;  1,2; 29,6;  8,5;  7,5;  0,0;  0,0;  0,0;  0,2;  0,0;13,5;19,6;0,0;34,6;226,6
  02/1979;  0,0;  4,1; 17,5;  5,0; 10,9; 11,7;  0,0;  6,3;  0,0;  0,0;  0,0; 19,1;  1,4; 17,5;  0,0;  0,0;  0,0;  0,0;  0,0;  0,8; 48,4; 12,3;  6,4;  0,0;  0,0;  4,8; 30,4;  0,0;---;---;---;48,4;196,6
  03/1979;  0,0; 76,3;  6,2;  0,0;  0,0;  0,0;  0,0;  0,0;  0,0; 10,4; 13,8;  1,9;186,3; 81,1;  1,1;  3,0;  4,1;  0,0;  0,0;  0,0;  0,0;  0,0;  0,0;  0,0; 79,5;  2,3;  0,6;  9,1;0,0;0,0;0,0;186,3;475,7
  04/1979;  0,0;  0,0;  0,0; 11,3;  4,0;  0,0;  0,0;  0,0; 27,5;  0,0;  4,1; 20,1; 11,3;  6,0;  5,9;  0,0;  0,0; 15,4;  0,0;  0,0;  0,0; 28,6; 12,8; 12,9;  5,9;  5,1;  1,2;  0,0;0,0;3,3;---;28,6;175,4
  05/1979;  0,0;  0,0;  0,0; 23,1; 26,3;  0,0;  0,0; 15,5;  0,8;  0,0;  0,0; 16,1; 36,2;  1,1;  8,6;  1,3;  0,0;  0,0;  0,1;  0,1;  0,1;  0,2;  7,7; 14,5;  0,0;  0,0;  0,0;  0,0;0,0;2,6;0,0;36,2;154,3
  06/1979;  0,0;  0,0;  0,0;  0,0;  0,0;  3,2;  0,2;  1,1;  1,3;  0,0;  0,0;  0,0;  0,0;  2,1;  1,1;  0,6;  0,1;  0,1;  0,1;  0,1;  0,1;  0,0;  0,0;  0,2;  0,3;  4,3;  1,1;  3,5;0,0;0,0;---;4,3;19,5
  07/1979;  0,1;  0,0;  0,2;  0,0;  1,9;  0,1; 12,5;  0,6; 28,4; 34,5;  4,7;  0,0;  0,0;  0,1;  0,1;  0,2;  0,2;  0,1;  0,1;  3,0;  0,0;  0,0;  0,0;  0,0;  6,9;  0,0;  0,0;  0,0;0,0;0,0;0,3;34,5;94,0
  08/1979;  0,0;  0,0;  0,0;  0,0;  0,0;  0,0;  0,0;  0,0;  0,0;  0,0;  0,0;  2,1; 13,9;  0,0;  0,0;  0,0;  0,0;  0,0; 20,6; 10,5;  7,1;  2,5;  0,0;  0,0;  0,0;  0,0;  5,5;  0,0;0,0;0,0;0,0;20,6;62,2
  09/1979;  0,0;  9,6; 12,2;  4,8; 18,7;  0,0;  4,7;  0,0;  0,0;  1,3;  6,8;  6,3;  0,0;  0,0;  0,0;  0,6;  0,0; 20,6; 15,6;  0,0;  0,0;  0,0;  0,0;  0,0;  0,0;  0,0;  0,0;  0,0;0,0;0,0;---;20,6;101,2
  10/1979;  2,5;  0,4;  1,7;  1,1;  0,3;  8,5;  1,3; 34,3;  4,9;  0,0;  0,0;  1,8;  1,4;  1,2;  0,0;  0,0;  0,0;  0,0;  0,2; 22,0;  0,0;  0,0;  0,0;  0,0;  0,0;  1,6;  0,0;  1,4;7,0;15,1;21,1;34,3;127,8
  11/1979;  1,4; 12,3;  0,2;  0,0;  0,0;  0,0;  0,0;  0,0;  9,0; 35,1; 58,1;  0,0;  0,0;  0,0;  1,1;  4,7;  0,0;  0,0;  0,1;  0,0;  0,0;  0,3;  5,5;  0,0; 26,9; 31,7;  2,2; 25,5;0,0;0,0;---;58,1;214,1
  12/1979;  0,0;  0,0;  0,0;  0,0;  0,0;  0,0;  0,0;  0,0;  0,7;  0,0;  0,0;  1,1;  6,1;  0,0;  0,0;138,1; 13,5;  0,3;  0,0;  0,0;  0,0;  0,0;  8,3; 19,1;  4,3;  0,0;  0,0;  0,0;0,0;0,0;1,6;138,1;193,1
  01/1980;  0,0; 10,2;  0,0;  0,0;  0,0;  0,0;  0,0;  0,0;  2,5; 46,1; 17,3;  0,0;  0,0;  0,0;  0,8;  5,1; 28,6;  3,5;  0,0; 42,1;  0,0;  0,0;  0,0; 26,1; 30,4;  2,1;  0,0;  0,0;3,4;0,0;0,0;46,1;218,2
  02/1980;  0,3;  2,4;  6,1;  4,2;  0,0;  0,0;  0,0;  3,3; 15,5;  0,0;  4,4; 27,3; 56,7;110,6; 32,5;  8,6;  5,5; 40,5;190,6; 30,1;  6,0;  0,0;  0,0;  0,0; 13,6;  0,0;  8,5;  0,0;0,0;---;---;190,6;566,7
  03/1980;  0,0;  0,0;  0,0;  0,0;  0,0;  0,0;  0,0; 36,5; 30,1;  0,0;  0,0;  0,0; 30,1; 22,5;  2,5;155,0;  0,0;  0,0;  0,0;  0,0;  0,0;  0,0;  0,0;  0,0;  0,0;  0,0;  0,0;  0,0;0,0;22,7;31,4;155,0;330,8
  04/1980;  0,0;  0,4;  0,0; 19,0;  0,4;  0,0;  0,9;  0,7;  0,4;  0,3;  0,0;  0,0; 12,2; 18,4;  0,0;  3,2;  8,9;  0,0;  0,0;  0,0;  0,0;  0,0;  0,0;  0,0;  0,0;  2,7;  0,0;  0,0;0,0;0,0;---;19,0;67,5
  05/1980;  0,0; 10,1;  5,7;  2,1;  0,1;  0,1;  0,1;  0,2;  0,1;  0,1; 16,6;  0,5;  0,1;  0,0;  0,2;  0,1;  0,1;  0,3;  0,2;  0,1;  0,1;  0,8;  4,4;  0,1;  0,0;  0,0;  0,5;  0,1;0,0;0,0;0,1;16,6;42,9
  06/1980;  0,0;  9,5;  0,6;  0,0;  0,0;  0,0;  0,1;  0,0;  0,1;  0,1;  0,2;  0,1;  0,3;  2,1;  0,1;  0,1;  0,2;  0,2;  0,1; 15,4; 85,7; 33,7;  6,8;  0,1;  7,3; 19,2; 16,0;  0,1;0,1;0,2;---;85,7;198,4
  07/1980;  0,6; 10,1; 15,5; 13,0; 17,5;  0,1;  0,5;  0,0;  0,0; 70,3; 19,0;  9,6;  5,0;  0,0;  0,0;  0,0;  0,0;  0,2;  0,0;  0,0;  0,0;  0,0;  0,0;  0,0;  0,0;  0,8;  0,0;  0,0;0,0;0,0;0,0;70,3;162,2
  08/1980; 30,6;  0,6;  0,0;  0,0;  0,0;  0,0;  0,0;  0,0;  0,0;  7,0;  0,0;  0,3;  0,0;  0,0;  0,3;  1,1;  0,1;  0,1;  0,1;  0,0;  0,0;  1,3;  8,8; 16,8; 10,3;  0,2;  0,3;  1,3;0,0;0,0;3,1;30,6;82,3
  09/1980;  1,4;  8,3;  7,1;  0,0;  0,0;  0,0;  0,0;  0,0; 22,9;  9,3;  2,1;  6,3;  1,3;  1,4;  1,5;  8,6;  0,0;  3,3;  2,1;  7,3; 27,2; 16,3;  0,0;  0,0;  0,0;  0,0;  5,3;  0,0;0,0;0,0;---;27,2;131,7
  10/1980;  0,3;  0,6;  0,0;  0,0;  0,0;  1,3;  2,1; 27,3;  3,6;  1,0;  6,3; 20,2; 46,0; 38,6;  0,8;  0,0;  0,0;  0,0;  0,0;  0,0;  0,0;  0,0;  6,5;  6,8;  6,0;  0,0;  0,0;  0,0;0,0;0,0;6,9;46,0;174,3
  11/1980;  6,9;  0,8;  0,3;  0,1;  0,0;  0,0;  0,0;  0,0;  1,0;  0,0; 10,1; 12,3; 19,1;  0,0;  0,0;  0,0;  0,0;  3,6;  2,8;  0,0;  0,0;  0,0;  0,0; 56,1;  0,6;  0,0;  0,0;  0,0;0,0;0,0;---;56,1;113,7
  12/1980;  0,0;  0,0; 10,1; 20,1;  3,1; 13,1;  7,9;  0,0;  0,0;  0,0;  0,0; 36,3; 67,2;  2,7;  0,0;  0,0;  0,0;  0,0;  0,0;  0,0; 54,8;  9,7;206,7;  0,0;  0,0;  2,6; 34,6; 39,8;0,0;0,0;0,0;206,7;508,7
  01/1981;  0,0;  0,0;  0,0;  0,0; 17,3;148,7;  8,9;  7,2; 10,5;  8,3;  6,2; 37,3; 34,5;  6,0; 60,8; 34,6;  2,2; 32,6;  1,3;  0,8; 18,0; 18,5;  0,0;  2,6;  1,8;  9,7;  0,0;  0,0;0,0;0,0;62,5;148,7;530,3
  02/1981;  3,7;  0,0;  0,0;  0,6; 10,2;240,1; 30,5;  6,0;  0,0;  0,0;  0,0;  0,0;  0,0;  0,0;  0,0;  0,0;  0,0;  0,0;  0,0;  0,0;  0,6;  1,7; 11,2;  8,0;  0,6;  1,0;  0,0;  0,0;---;---;---;240,1;314,2
  03/1981;  0,0;  0,0;  0,0; 36,2;  0,0;  0,0;  0,0;  3,3; 10,2; 30,6;  0,0;  0,0;  0,0;  0,0;  3,3;  8,7; 45,8; 27,0; 15,1;  3,3;  0,0;  0,0;  0,0;  0,0;  0,4; 19,3;  8,6; 46,4;40,4;0,0;0,0;46,4;298,6
  04/1981;  4,6;  0,0;  0,0;  0,0;  0,0;  0,0;  0,0;  0,4;  0,0;  0,7;  0,9;  3,1;  0,0;  0,0;  0,6; 17,0; 37,7;  1,7;  0,0;  0,0;  0,0;  0,0;  0,0;  0,4;  0,0;  0,0; 54,2; 16,3;0,8;0,0;---;54,2;138,4
  05/1981;  0,0;  0,0;  0,0;  0,8; 11,0;  0,1;  0,1;  0,0;  0,0;  0,1;  0,3;  0,2;  0,1;  0,0;  0,2;  0,8;  1,6; 12,6;  0,0;  0,0;  0,0; 36,5;  3,0;  0,0;  0,0;  0,0;  0,0; 32,1;1,9;0,2;0,2;36,5;101,8
  06/1981;  0,3;  0,0;  0,0; 63,2;  8,1; 33,6;  4,5;  0,1;  0,0;  0,0;  0,2;  0,0;  0,0;  0,2;  4,3;  5,1;  0,0;  0,0;  0,0;  0,0;  0,3;  0,0;  0,0;  0,0;  0,1;  0,1;  0,2;  0,0;0,0;0,0;---;63,2;120,3
  07/1981;  0,0;  0,3; 18,4;  0,8;  1,3; 19,7;  6,4;  0,0;  0,0;  0,0;  0,0;  0,1;  0,2;  0,1;  0,0;  0,0;  0,0;  0,0; 10,1; 26,1;  0,8;  0,0;  0,0;  8,3;  0,0;  0,0;  0,0;  0,1;0,1;0,2;0,2;26,1;93,2
  08/1981;  0,2;  0,1;  0,1;  0,1;  0,1;  0,0;  0,1;  0,1;  1,6; 18,1;  0,4;  0,2; 22,5;  0,0;  0,0;  0,0;  0,0;  8,2;  0,0;  0,0;  4,2;  0,0;  0,0;  0,0;  0,1;  0,0;  0,0;  0,1;0,0;0,0;10,8;22,5;67,0
  09/1981;  0,8;  0,2;  1,2;  1,0;  0,0;  0,0;  0,0;  0,0;  0,0;  0,0;  0,0;  0,0;  0,0;  0,0;  0,0;  0,0;  0,0;  0,0;  0,0;  0,0;  1,4;  1,2;  0,8;  5,4;  1,0;  6,5;  0,0;  0,0;0,1;17,6;---;17,6;37,2
  10/1981;  0,0;  0,0;  0,0;  0,0;  0,3;  1,7;  4,6;  1,7;  9,7;  1,7;  0,0;  0,0;  1,0;  1,3;  0,7; 18,1;  0,0;  0,4;  4,0; 17,0;  4,0;  0,0;  0,0;  0,0;  0,0;  0,0; 11,9;  6,0;8,1;2,3;0,0;18,1;94,5
  11/1981;  0,2;  0,0;  0,0;  5,7;  0,0;  0,0;  1,6;  0,8; 20,1;  0,0; 24,4;  9,7;  8,4;  0,0;  0,0;  0,0; 11,1; 20,1;  0,0;  0,0;  0,0;  0,0;  0,0;  0,0;  1,9;  0,0;  0,0;  0,0;0,0;2,9;---;24,4;106,9
  12/1981;  0,3; 21,8;  0,0;  0,0;  0,2;  0,6; 14,7;  3,8; 38,3;  3,5;  0,0;  0,0; 28,5;  0,0;  7,9;  0,0;  0,0;  0,0;  0,0;  0,0;  0,0; 21,9;  9,7;  0,0;  0,0;  9,0;  8,3;  0,6;0,0;0,0;0,0;38,3;169,1
  01/1982;  0,0; 28,7; 19,7; 19,8;  0,3;  0,0;  0,0;  0,0; 53,0;  0,5;  9,3;  8,2;  3,8;  0,2;  0,0;  0,0;  0,0;  0,0;  0,0;  1,5;  1,5;  0,7; 39,7; 30,4;  0,0;  1,2;  0,0;  0,3;0,0;0,1;0,0;53,0;218,9
  02/1982;  1,2;  0,0;  0,8;  3,6; 32,4; 34,4; 11,1;  1,6;  0,0;  0,0;  0,0;  0,0;  0,0;  0,0;  0,0;  0,1;  0,0;  0,0;  0,0;  3,2;  0,0;  0,0; 27,0;112,9; 12,2;  6,6;  0,5;  0,4;---;---;---;112,9;248,0
  03/1982;  0,0;  0,2;  7,8;  4,3;  1,8;  3,4; 51,0;  2,0; 14,0;113,4; 13,4;  1,5;  0,4;  0,4;  7,8;  1,6;  9,5;  0,0; 52,6;  0,0;  0,0;  0,6;  0,0;  1,0; 21,9; 32,6; 12,1;  0,1;3,7;20,3;49,2;113,4;426,6
  04/1982; 43,2;  5,5; 26,7;  0,1;  8,7;  8,6; 16,1;  3,6;  1,7;  0,2;  2,8;  0,0;  4,0; 11,2; 16,0; 14,1;  0,0;  1,5; 22,5;  0,0;  0,3;  0,1;  1,7;  0,0;  5,1;  0,0;  0,3;  4,9;10,5;5,3;---;43,2;214,7
  05/1982;  3,4;  0,2; 33,8; 23,1; 19,4;  3,4;  1,0;  0,2;  0,3;  0,3;  0,0;  0,1;  0,1;  0,1;  0,1;  0,9;  0,0;  0,1;  3,6;  1,9;  0,0;  2,7;  0,0;  0,3; 85,5; 22,9;  8,0;  0,0;0,0;0,3;0,0;85,5;211,7
  06/1982;  0,1;  0,1;  0,1;  0,2;  0,3;  5,3; 22,8;  0,1;  0,1;  0,1;  2,0;  4,2;  0,5;  0,0;  0,1; 22,1; 47,9; 60,3;  0,7;  3,3;  1,0;  7,0; 11,3;  6,1; 45,0; 23,1;  0,0;  0,0;17,1;0,0;---;60,3;280,9
  07/1982;  2,3;  0,1;  0,3;  0,2;  0,1;  0,0;  0,0;  0,9; 59,3;  0,4;  0,0;  0,0;  6,3;  0,0;  0,0;  0,0;  0,0;  9,1;  2,8;  0,3;  0,2;  0,1;  0,1;  0,4;  0,0;  0,0;  0,0;  0,0;0,0;13,2;0,0;59,3;96,1
  08/1982;  0,1;  0,1; 17,2;  0,0;  1,4;  0,2;  0,1;  0,2;  0,2;  3,6;  0,0;  0,7;  0,4;  0,1;  0,1;  0,0;  0,4;  3,4; 15,0;  0,1;  0,1;  0,0;  0,1;  2,0;  0,0;  0,0;  0,0;  0,0;0,0;0,1;0,0;17,2;45,6
  09/1982;  6,4;  3,2;  0,0;  0,0;  0,0;  7,1;  7,2;  0,9;  0,5;  0,3;  0,0;  0,0;  0,0;  0,1;  0,1;  0,1;  0,0;  0,0;  0,0;  1,2;  1,7;  0,3;  0,9;  0,0;  0,0;  0,0;  0,0;  0,4;5,9;4,5;---;7,2;40,8
  10/1982;  2,4; 84,5;  0,0;  0,0;  0,0;  2,3;  9,5; 30,7;  4,5;  2,5; 19,0;  0,1;  9,7;  0,0;  0,1;  0,0;  0,0; 16,8;  0,0;  0,0; 10,3; 78,3;  0,0;  0,0;  0,0;  1,0; 13,0; 14,2;1,3;1,9;0,0;84,5;302,1
  11/1982;  0,0;  0,0;  0,0;  0,0;  1,7;  2,0;  0,1;  0,2; 10,9;  0,0; 25,2; 18,5; 10,3; 38,5; 25,8; 26,7;  2,6;  6,6;  0,0;  0,0; 28,6;  3,9; 18,9; 11,7; 11,7;  1,8; 14,8;  0,5;7,4;0,0;---;38,5;268,4
  12/1982;  0,0;  0,0; 27,7;  3,1;  0,0;  0,0;  0,9;  0,0;  0,0;  3,0;  1,8;  2,8;  3,0; 23,8;  0,7; 23,9; 15,7;  0,0;  0,7;  1,0;  0,3;  0,7;  3,0;  7,9;  0,0;  0,0;  0,0;  0,0;0,0;0,0;0,0;27,7;120,0
  01/1983;  0,0;  6,3;  7,0; 18,3;  7,3; 23,0;  1,2;  0,0;  1,4;  0,0;  0,0;  0,0;  0,8; 11,9;  0,8; 16,5; 36,2; 40,1;  0,2;  2,5; 19,7;  0,0;  2,6;  3,4; 20,1; 16,1;  0,0;  0,0;1,8;4,0;0,7;40,1;241,9
  02/1983; 19,1;  7,6;  3,5;  3,4;  0,0; 10,7;  1,7;  1,7; 12,8;  8,0;  0,4;  0,0; 19,0; 27,8;  4,7;  0,0;  0,0;  0,0;  0,0;  0,0;  0,0;  0,0;  0,0;  1,4;  0,0;  2,9;  8,2;  0,9;---;---;---;27,8;133,8
  03/1983; 12,8; 24,2;  6,8;  1,2;  1,8;103,5;143,4;  9,0;  0,0;  0,0;  0,0;  4,3; 50,6; 12,0;  2,0;  0,0;  0,1;  0,0; 11,3; 10,3;  0,2;  6,0; 31,3; 10,4;  6,5;  8,5;  0,2;  0,0;0,0;0,0;2,7;143,4;459,1
  04/1983;  0,0;  0,0;  0,7;  0,0;  6,5; 39,9; 27,0;  0,2;  0,2;  0,1;  1,0; 14,7;  0,1;  0,1;  0,1; 11,1;  1,5; 11,2; 64,5;  0,3; 10,3; 13,4;  8,0;  6,0;  5,9;  3,5;  7,1;  0,2;0,2;0,1;---;64,5;233,9
  05/1983;  0,5; 24,3;  6,4;  2,6;  0,1;  0,1; 43,8;  4,3;  1,0;  7,6;  0,0;  0,6; 20,7; 30,2; 13,4;  1,8;  7,4; 23,6;  0,0; 74,8; 21,9; 14,5;  0,4; 13,9; 12,2; 18,6;  3,3; 35,7;35,5;6,9;13,8;74,8;439,9
  06/1983;  4,2;  0,0; 13,3;  7,0;  6,8; 15,2; 13,5;  0,1; 31,5; 14,1;  6,2; 28,2;  1,4;  0,5;  0,1;  0,3;  0,2;  0,2;  0,3;  0,2;  0,1;  0,1;  0,0; 14,2;  0,8; 41,5;  7,0;  4,2;1,4;0,8;---;41,5;213,4
  07/1983;  0,1;  0,0;  0,0;  0,3;  0,2;  0,2; 28,6;  5,6; 10,2;  8,0;  0,0;  0,0;  4,4;  0,3;  0,0;  0,2;  9,6;  5,7;  0,1;  0,0;  0,0;  0,2;  0,1;  0,1;  0,0; 13,7; 45,3;  1,4;0,3;0,7;0,1;45,3;135,4
  08/1983;  4,5;  0,0;  0,0;  2,4;  3,2;  0,1;  0,2;  0,1;  0,3;  2,4;  0,1;  0,1;  0,2;  0,0;  0,0;  0,2;  2,9;  2,8;  0,1;  0,2;  0,8;  0,7;  0,2;  0,1;  0,1;  0,2;  0,2;  0,3;0,2;0,4;0,1;4,5;23,1
  09/1983;  0,0;  0,9;  0,0; 16,3; 13,5; 18,6;  0,0; 21,5;  1,0;  0,0;  0,0; 17,4; 14,7;  0,1;  0,1; 22,0; 23,5; 40,2;  4,7;  0,0;  0,0;  3,8; 62,8; 21,0;  3,4;  1,7;  0,0;  0,6;0,0;0,4;---;62,8;288,2
  10/1983;  0,0;  1,1;  0,0;  0,0;  0,0;  0,0;  0,0;  0,0;  0,0;  0,9;  6,2;  3,0;  2,9;  0,0;  0,0;  0,2;  0,3; 26,4; 15,2;  0,0; 24,6; 33,7;  0,0;  6,4;  1,0;  3,6;  8,8;  9,3;0,5;0,0;0,0;33,7;144,1
  11/1983; 15,6;  8,4; 27,9; 32,0;  0,3;  1,5;  0,1;  0,0;  0,0;  0,0;  1,3;  0,0;  6,4;  0,0;  6,8;  0,0;  0,0;  0,0;  0,0;  7,6;  9,6;  0,8;  0,0;  0,0;  0,0;  0,0;  0,0;  0,0;0,0;0,0;---;32,0;118,3
  12/1983;  0,1;  0,0; 25,5;129,5;  1,7;  6,6;  4,0;  0,0;  0,0;  0,0; 31,8;  0,0;  0,0;  9,1; 19,3;  0,0;  2,6;  2,3;  0,0; 12,1; 22,3; 17,7;  1,4;  1,7;  3,8;  0,0;  1,4;  7,1;8,3;16,8;24,6;129,5;349,7
  01/1984;  0,0;  0,0;  0,0; 14,3;  0,0;  0,0; 13,8;  0,0;  0,0;  0,0;  0,0;  0,0;  0,0;  0,0;  0,0;  0,0;  3,4;  0,3;  0,0;  0,0; 42,1;164,3;139,8;  0,3; 38,4; 72,2;  0,0;  0,8;0,0;9,1;6,6;164,3;505,4
  02/1984;  9,1;  0,8;  0,0;  0,0; 13,2; 14,3; 69,8; 11,9;  3,2;  0,0;  1,5;  0,0;  0,0;  0,0;  0,0;  0,0;  4,6;  7,0;  0,0;  0,0;  0,0;  0,0;  0,0;  0,0;  0,0;  0,0;  0,4;  0,2;0,0;---;---;69,8;136,0
  03/1984;  0,0;  0,0;  0,0;  0,4;  5,8;  0,0;  0,0; 40,4;  0,0;  0,0;  0,0; 27,7;  2,5; 14,4;  0,0;  0,0;  0,0;  0,0;  0,9;  1,0; 25,3; 20,7; 18,3;  0,0;  0,0;  0,0; 11,2;  6,3;2,2;55,6;2,0;55,6;234,7
  04/1984;  0,0;  0,0;  2,0;  8,0;  0,0;  0,0;  0,0;  0,1;  4,2;  0,3;  4,2;  0,0;  0,0;  0,0;  0,0;  0,1;  0,3;  4,2;  1,4;  0,0;  0,0;  0,0;  0,0; 28,8; 18,3;  0,3;  0,1;  0,1;11,2;12,8;---;28,8;96,4
  05/1984;  2,3;  0,8; 15,9;  0,8;  0,1;  0,3;  0,1;  0,2;  0,0;  0,0;  8,0; 31,1;  8,1;  0,9;  2,0;  0,1;  0,1;  0,0;  0,0;  0,0;  0,0;  0,2;  0,1;  0,3;  0,2;  0,2;  0,2;  0,2;0,2;0,8;0,0;31,1;73,2
  06/1984;  0,0;  0,0;  0,2;  0,2;  0,1;  0,2;  0,2;  0,0;  0,0;  0,0;  0,0;  0,1; 41,8;  0,4; 32,6;  0,0;  1,2;  0,0;  0,2;  0,1;  0,0;  0,0;  0,3;  0,1;  0,1;  0,2;  0,5;  0,0;0,0;0,0;---;41,8;78,5
  07/1984;  0,0;  0,0;  0,0; 18,4;  0,0;  6,4;  0,0;  0,0;  0,0;  0,3;  0,0;  0,0;  0,0;  6,4;  0,0;  0,0;  0,0;  0,1;  0,2;  0,0;  0,0;  0,0;  0,0;  0,0;  0,0;  1,4;  0,0;  0,6;4,3;1,5;0,3;18,4;39,9
  08/1984;  0,3;  0,1; 61,8;  0,0;  0,0;  0,0;  0,5;  1,0;  0,0;  0,0;  0,0;  0,0;  0,0;  0,0;  0,0;  0,0; 14,7;  4,5;  3,9;  0,0;  0,5;  9,3; 12,9;  0,1; 14,9; 14,3;  0,2;  0,3;0,0;12,4;1,8;61,8;153,5
  09/1984;  0,5;  0,0;  0,0;  0,0;  0,0;  0,0;  0,2;  0,0;  4,3;  0,0;  0,0;  0,0;  0,0;  0,0;  0,0;  0,0;  0,3;  0,0;  0,0; 23,0; 22,5;  0,0;  0,0;  0,0;  0,2;  6,3;  9,3;  8,3;0,0;5,5;---;23,0;80,4
  10/1984;  0,0;  0,0;  0,0;  0,0;  0,0;  0,0;  7,0;  4,1; 10,3;  3,1;  0,0;  0,0;  0,0;  0,0;  0,7;  0,0;  1,6;  7,9; 21,2;  0,0;  0,0;  0,0;  0,0;  1,7;  0,9;  0,3;  0,0;  0,0;0,0;0,0;2,2;21,2;61,0
  11/1984;  7,9;  1,1; 14,7; 12,6; 25,1;  4,3;  1,2;  2,9;  0,0;  3,6;  0,4; 43,9;  1,1; 27,9;  0,5;  0,0;  9,5;  1,5;  1,9;  6,7;  0,0;  7,8;  0,0;  0,0;  1,7; 13,8;  0,1;  0,2;0,2;0,0;---;43,9;190,6
  12/1984;  0,0; 17,0;  1,9;  4,1;  0,0;  0,0;  2,8;  4,6;  3,0;  0,0;  0,0;  0,0; 24,1; 35,6;  6,8;  0,4;  0,7; 11,5;  0,0;  0,0;  0,1;  0,0;  0,0;  0,0;  0,0;  0,6;  3,9;  1,9;6,9;4,6;1,4;35,6;131,9
  01/1985;  1,2;  9,9;  0,0;  0,0; 11,2;  0,0;  0,0;  8,3;  4,4;  0,0;  0,0;  0,0;  0,0;  0,4;  0,2;  0,0; 76,1;  7,0;  2,0;  5,4;  5,2;  4,0;  2,5;  0,0;  0,0;  0,3;  0,0;  9,9;2,4;0,0;0,0;76,1;150,4
  02/1985;  0,0;  2,1;  3,0;  4,0; 33,1;  0,5;  0,0;  0,0;  0,0;  5,2; 21,4;  0,0; 27,2; 22,5;  2,2;  1,8;  4,3; 55,8;  0,0;  0,0;  3,2; 12,3; 33,2;  0,0;  0,0;  0,0;  1,5;  6,0;---;---;---;55,8;239,3
  03/1985;  1,0;  8,0;  7,9;  5,5; 12,6;139,9;  0,0;  0,0;  0,9;  0,0; 12,5;  0,0;  4,4;  0,0;  0,0;  7,0;  1,4; 31,2;  0,1;  0,1;  0,0;  0,5; 19,2;  0,1; 10,9;  9,7;  6,2;  4,9;7,1;5,4;4,3;139,9;300,8
  04/1985;  0,0;  0,0;  0,0;  0,1; 15,9;  3,7;  0,0;  0,3;  1,8; 33,3;  0,0;  2,2;  0,0;  5,3;  0,1; 11,3;  0,6;  0,0;  9,3;  0,6;  2,1;  0,0;  0,1;  0,1; 29,8;  0,0;  7,1;  2,1;7,1;1,3;---;33,3;134,2
  05/1985; 19,8;  0,2;  0,0;  0,1;  0,1;  0,1;  0,1;  0,1;  0,0;  3,3;  0,1;  0,2;  0,1;  0,1;  0,1;  0,2;  0,1;  0,2;  0,2;  0,0;  3,6;  0,1;  0,2;  8,0;  0,1;  0,2;  0,1;  0,3;0,0;5,4;19,6;19,8;62,7
  06/1985;  3,2;  0,1; 29,8; 17,5;  0,1;  0,0;  0,0;  0,0; 12,3;  1,2;  0,3;  0,0;  0,1;  0,1;  0,1;  0,3;  0,0;  0,1;  1,7;  0,0;  0,2;  0,2;  0,2;  0,3;  0,1;  0,0;  0,1;  0,2;0,1;0,1;---;29,8;68,4
  07/1985;  0,0;  0,7;  0,8;  0,0;  0,1;  0,1;  6,7;  0,1;  0,1;  0,2;  0,0;  1,7;  1,9;  0,2;  0,1;  0,1;  0,0;  4,3;  1,5;  0,1;  0,1;  0,2;  0,1;  0,1;  4,1;  0,0;  0,1;  0,1;0,1;0,1;0,1;6,7;23,8
  08/1985;  0,1;  0,1;  0,1;  0,1;  0,1;  0,2;  0,1;  0,1;  0,1;  0,0;  0,0; 11,4;  0,0;  0,2;  0,0;  0,1;  0,1;  0,0;  0,1;  0,0;  0,0;  0,5;  0,0;  0,1;  0,1;  0,1;  0,1;  0,7;0,0;0,0;7,4;11,4;21,9
  09/1985; 34,7; 18,5;  0,0;  3,4; 15,0;  0,4;  2,0;  2,1;  2,4;  0,1;  0,0;  0,1;  0,0;  0,0;  0,0;  0,0;  0,0;  0,0;  2,4;  0,0;  7,7;  0,0;  0,1;  0,0;  0,0;  4,1;  0,0;  0,0;0,2;2,3;---;34,7;95,5
  10/1985;  1,5;  0,2;  0,0;  0,1;  0,0;  0,0; 10,9;  0,2;  0,1;  5,4;  0,0;  0,0;  0,0;  0,0;  0,1;  0,0;  0,0;  0,0;  0,0;  0,1; 31,4;  1,0;  0,0;  0,0;  1,8;  0,0;  0,0;  0,0;13,6;0,1;0,0;31,4;66,5
  11/1985;  0,0; 23,3; 64,9; 31,9; 21,9;  0,0;  0,1;  0,1;  0,0;  0,0;  0,1;  0,0;  0,0;  0,0;  0,0;  0,0;  0,0;  0,0;  0,0;  0,0;  1,4;  0,4;  0,4; 21,5;  0,7;  0,0;  0,0; 17,8;0,6;0,0;---;64,9;185,1
  12/1985;  0,0;  0,0;  4,0;  4,7; 14,7;  3,2;  0,0;  0,0;  0,0;  0,0;  0,0;  0,0;  1,1;  0,8; 28,1;  0,0;  0,0;  0,0;  0,0;  0,0;  8,5;  0,0;  0,0;  0,0;  1,8;  1,4; 21,0;  5,1;0,0;0,0;0,0;28,1;94,4
  01/1986;  0,0;  3,0;  1,3;  0,0;  9,7;  0,0;  0,0;  0,0;  0,0;  0,0;  9,0;  0,3;  0,0;  0,0;  0,0;  0,0;  0,0;  0,0;  0,0; 55,4; 22,4;  6,4; 40,6;  2,9;  0,0;  0,0;  0,0;  0,0;4,5;0,0;0,0;55,4;155,5
  02/1986;  0,0; 44,9; 33,6;  2,0;  0,0;  0,0;  0,0;  0,0;  1,3;  2,9;  0,0; 94,4;123,6;  3,7;  0,0; 13,9;  7,9; 11,8; 22,4; 94,6; 14,2; 68,0;  0,0;  2,2; 23,6;  2,6;  6,2;  0,0;---;---;---;123,6;573,8
  03/1986; 40,1;139,7;  8,5;  0,0;  1,2;  0,1; 16,5; 16,6;  0,6;  0,7;  5,5;  2,5;  4,4; 45,8;  3,8;  1,4; 17,4; 37,7;  6,6; 10,6;  2,4;  0,1;  0,0; 42,4;  0,1; 13,6; 34,1;  2,4;0,0;0,0;0,0;139,7;454,8
  04/1986;  2,8;  0,0;  0,0;  0,0;  0,0; 20,3;  0,7;  0,0;  0,1;  0,1;  0,0;  0,0;  0,0;  0,3; 58,7; 34,8;  0,0; 17,5;  0,0;  0,0;  0,3;  1,8;  0,0;  0,7;  0,5;  0,0; 29,8;  4,5;2,9;0,3;---;58,7;176,1
  05/1986;  0,1;  0,1;  0,2;  0,1;  0,1;  0,1;  0,8;  1,4;  0,1;  2,9;  1,8;  3,5; 31,6;  7,3;  0,1;  0,1;  0,1; 12,2;  3,7;  0,0;  0,0;  0,0;  0,0;  0,0;  0,1;  2,0;  4,8;  0,1;0,1;0,1;14,3;31,6;87,8
  06/1986;  0,1;  0,1;  0,1;  4,8;  0,1;  0,1;  1,8;  0,1;  1,8;  0,2;  0,3;  0,1;  1,7;  0,1;  0,1;  0,1;  0,1;  0,1;  0,1;  0,2;  0,1;  0,1;  0,0;  0,2;  0,2;  7,2;  0,1;  0,1;0,1;0,1;---;7,2;20,3
  07/1986;  0,1; 30,2; 19,3;  2,6;  8,8;  4,9;  4,1;  1,6;  5,6;  0,1;  0,1;  0,1;  0,1;  0,1;  0,1;  0,1;  0,0;  0,0;  9,8;  0,8;  8,2; 17,8;  4,6;  0,0;  0,1;  0,1;  0,0;  0,0;3,5;0,0;13,2;30,2;136,0
  08/1986;  0,1;  0,1;  0,2;  0,1;  0,1;  0,0;  0,0;  0,0;  0,0;  0,0;  0,0;  3,2;  7,0;  3,6;  0,0;  0,0;  0,1;  0,0;  0,0;  0,0;  5,0;  0,1;  0,1;  0,1;  0,1;  0,7;  0,1;  0,1;0,1;10,2;0,4;10,2;31,5
  09/1986;  1,9;  0,8;  1,1;  3,8;  0,2;  0,8;  0,0;  0,0;  0,0;  0,0;  0,0;  0,1;  0,1;  0,1;  0,1;  0,1;  0,0;  1,5; 30,1; 13,8; 14,9;  5,1;  3,6;  0,2;  9,1;  7,2; 11,0;  3,2;0,4;0,2;---;30,1;109,4
  10/1986;  0,1;  0,1;  0,0;  0,1;  0,0;  0,0;  0,0;  0,0;  2,3; 12,4; 20,2;  2,4;  0,0;  0,0;  0,0;  0,1;  0,0; 25,4; 15,8;  3,1; 11,7;  2,7;  1,0;  0,0;  0,0;  0,0;  0,0;  0,0;0,1;0,0;0,0;25,4;97,5
  11/1986;  0,0;  0,0;  1,4;  0,8;  0,0; 24,7;  0,0;  1,4;  1,5;  0,0; 58,3;  8,0;  2,7;  0,5;  1,7;  0,0;  0,0;  0,0;  0,0;  0,0;  0,0;  0,0;  0,0;  0,0;  2,0;  4,0; 10,1;  0,0;26,1;0,0;---;58,3;143,2
  12/1986;  9,1; 14,5;  0,0; 33,5;  4,1;  3,7;  0,8; 36,5;  0,7;  8,4;  0,5;  0,0;  0,2;  0,1;  0,0;  0,0;  6,4; 50,4; 26,7; 11,5;  0,7;  0,3;141,3;  0,0;  0,0;  0,0;  0,8;  0,4;98,5;40,1;10,3;141,3;499,5
  01/1987;  0,0;  0,0;  2,2;  0,8;  0,5;  0,0;  0,0;  0,0;  0,0;  0,0;  2,9; 35,4;  9,6; 11,5;  0,1; 16,8;  4,8;  1,1; 30,7;  0,0;  0,0;  1,0;  0,4;  1,1; 48,8;  0,1; 80,6;  0,3;0,8;6,4;31,4;80,6;287,3
  02/1987;  0,4;  1,5;  8,4;  0,0;  0,1;  0,4;  1,7;  2,4;  4,5; 41,4;  0,3; 31,9; 33,9; 58,3; 51,8;  5,5;  0,0;  0,0; 12,9;  0,0;  0,0;  0,0;  0,0;  0,0;  0,0;  0,0;  0,0;  0,0;---;---;---;58,3;255,4
  03/1987;  0,0;  0,0;  0,0;  0,0;  0,0;  0,0; 29,1;  0,0;  0,0; 18,9;  5,0;  0,0;  0,0;  0,0;  0,0;  1,1;  0,0; 52,5; 31,7; 10,6;  3,9;  0,1;  0,2;  0,0;  0,0;  0,0;  0,3; 32,4;11,2;0,3;0,0;52,5;197,3
  04/1987;  0,1; 21,7; 58,5;  8,8;  0,6;  9,8;  0,8;  0,0;  0,0;  4,6;  4,5;  0,0;  2,9; 19,8;  4,8;  0,0;  0,0;  0,0;  0,0;  0,0;  4,8;104,0;  0,0;  7,3;  2,3;  2,9;  3,9; 20,3;17,3;0,3;---;104,0;300,0
  05/1987;  0,1;  0,0;  0,0;  0,0;  4,1;  7,8;  4,3; 10,2;  4,8;  0,1;  0,0;  0,0;  0,0;  0,0; 52,3; 34,2;  0,0;  8,2;  7,8; 36,6; 72,2;  0,0;  0,0;  0,0; 10,6;  0,0;  0,0;  3,8;0,2;3,1;1,5;72,2;261,9
  06/1987;  0,1;  0,0;  0,1;  0,2;  0,2;  0,2; 63,1;  5,1;  0,1;  0,2;  0,2;  0,1;  3,5; 13,1; 31,0; 23,7;  0,2;  0,1;  0,1;  0,2;  0,1;  0,1;  8,4;  1,1;  0,1;  0,1;  0,1;  0,0;0,2;0,1;---;63,1;151,8
  07/1987;  0,2;  0,2;  0,2;  0,3;  0,0;  0,0;  0,9;  0,2; 13,3;  0,0;  0,0;  0,1;  0,0;  0,0;  0,1;  0,1;  0,0;  0,0;  0,3;  0,6;  0,0;  0,9;  4,5;  0,1;  0,2;  0,4;  0,1;  0,0;0,0;0,9;0,0;13,3;23,6
  08/1987;  2,7;  0,8;  4,0;  2,9;  0,0;  0,0;  0,0;  0,0;  0,0;  0,1;  0,1;  0,1;  0,1;  0,0;  0,0;  0,0; 19,3;  0,0;  0,1;  0,0;  0,0;  5,5;  0,3;  1,7;  0,1;  0,1;  0,0;  0,0;0,1;0,1;15,2;19,3;53,3
  09/1987;  0,0;  0,8;  3,9;  5,7;  0,2; 34,6;  0,6;  0,0;  0,0;  0,0;  4,1; 36,1;  4,0;  0,0;  0,0;  0,0; 25,1; 11,3;  2,3;  0,0;  2,4; 46,6;  7,8;  0,4;  1,2;  0,0;  0,1;  0,6;0,0;0,1;---;46,6;187,9
  10/1987;  0,5; 15,9;  0,2;  3,6;  0,7;  2,1;  0,0;  0,0;  0,0;  0,0;  0,0;  0,0;  0,1;  8,6; 17,7; 24,2;  1,0;  0,2;  5,1;  3,5;  7,4;  4,2;  0,0;  2,4; 14,3; 30,7;  0,0;  1,0;3,1;0,0;0,0;30,7;146,5
  11/1987;  0,0;  0,0;  0,0;  0,0;  0,0;  4,4;  0,0;  1,0;  6,5;  6,0;  3,1; 15,6;  0,6;  1,4;  8,6;  0,0;  0,4;  0,0;  0,0;  0,0;  0,0;  2,8;  4,4;  0,0;  9,4;  0,6;  0,0;  0,1;0,0;0,0;---;15,6;64,9
  12/1987;  0,0;  0,0;  0,0;  0,0; 19,9;  8,4;  2,8;  0,7;  9,7;  0,0;  0,0;  0,1; 12,7;  0,3;  0,4;  0,0; 14,2; 18,7; 16,0;  1,5;  0,0; 10,4;  0,8;  7,3;  0,6;  0,2;  0,0;  0,0;63,8;13,6;0,6;63,8;202,7
  01/1988; 31,6;  1,1; 12,4;  0,0;  0,0;  6,1; 13,6;  0,0;  0,0; 28,8;  0,7;  0,0;  0,0;  2,0;  1,9; 43,8; 29,2;  0,0;  4,0;  0,5;  0,0;  0,0; 51,2; 37,3; 57,5;  0,1; 34,5; 17,5;6,3;41,4;1,4;57,5;422,9
  02/1988;113,2; 27,1;  3,7;  0,6; 32,4;  4,8;  0,4; 43,2; 71,2; 32,0; 15,3;  0,1;  0,7;  1,9;  0,9;  0,0; 31,7;  0,5;  5,2;  0,0;  5,9;  0,4;  0,9;  0,0;  0,0;  0,0;  0,0;  0,1;64,5;---;---;113,2;456,7
  03/1988;  3,0;  1,4; 45,9;  7,3;  1,4;  0,0;  0,0; 21,9; 37,0; 15,7; 16,6; 21,6;  0,1;  0,0;  0,0;  0,0;  0,0; 12,2;  1,2;  1,1;  0,4;  0,0;  0,0;  0,0;  0,0;  0,0;  0,0;  0,1;0,1;0,1;0,0;45,9;187,1
  04/1988;  0,0; 44,1;  1,4;  0,2;  1,6;  2,2;  0,0;  3,6;  7,5;  0,0;  0,0;  0,0;  6,4; 11,4;  0,0; 16,4; 22,0;  0,7;  7,0;  1,6;  7,7; 10,2;  4,2;  9,0;  0,0;  4,2; 26,8; 17,7;0,0;0,0;---;44,1;205,9
  05/1988;  0,6;  1,7; 10,3; 16,4; 40,3; 10,7;  6,4;  0,0;  0,0;  0,1;  0,1;  0,1;  0,0;  0,0;  0,0;  0,0;  7,4; 20,1;  1,7;  0,0;  6,2; 10,5; 60,1; 33,4;  0,0;  0,0;  0,0;  0,1;6,4;26,5;11,9;60,1;271,0
  06/1988;  0,1;  0,1;  0,1; 19,1;  0,0;  0,2;  0,2;  0,0;  0,0;  0,0;  1,0;  0,1;  0,0; 16,4; 16,2;  0,1;  0,1;  0,0;  0,1;  0,9;  0,0;  0,1;  0,0;  3,3; 11,8;  0,0;  0,1;  0,1;0,1;0,2;---;19,1;70,4
  07/1988;  0,2;  0,1;  0,0;  0,0;  0,0;  0,1;  0,0;  0,0;  0,1;  4,4;  1,1;  1,5;  2,1;  6,2;  0,0;  0,0;  0,3;  0,5;  0,1;  0,0;  0,0;  0,1;  0,3; 25,0;  0,2;  0,1;  0,3;  0,4;0,1;0,0;0,0;25,0;43,2
  08/1988;  0,2;  0,2;  0,1;  0,2;  0,0;  0,0;  0,0;  0,0;  0,0;  0,0;  7,2;  0,2;  0,6;  0,0;  0,1;  0,1;  0,2;  2,3;  0,2;  0,2;  0,9;  0,1;  0,0;  0,0;  0,0;  0,0;  0,6;  0,0;0,0;0,3;0,0;7,2;13,7
  09/1988;  0,0;  6,3;  2,4;  4,2;  0,0;  0,0;  0,0;  0,0;  0,1;  0,3;  0,0;  0,0;  0,0; 15,3; 10,1;  3,1; 24,8; 29,2; 11,8;  0,7;  4,5;  0,8;  0,1;  0,2;  0,2;  0,0;  0,0; 13,0;4,0;1,7;---;29,2;132,8
  10/1988;  0,0;  0,1;  0,1; 20,3;  0,0;  0,0;  0,0;  0,0;  0,0;  1,8;  1,5;  0,0;  0,0; 31,9;  0,0;  4,5;  5,6; 10,6;  4,5; 95,6;  0,0;  0,3;  0,8;  0,0;  0,0; 28,4; 15,1;  8,7;0,6;0,0;0,1;95,6;230,5
  11/1988;  3,1;  0,0;  0,0;  0,0;  1,1;  0,1;  0,9;  0,0;  0,0;  3,3;  0,0;  0,0; 16,7;  0,0;  0,8;  1,1;  0,0;  0,0;  0,0;  5,6;  0,0;  1,4;  0,0;  0,0;  0,0;  0,0;  0,0;  7,0;2,0;0,0;---;16,7;43,1
  12/1988;  5,7;  0,0;  0,7;  0,1;  0,0;  0,0;  0,0;  0,0;  0,0;  0,1;  0,0;  0,0;  0,0;  4,3;  5,3;  0,0;  0,0;  0,0;  0,0;  3,2; 24,3;  2,9;  2,3;  1,1;  2,8;  8,6;  0,0; 21,2;26,8;31,4;10,5;31,4;151,3
  01/1989; 29,4;  0,4;  1,8; 11,2; 20,1; 15,3;  5,4; 12,6;  9,3; 99,8; 17,4; 14,2;  7,1;  5,8;  0,1;  2,0;  0,1;  0,1;  0,1;  0,0; 15,8;  5,6;  0,7; 69,6;  2,9;  0,0; 36,5; 19,1;0,0;0,1;0,0;99,8;402,5
  02/1989;  0,0; 14,0;  3,0;  4,0;  4,1;  7,3;  0,1;  0,2;  3,1;  0,0; 73,0; 41,7;  3,6; 34,4; 33,8;  0,0;  1,0;  9,3;  2,0;  0,1;  9,0;  0,0; 12,2;  0,8; 68,6;  0,5;  0,0;  0,0;---;---;---;73,0;325,8
  03/1989; 85,2; 11,2; 76,4;  1,6;  0,0;  0,0;  0,0; 35,6;  7,0; 18,4;  0,0;  0,0; 46,4;  2,2;  0,0;  0,0;  0,1;  2,0; 30,8; 44,3;  0,0;  6,2;  5,1;  0,0;  0,0;  4,4;  6,6;  0,0;3,4;2,8;13,1;85,2;402,8
  04/1989; 32,0; 23,6;  0,0;  0,0;  0,0;  0,0;  0,8;  0,0;  0,0;  0,0;  0,0;  7,4;  0,8;  1,4;  2,4;  0,0;  3,9;  0,0; 68,5;  2,1;  0,0;  0,4;  0,3;  0,0;  0,0;  0,0; 10,4;  0,1;0,2;1,4;---;68,5;155,7
  05/1989;  6,1; 22,8;  2,9;  3,2; 34,5;  1,2;  6,2;  0,0; 22,3; 10,7;  2,6;  4,5;  0,7;  0,1;  0,2;  0,2;  0,1;  0,2;  0,0;  0,2;  0,1;  0,3;  0,1;  0,2; 15,9;  6,3; 14,8;  0,1;0,6;0,2;0,3;34,5;157,6
  06/1989;  1,5;  0,2;  0,3;  0,2;  1,4;  0,1;  0,2;  6,1;  0,2;  2,1; 31,7; 44,2;  6,6;  7,5;  0,5;  6,2;  0,3;  0,3;  0,3;  0,6;  0,2;  0,2;  0,2;  0,0;  2,2;  6,1;  0,4;  0,5;0,3;0,2;---;44,2;120,8
  07/1989;  0,3;  0,1;  4,4;  1,4;  0,0;  0,2; 20,4; 44,5;  0,2;  3,3;  2,5;  3,1;  0,2;  0,1;  0,1;  0,1;  0,0;  0,1;  0,0;  0,2;  0,1;  0,0;  0,0;  0,2;  0,6; 30,0; 19,2; 20,9;26,1;27,7;8,5;44,5;214,5
  08/1989;  0,2;  0,1;  0,0;  0,2;  0,5;  2,6;  0,3;  0,0;  0,0;  0,2;  8,0;  8,2;  3,2;  0,2;  0,0;  0,0;  0,0;  0,0;  0,1;  0,0;  0,0;  1,5;  1,3;  9,1;  2,1;  3,4;  2,2;  2,4;0,2;0,0;0,3;9,1;46,3
  09/1989;  4,8;  0,8;  0,3;  4,2;  0,0;  0,0;  2,4; 29,1; 21,2; 21,5;  4,4;  0,2; 20,0;  8,5;  0,0;  0,0;  0,0;  0,0;  0,5;  0,2;  0,0;  0,0;  0,0;  0,0; 27,8;  3,1;  8,4;  1,3;11,7;3,0;---;29,1;173,4
  10/1989;  0,2;  0,0;  0,1;  8,7;  0,2;  0,0;  0,0;  0,0;  0,1;  4,3;  0,4; 11,9;  0,0;  6,8;  4,6;  0,0;  9,2;  0,0;  0,7;  3,8;  3,3;  2,2;  3,4;  0,8;  0,5;  0,0;  8,4;  6,2;0,0;0,0;0,0;11,9;75,8
  11/1989;  7,8;  0,2;  0,0;  1,5;  0,0;  0,0;  0,0;  0,0;  2,1;  4,4;  0,0; 12,3; 16,5;  0,0;  0,0;  0,1;  0,0;  0,0;  0,0;  0,0; 21,8;  0,5;  0,4;  0,0; 10,8;  0,0;  0,0;  7,1;22,2;0,5;---;22,2;108,2
  12/1989;  0,6;  1,2;  0,1;  0,0;  0,0;  0,0;  0,2;  0,1;  0,0;  2,2;  1,4;  1,5;  0,1;  0,7;  9,4;  1,9;  2,4;  0,0; 32,5; 31,4;  3,6;  0,0;  0,0;  0,0;  0,0;  0,0; 12,2; 21,5;11,7;4,8;12,4;32,5;151,9
  01/1990;  2,7; 97,8;  0,1;  0,5; 35,1;  7,1;  9,6; 98,6; 45,4; 52,2; 25,2;  0,3;  6,9;  0,0; 10,2;  0,0; 27,1;  0,1; 23,1;  1,4;  0,2; 11,3;  3,2;  0,0;  0,0;  0,4;  0,0;  0,0;1,0;0,0;0,0;98,6;459,5
  02/1990;  0,1;  0,0;  0,0;  0,0;  0,3;  7,1;  0,0;  0,0;  0,0;  3,6;  0,0;  0,0;  0,4;  0,3;  0,0;  7,4;  0,0;  4,7;  0,0;  5,1;  0,0;  5,1;  9,5;  1,9; 19,1; 11,6;  0,0;  0,0;---;---;---;19,1;76,2
  03/1990;  0,1;  0,0;  0,0;  0,0;  0,0; 20,2;  8,0;  0,0;  0,0; 22,5;  0,0;  0,0;  0,0;  7,0;  0,4;  0,0;  0,0; 18,3;  7,9; 22,3; 37,7; 47,2; 54,6; 51,5;  0,0;  4,8;  3,5; 26,0;0,9;0,1;0,0;54,6;333,0
  04/1990;  0,0;  4,5;  0,0;  0,4; 41,0; 16,5;  6,5;  4,0;  0,2;  0,2;  0,1;  3,6;  0,0;  0,0;  0,1;  0,0;  0,0; 43,1; 31,3; 22,8; 23,6;  0,3;  0,1;  0,1;  0,0;  0,1;  0,1;  6,4;8,8;2,1;---;43,1;215,9
  05/1990;  0,1;  0,0;  0,2;  0,0;  0,0;  0,0;  0,1;  0,1;  0,1;  0,0;  9,3; 30,0;  0,1;  0,0;  0,4;  6,3; 13,6; 40,3;  0,0;  0,1;  0,2;  0,0;  0,2;  0,2;  0,1;  0,1;  0,1;  0,2;0,3;0,5;0,1;40,3;102,7
  06/1990;  0,6;  2,0;  0,0;  0,0;  0,1;  0,0;  7,1;  0,1;  0,0;  3,5;  4,1;  0,2;  0,0;  0,1;  8,2;  0,0;  0,1;  0,2;  0,2; 20,7;  0,0;  0,0;  0,2;  0,2;  0,2;  0,8;  0,1;  0,1;0,1;0,1;---;20,7;49,0
  07/1990;  0,0;  0,0;  0,0;  0,0; 18,9;  0,1;  0,0;  0,1;  0,0;  0,7;  1,2;  0,1;  0,1;  5,9;  1,1;  2,0; 10,2;  0,0;  0,0; 34,0; 43,6; 14,3;  0,1;  6,9;  9,0;  0,2;  0,2; 18,5;0,2;0,2;0,0;43,6;167,6
  08/1990;  0,2;  0,2;  0,1;  0,0;  0,0;  0,0;  0,1;  0,0;  0,3;  0,0;  0,0;  0,2;  0,2;  0,0;  0,2;  0,3; 22,8;  0,0; 22,3; 26,3;  0,0;  0,1;  3,8;  3,6;  0,4;  0,0;  8,0;  1,7;0,1;0,1;0,0;26,3;91,0
  09/1990;  1,0;  0,3;  7,3;  1,3;  0,0;  0,1;  0,5;  6,3;  0,0;  0,2;  0,3; 33,6; 12,1; 15,3;  0,1;  0,1;  0,0;  0,0;  0,1;  0,0;  0,0;  0,0;  1,1;  9,3;  0,0;  3,5;  0,5;  0,0;0,1;3,7;---;33,6;96,8
  10/1990;  0,0;  0,1;  0,0;  0,1;  0,0;  0,0;  0,0;  0,0;  0,0;  3,6;  2,4;  0,0;  9,2;  0,6;  9,1;  1,7;  2,0; 37,9; 19,3; 15,5;  5,9;  0,6;  0,0;  0,0;  0,1;  1,2;  0,5;  0,1;0,0;0,0;0,0;37,9;109,9
  11/1990;  0,3; 31,2;  3,0;  0,0; 10,5; 33,2;  5,6;  0,0; 12,6;  0,8;  0,0;  0,0;  0,2;  0,0;  0,2;  0,0;  5,1; 12,1;  0,0;  0,0;  0,0;  0,0;  0,3;  1,6;  0,0;  8,6;  1,3; 14,1;0,6;0,0;---;33,2;141,3
  12/1990;  0,0;  0,0;  0,0;  7,4;  0,7;  0,0;  3,7;  0,0;  1,9;  0,9;  2,5;  3,4;  0,0;  6,5;  8,5;  0,0;  0,0;  0,0;  0,0;  0,7;  0,0;  0,0;  0,0;  0,0;  0,0; 23,5;  9,3;  0,2;32,0;6,3;0,2;32,0;107,7
  01/1991; 12,7;  2,7;  0,0; 31,2; 12,5;  7,4;  0,0;  3,5;  0,2;  2,5;  0,0;  0,2;  0,5;  0,0;  1,2;  0,5; 15,0;  3,1;  0,0;  0,0;  0,0;  0,1;  7,1;  0,7; 72,0; 44,2; 19,3;  0,0;0,1;0,0;1,7;72,0;238,4
  02/1991;  2,7;  2,3;  2,7; 40,0;  0,7;  4,1;  6,3; 84,6;  0,5;  0,2;  2,0;  0,7; 11,9; 75,0;  4,0;  0,0;  0,0;  0,2; 25,1;  0,0;  0,1;  0,0;  0,0;  0,1;  0,2;  0,0;  0,0;  1,3;---;---;---;84,6;264,7
  03/1991;  0,4; 41,2;  8,3; 19,2; 35,3; 52,6;  1,8;  0,6;  0,0;  0,0;  0,0;  1,6; 67,7;  3,3;  2,8;  0,0;  0,0;  0,0; 39,4;  0,0; 27,8;  0,0;  0,0;  0,0;  0,0;  0,0;  7,5; 11,0;32,5;18,2;2,4;67,7;373,6
  04/1991;  0,0; 24,4;  0,0;  0,0; 24,4;  6,1;  0,0;  0,0;  0,0;  0,0;  0,1;  0,0;  0,0;  0,1;  0,0;  0,0;  0,0;  0,0; 33,4;  5,3;  0,3;  0,1;  0,0;  0,0; 25,4;  0,1;  0,0;  0,0;1,3;7,4;---;33,4;128,4
  05/1991;  1,3;  0,0;  0,2;  0,2;  0,1; 44,7; 34,3; 34,4;  0,2;  0,1;  0,2;  0,2;  0,2;  7,4; 15,6;  1,6;  2,4;  5,2;  0,1;  2,5;  0,0;  0,1;  0,2;  0,1;  0,1;  0,1;  0,1;  0,2;0,1;0,2;0,2;44,7;152,3
  06/1991;  0,3;  0,2;  0,2;  0,1;  0,1;  0,0; 22,9; 11,5; 20,7; 12,0;  1,4;  0,2;  0,2;  0,1;  0,2;  0,0;  0,1;  0,1;  0,2;  1,9; 39,1;  2,1; 29,4;  2,5;  9,1;  0,0;  0,0;  0,0;21,0;0,2;---;39,1;175,8
  07/1991;  0,0;  0,0;  0,3;  0,7; 12,1;  0,0;  0,2;  0,1;  0,2;  0,2;  1,7;  1,0;  2,5;  0,2;  0,1;  0,0;  0,1;  0,0;  0,2;  0,2;  0,2;  0,1;  0,0;  0,0;  0,0;  0,0;  0,0;  0,0;0,2;0,2;0,1;12,1;20,6
  08/1991;  0,0; 20,3;  0,0;  0,0;  0,1;  0,0;  0,1; 13,7; 13,5;  7,5;  0,4;  0,3;  2,7;  1,9;  0,4;  0,0;  0,0;  0,0;  0,0;  0,0;  0,0;  0,0;  0,0;  0,1;  0,1;  0,0;  0,1;  0,0;0,0;0,0;0,2;20,3;61,4
  09/1991;  9,5; 27,5;  1,2;  0,0;  0,1;  0,0;  0,1;  0,0;  0,0;  0,5;  0,3;  0,1;  0,0;  0,0;  0,0;  0,0;  0,0;  0,0; 14,5;  5,4;  0,0;  0,2;  0,6;  1,8;  6,0; 11,2;  0,3;  0,3;3,8;12,3;---;27,5;95,7
  10/1991; 21,6;  0,0; 16,0; 48,3;  8,4;  3,4; 16,5;  1,8; 22,3;  5,4;  0,0;  0,0;  0,0;  0,1;  0,1;  0,0;  0,0; 33,8;  5,0;  0,0;  0,4;  0,0;  0,1;  0,1;  0,0;  0,0;  0,0;  0,0;0,7;0,0;0,2;48,3;184,2
  11/1991;  0,5; 12,5; 53,0; 81,0;  8,2;  0,1;  0,0;  0,0;  0,0;  1,0;  0,5;  0,0;  2,5; 20,6;  4,6;  0,0;  0,4;  0,4;  0,0;  2,6;  1,7;  0,0;  0,0;  0,0;  0,0;  0,3;  0,0;  0,0;0,0;0,0;---;81,0;189,9
  12/1991; 18,1;  0,5;  0,0;  0,0;  0,0;  0,0;  4,6;  4,1;  0,0; 54,2;  7,0;  0,2;  0,0;  0,5;  0,0;  9,7;  0,0;  0,0;  1,9;  0,8;  0,9;  0,0; 33,6;  3,8; 15,8;  0,0;  3,7; 22,3;1,0;0,2;0,0;54,2;182,9
  01/1992;  0,0;  0,0;  0,0;  0,2;  0,0;  0,0;  0,0;  0,0;  6,8;  2,6;  0,0;  0,0;  2,0;  0,0;  0,0; 77,3; 10,7;  0,6;  0,0;  0,0;  0,0;  8,8;  2,0;  0,4;  0,0;  0,0;  0,2;  0,0;0,0;0,0;0,4;77,3;112,0
  02/1992;  4,0;  0,0;  0,0;  0,0;  0,0;  0,2;  0,0; 16,8;  0,0;  0,0;  0,0;  0,0;  0,0;  0,0;  0,0;  0,0;  0,0;  0,0;  0,0;  0,0;  0,1;  0,0; 10,6;  0,1; 20,6; 10,4;  9,8;  0,1;5,7;---;---;20,6;78,4
  03/1992;  0,2;  9,0; 45,8;  0,4;  6,2;  2,2;  0,1; 33,8;  0,1;  0,0;  0,0;  0,1;  0,0;  0,0;  0,0;  0,6; 13,3; 15,1;  9,6;  0,1;  0,0;  0,0;  0,1; 29,2;  8,0;  1,1;  0,0;  0,0;0,0;0,0;6,7;45,8;181,7
  04/1992; 16,7;  0,1;  0,2;  0,2;  0,1;  0,1;  8,1; 32,6;  0,0;  0,0;  0,1;  0,0;  2,1;  0,0;  0,0;  0,0;  0,0;  1,9;  0,1;  0,0;  0,0;  0,1;  0,1;  0,0; 11,5;  7,3;  7,3;  3,0;0,0;4,6;---;32,6;96,2
  05/1992;  0,0;  7,1; 25,1; 55,5;  9,9;  0,1;  0,0;  0,2;  0,1;  0,0;  0,2;  0,1; 27,6;  0,0;  0,2;  0,1;  0,0;  7,1;  8,9;  1,1;  0,0; 16,6;  0,1; 19,5;  1,3;  0,0;  0,4;  0,0;0,0;10,6;25,1;55,5;216,9
  06/1992;  0,1;  4,3;  0,1;  0,1;  0,1;  0,0;  0,0;  0,0;  0,0;  0,0;  0,0;  0,0;  0,0;  0,0;  1,1;  0,2;  0,2;  0,0;  0,0;  0,0;  2,0;  0,2;  0,3;  0,2;  0,1;  0,1;  0,1;  1,1;2,5;2,1;---;4,3;14,9
  07/1992;  0,5;  6,8;  0,2;  0,1;  0,1;  0,1; 31,4;  0,0;  0,9;  7,8;  0,1;  0,0;  0,0;  0,2;  0,0; 24,7; 15,3;  2,3;  0,0;  0,0;  0,0;  0,0;  6,0;  0,1;  4,0;  0,1;  0,1;  0,1;0,1;0,1;0,1;31,4;101,2
  08/1992;  0,4; 15,0;  0,1;  0,1;  0,1;  0,0;  0,4;  0,3;  0,3;  0,0;  0,0;  1,2;  0,0;  0,0;  0,0;  0,0;  0,0; 14,8;  5,7;  0,0;  0,3;  2,0; 13,1;  4,4;  0,1;  0,1;  0,1;  0,1;0,7;0,2;0,1;15,0;59,6
  09/1992;  0,3;  7,7;  7,5;  1,3;  0,0;  0,4; 22,3;  1,3;  1,3;  2,9;  1,3;  3,1;  0,0;  0,1;  8,5;  1,4;  0,0;  0,0;  0,7;  0,0;  1,3;  0,1;  0,1;  0,6;  5,0;  3,3;  2,8;  0,6;1,8;0,0;---;22,3;75,7
  10/1992;  0,0;  0,0;  0,1;  0,4;  0,0;  0,0;  7,9;  7,7; 14,9; 24,2;  1,5; 14,8;  4,9;  0,0;  0,0;  0,0; 26,9;  1,7;  4,2;  2,3;  8,6;  0,0;  0,0;  0,0;  0,0;  0,0;  3,0;  0,0;5,7;5,5;0,3;26,9;134,6
  11/1992;  0,0;  0,0;  0,0; 20,9;  5,9;  7,3;  0,7;  0,0;  0,1;  0,0;  0,0;  0,0;  0,0;  0,0;  0,0;  0,0; 10,8;  0,8;  0,0;  0,0;  0,0;  9,1; 44,7;  1,9; 80,7; 55,6;  4,3;  0,0;1,5;0,0;---;80,7;244,3
  12/1992;---;  1,5;  0,0;  0,0;  0,0;  0,0;  0,0;  0,0;  0,5;  1,1;  1,0;  2,8;  0,5;  0,0;  0,0;  2,3;  0,9;  7,1;  2,1;  0,0;  0,6;  0,0;  0,0;  0,0;  0,0;  0,3;  0,4;  0,2;0,0;0,0;0,0;---;---
  01/1993;  0,0;  0,1;  1,2;  1,1;  1,6;  6,0;  0,0;  8,3;  0,0; 54,3; 14,0;  0,0;  0,0;  0,0;  0,0;  0,0;  2,6; 34,9;  0,0; 11,7;  5,0;  0,1;  0,0;  0,0;  0,2;  0,4;  8,4;  0,2;0,4;8,4;0,8;54,3;159,7
  02/1993;  0,0;  0,0; 32,7;  0,0;  0,3;  0,0;  0,0;  0,0;  0,7;  0,9;  0,5;  0,5;  0,0;  0,0;  0,7;  0,0;  4,3;  0,5;  0,4;  0,6;  0,8; 20,7; 67,6;  4,7;  7,9;  1,0;  0,0;  0,0;---;---;---;67,6;144,8
  03/1993;  0,1; 11,6;  0,7; 25,8; 15,9;  0,2;  0,0;  0,0; 12,4;  4,0;  0,4;  0,0;  0,0;  0,0; 98,7;  0,0;  0,4;  0,0; 57,1; 56,6; 33,5; 17,7; 38,9; 13,2;  0,5;  0,0;  0,0;  0,0;0,0;16,9;0,0;98,7;404,6
  04/1993;  2,9; 83,7;  0,4;  0,0;  0,0;  0,0;  0,0; 13,0;  4,1;  0,1;  0,4;  0,0;  0,0;  0,1;  0,0;  0,0;  0,0;  0,0;  0,0;  0,0;  0,0;  5,2; 82,5;  6,1;  0,0;  0,0;  0,5;  0,1;2,1;0,1;---;83,7;201,3
  05/1993;  0,2;  0,1;  0,1;  2,6;  1,5; 19,0;  0,0;  0,3;  0,2;  0,0;  0,0;  0,1;  0,1; 22,5;  1,9;  0,0;  1,4;  0,0;  1,1;  0,0;  0,0;  0,0;  0,6;  0,5;  0,0;  0,1;  0,2;  1,1;5,3;3,8;2,0;22,5;64,7
  06/1993;  0,0;  0,0;  0,0;  0,0;  0,0; 15,0;  0,1;  0,1;  0,2;  8,6; 16,1; 12,3;  8,7;  0,5;  0,2;  0,2;  0,2; 22,6;  9,8;  0,2;  0,3;  0,2;  0,2;  0,3;  0,2;  0,2;  0,2;  0,2;0,1;0,0;---;22,6;96,7
  07/1993; 22,6;  0,0;  0,0;  0,0;  0,0;  0,0;  3,0;  5,4;  0,0;  0,0;  0,0;  0,0; 52,4; 27,3;  0,0;  0,0;  0,0;  0,0;  0,1;  0,1;  0,1;  0,1;  0,1;  0,2;  0,0;  0,1;  0,8;  0,1;0,1;6,0;14,9;52,4;133,4
  08/1993;  0,0;  0,2;  0,2;  0,0;  0,0;  0,0;  0,1;  0,4;  0,1;  1,6;  0,2;  0,1;  0,0;  0,0;  0,2;  0,0;  0,0;  6,4;  0,0;  0,0;  0,0;  0,2;  0,0; 16,9; 11,3;  0,2;  0,1;  0,1;0,0;0,0;0,0;16,9;38,3
  09/1993; 30,1;  0,0;  3,1;  0,7;  0,0;  0,0;  0,0; 16,1;  6,3;  0,0;  0,0;  0,0;  0,0;  0,0;  7,9;  0,2;  0,1;  0,0;  0,0;  4,2;  2,8; 41,1; 27,0; 38,8; 22,2;  9,0;  7,7;  0,1;0,1;11,7;---;41,1;229,2
  10/1993;  1,4;  0,0;  0,9; 11,7; 13,2;  4,7;  0,0;  0,0;  0,0;  0,0;  0,0;  0,0;  0,0;  3,1;  0,0;  0,5;  0,0;  0,0;  0,0;  0,0;  0,3;  0,0;  2,9;  0,0;  1,9; 10,4;  5,2;  6,1;0,0;0,0;0,0;13,2;62,3
  11/1993;  0,0;  0,6;  0,0;  0,0;  0,0;  0,0;  1,1;  0,0;  0,0;  0,0;  0,0;  0,0;  0,0;  0,0;  0,0;  0,0;  0,0;---; 18,9;  0,0;  0,0;  0,0;  0,0;  0,0;  6,1;  3,7;  0,0;  0,0;0,0;0,0;---;---;---
  12/1993; 25,0; 20,3;  5,4;  0,0;  0,0;  0,0;  0,0;  0,0;  3,5; 12,3; 19,3; 11,6;  2,3;  0,0;  0,0;  0,0; 24,3;  7,2;  0,0;  0,0; 11,0; 15,0;  3,8;---;---;---;---;---;---;---;---;---;---
  01/1994;---;---;---;---;---;---;---;---;---;---;  0,0;  0,0;  1,0; 14,3;  0,0;  7,8;  0,0;  0,4; 14,7;  1,6;  0,0; 96,2;  0,4;  0,7;  0,0;  0,0; 93,6; 29,6;37,9;2,7;3,0;---;---
  02/1994;  0,0;  0,4;  0,3;  6,2; 32,2; 71,6;103,1; 86,7;  6,3;  3,0; 13,5;  8,7;  0,0;  0,0;  3,0;  0,0;  0,0;  0,0; 33,3;  1,0;  0,0;  0,0;  0,2;  9,6;  0,0;  1,3; 13,7;  0,3;---;---;---;103,1;394,4
  03/1994;  0,0;174,0; 25,4; 28,9;  0,0;  7,2; 21,4; 41,3; 54,3;  9,3;  8,2;  8,3; 15,9;  0,6;  8,7;  6,8;  0,5;  0,0;  0,0;  0,0; 24,3;  0,0;  0,0;  0,0;  0,0; 64,2; 23,4;  0,2;0,0;0,0;2,5;174,0;525,4
  04/1994; 51,0;  3,8;  0,0;  0,0;  0,0;  0,0;  0,2;  1,3;  4,3; 18,4;  0,0;  3,9; 37,8; 57,1; 32,5;  0,0;  0,0;  0,0;  5,7;  8,7;  0,8; 16,8; 11,6; 20,9;  7,3;  0,0;  0,0;  0,1;0,2;2,6;---;57,1;285,0
  05/1994;  0,0;  2,3;  0,0;  0,0;  0,0;  0,0;  0,0;  0,0;  0,0;  2,4;  0,0; 50,9; 23,2;  0,0;  0,0; 38,3;  0,7;  0,0;  0,0;  0,0;  0,2;  0,1;  8,0;  0,0;  2,4;  8,3;  3,6; 12,8;0,0;1,0;0,0;50,9;154,2
  06/1994;  0,2;  0,0;  0,0;  2,6; 14,5;  0,3;  7,1; 32,2;  3,4;  0,0;  0,2;  0,2;  0,4;  0,2;  0,2;  0,2;  0,2;  0,4;  0,0;  4,7;  0,0;  0,1;  0,0;  0,0; 15,0;  0,2;  0,0;  0,0;0,1;0,0;---;32,2;82,4
  07/1994;  0,0;  0,3;  0,5;  0,0; 20,7; 15,9;  5,3;  0,0;  1,5;  0,0;  0,8;  0,0;  2,7;  0,1;  0,3;  0,3;  0,3;  0,1;  0,2;  0,2;  0,0;  0,1; 50,2;  2,2;  0,1;  0,0;  0,0;  0,3;0,3;0,0;0,0;50,2;102,4
  08/1994;  0,0;  0,0;  0,5;  0,2;  0,1;  0,5;  0,1;  0,1;  0,0;  0,2;  1,1;  0,1;  0,0;  0,0;  0,0;  0,1;  2,2;  0,3;  0,3;  0,3;  0,2;  0,3;  0,0;  0,0;  0,0;  0,0;  1,0;  0,1;0,1;0,1;0,2;2,2;8,1
  09/1994;  0,2;  0,0;  0,2;  0,0;  0,0;  0,0;  0,2;  0,2;  6,1;  6,3;  0,0;  0,0;  0,0;  0,0;  0,0;  0,5;  4,3;  0,0;  0,0;  0,0;  0,0;  0,0;  0,0;  0,0;  0,3;  0,0;  7,0;  2,7;0,0;0,0;---;7,0;28,0
  10/1994;  0,0;  0,0;  0,8; 12,6;  1,4;  0,0;  0,0;  0,0;  0,0;  0,0;  1,5;  5,8;  0,0;  0,0;  0,0;  0,5;  0,0;  2,7; 21,0;  0,0;  0,9;  3,7;  0,0;  0,9;  4,5;  6,4; 16,8; 10,5;4,1;---;---;---;---
  11/1994;  0,0;  7,1;  0,0;  0,0;  0,0;  6,1;  4,6;  5,9;  3,9; 23,0;  0,0;  0,0;  2,4;  2,1;  0,0;  0,0;  0,0; 36,3; 38,1;  3,9;  3,5;  0,0;  5,3;  2,3;  0,0;  0,0;  0,0;  0,0;0,0;0,0;---;38,1;144,5
  12/1994;  0,0;  0,0;  0,0;  0,0; 26,1;  9,4;  8,2;  0,8;  0,0;  0,0;  0,0;  0,0;  0,0;  0,3;  0,0; 10,3;  0,0; 18,8;  3,3;  5,1;  5,0; 55,0; 32,4;  0,0;  0,0;  0,0;  2,3;  0,0;0,0;2,1;5,4;55,0;184,5
  01/1995;  0,8;  0,0;  7,8;  0,0;  3,1;  0,0;169,0; 26,3; 12,3;  6,3; 66,1; 34,4; 77,3;  0,1;  0,5;  0,0;  0,0; 25,6; 12,6;  6,7; 14,7; 17,1;  7,8;  0,0;  0,3;  2,1;  0,0;  4,0;54,9;58,7;16,3;169,0;624,8
  02/1995; 25,0;123,5;262,9; 46,7;  6,6; 22,1;  0,3; 19,1; 49,5;  6,1; 19,4;  2,2; 16,0; 69,5;  7,4; 13,1;  0,0;  0,0;142,0; 10,6;  0,0;  0,0;  0,0;  1,0;  0,0;  0,0;  0,0;  0,0;---;---;---;262,9;843,0
  03/1995;  0,0;  0,0; 11,0;  0,0; 60,1; 15,5; 75,1;  0,1; 53,4;212,4;  0,0;  0,0;  0,0; 33,1; 20,1;  0,3;  0,2;  0,2;  0,2;  0,1;  0,1;  0,0;  0,0;  0,0;  8,5;  0,1;  0,1;  0,1;9,9;24,9;2,5;212,4;528,0
  04/1995;  0,0;  0,0;  0,0;  9,5;  2,1;  0,0;  0,3;  0,2;  0,0;  0,0;  0,0; 14,1;  0,0;  1,9;  0,9;  0,2;  0,1;  0,0;  0,0; 27,1;  8,9;  0,1;  0,1;  0,2;  0,3;  0,0;  0,1;  0,1;0,0;0,2;---;27,1;66,4
  05/1995;  0,0; 10,2;  0,2;  0,1;  0,1;  0,2; 30,7;  5,6;  0,0;  3,7;  0,1;  0,2;  0,2;  2,7;  0,0;  0,0;  0,1; 11,5; 10,3;  0,0;  0,1;  0,1;  0,0;  0,1;  0,2;  2,3;  0,1;  0,0;0,0;0,1;0,0;30,7;78,9
  06/1995;  0,0;  0,0;  0,1;  0,1;  0,1;  0,0;  0,0;  2,3;  0,0;  0,0;  0,2;  0,0;  0,1;  0,0;  0,8;  0,1;  0,1; 23,1;  8,3; 14,0;  4,9;  0,0;  0,0;  0,2; 25,8;  0,3;  0,3;  0,3;7,0;1,6;---;25,8;89,7
  07/1995;  0,3;  0,3;  2,4;  6,8;  0,3;  0,1;  0,1;  0,0; 10,6;  6,4;  0,3;  0,3;  0,2;  0,3;  0,1;  0,1;  0,0;  0,0;  0,0;  0,0; 12,5;  0,0;  0,1;  0,2;  0,3;  0,1;  0,0;  0,0;0,0;0,2;0,0;12,5;42,0
  08/1995;  0,7;  0,0;  0,0;  6,0; 16,0; 20,4;  0,0;  0,0;  0,0;  0,1;  0,1;  0,2;  0,1;  0,0;  0,0;  0,0;  0,2;  0,1;  0,1;  0,2;  5,1;  0,1;  0,2;  0,2;  0,1;  0,3;  0,2;  0,2;0,0;0,1;0,1;20,4;50,8
  09/1995;  0,2;  0,1;  0,1;  4,5;  5,1;  0,1;  0,1;  0,1;  0,2;  0,2;  0,2;  2,0;  5,4;  0,5;  0,2;  0,2;  0,2;  0,1;  0,1; 18,3;  5,0; 11,0; 25,3; 22,1;  1,6;  8,5; 27,5;  0,1;0,2;0,1;---;27,5;139,3
  10/1995;  0,2;  0,2;  0,1;  0,2;  0,1;  0,1;  0,2;  0,0; 24,7;  0,2;  0,1;  0,0;  0,0; 12,1;  0,0;  5,3; 42,7;  0,7; 32,8;  2,3;  0,0;  0,1;  0,1;  0,1;  0,2;  0,0;  0,0;  5,1;21,4;4,7;5,1;42,7;158,8
  11/1995; 77,2; 39,1;  5,4;  0,2;  0,1;  0,1;  0,2;  0,2;  0,0;  0,0;---;---;---;  0,1;  0,1;  0,0;  0,0;  2,3;  3,3;  9,0;  0,0;  0,0;  0,0;  2,7;  0,0;  0,0;  0,1; 30,6;0,0;0,0;---;---;---
  12/1995;  0,0;  0,0;  0,0;  0,6;  0,0;  0,6;  0,5;  0,0;  0,0;  0,0;  0,0;  2,3; 34,3;  0,0;  0,0;  0,0;  0,0;  0,0;  0,0;  0,0;  0,0;  0,0;  5,0; 88,7;  5,7;---;---; 96,4;5,8;2,3;7,7;---;---
  01/1996;---;---;---; 10,3;  0,0;  0,0;  0,0;  0,0;  0,0;  0,0;  0,0;  0,0;  0,0; 19,1; 51,5; 27,7; 36,1; 34,7;  0,0;  2,1;  1,9;  7,0;  9,1;  1,8;  0,0;  6,1;  1,8;  0,0;0,0;0,0;0,0;---;---
  02/1996;  1,4;  0,0; 57,1; 13,1;  2,0;  9,0; 40,0; 61,1;---;---;  0,0; 59,5; 32,2;  3,5;  5,2;  0,0;  0,0;  0,0;  0,0;  0,0;  0,0;  0,0;  0,0;  0,0; 11,7; 47,1;  2,7;  3,1;0,5;---;---;---;---
  03/1996;  5,2; 10,2;  5,7; 32,0;  5,7;  7,8; 13,5;  0,5;  7,7;  0,5;  6,0; 12,6;  5,5;  0,0;  0,0;  0,0;  0,0;  0,0;---;---;---; 12,3; 90,3;  2,2;  9,6;  0,0;  8,0;  7,6;0,0;3,5;0,0;---;---
  04/1996;  0,2; 22,5;  0,0;  0,0;  0,0;  0,0;  0,0; 25,6;  1,8;  0,0;177,1; 12,3;  0,0; 10,5;  3,3;  9,6;  7,1; 42,4;  0,0;  6,0;  6,4;  0,2;  4,3; 12,6;  6,7;  0,1;  0,1;  0,0;0,0;0,1;---;177,1;348,9
  05/1996;---;---;---;---;  0,2;  0,1;  0,1;  0,0;  0,1;  0,2; 11,2;  0,2;  0,2;  0,2;  0,1; 13,6;  0,9;  0,2;  0,2;  0,1;  0,2;  0,2;  0,0; 49,6; 20,9;  2,9;  0,2;  0,2;0,2;0,3;0,2;---;---
  06/1996;  1,9; 44,7;  0,3; 11,5; 21,3;  0,2;  0,2;  0,3;  0,3;  0,3;  0,2;  0,3;  0,4;  0,3;---;---;---;  0,3;  3,7;  0,2;  0,2;  0,1;  0,2;  0,0;  0,0;  0,0;  0,1;  0,2;0,1;3,8;---;---;---
  07/1996; 10,5;  0,0;  0,0;  0,0;  2,5;  3,2;  2,3; 17,7; 19,5;  0,6;  0,3;  0,3;  0,2;  0,2;  0,2;  0,3;  0,3;  0,3;  0,1;  0,2;  0,1;  0,1;  0,1;  0,2;  0,2;  0,2;  0,1;  7,6;0,1;0,1;0,2;19,5;67,7
  08/1996;  0,0;  0,0;  0,1;  0,2;  0,2;  0,2;  0,1;  0,1;  0,2; 30,8;  0,1;  0,1;  0,1;  0,2;  0,1;  0,1;  0,2;  0,2;  0,1;  0,2;  0,1;  0,0;  0,1;  0,1;  0,1;  0,2;  0,1;  1,6;5,7;0,2;3,6;30,8;45,1
  09/1996;  3,3;  0,2;  3,2; 27,3;---;---;---;---;---;---;---;---;---;---;---;---;---;---;---;---;---;---;---;---;---;---;---;---;---;---;---;---;---
  10/1996;  0,1;  0,1;  5,8; 12,7;  0,0;  0,0;  2,5;  0,0;  0,0;  0,0;  0,0;  0,0;---;---;  0,0;  0,0;  0,0;  0,0;  0,0; 25,0; 25,5;  0,5;  0,3;---;---;---;---;---;---;0,0;0,0;---;---
  11/1996;  2,9;  0,0;  0,0;  6,1;  0,1;  0,0;  0,1;  0,1;  0,0;  0,0;  3,1;---;---;---;---;---;---;  0,0;  0,7;  5,0; 15,5;  0,1;  0,1;  9,2; 12,5;  2,0;  0,1;  0,1;0,0;0,0;---;---;---
  12/1996;  0,1;  0,1;  1,2;  1,8;  9,9; 13,0;---;---;---;---;---;---;---;---;---;---;---;---;---;---;---; 18,6;---;---;---;---;---;---;---;---;---;---;---
  01/1997;---;---;---;---;---;---;---;---;---;---;---;---;---;---;---;---;---;---;---;---;---;---;---;---;  0,3;  2,9; 11,7; 11,9;0,0;0,0;0,0;---;---
  02/1997; 13,9;  0,3;  0,0;  0,0;  0,0;  0,0;  0,0;  0,0;  0,0;  0,0;---;---;---;  0,0; 29,5; 18,7;---;---;  0,0;  0,0; 10,1;  0,2;  1,4;  1,5;  0,6;  0,0;  0,0;  0,0;---;---;---;---;---
  03/1997;  6,0; 30,3;---;---;  0,3;  3,8;  6,1;  1,0;  0,0;  0,0;  2,6;  1,4;---;---;---;---;---;---;---;---;---;---;---;---;---;---;---;---;---;---;---;---;---
